"0","graph_dat = data.frame(Date=NA, grn_depth=NA, station=NA, sensor=NA, grntmp_amp=NA, solar_avg=NA, pred=NA)[numeric(0), ]"
"0","reg_models = c()"
"0",""
"0","dat = summer[,c(2,3,4,5,7,8)] %>% distinct() %>% filter(station == curstation) %>% "
"0","  filter(sensor != ""21362318"") %>% filter(!is.na(grndtmp_amp)) %>% "
"0","  filter(!is.na(solar_avg)) %>% filter(grn_depth %in% depths)"
"0",""
"0","for(new_depth in depths){"
"0","  "
"0","  new_model = dat %>% filter(grn_depth == new_depth)"
"0","  model = train(grndtmp_amp~solar_avg, new_model, method=""lm"", na.action = na.exclude)"
"0","  summary(model)"
"0","  pred <- predict(model, new_model, na.action = na.pass)"
"0","  model_pred = data.frame(new_model, pred)"
"0",""
"0","  p_value = round(pf(summary(model)$fstatistic[1], summary(model)$fstatistic[2],"
"0","                   summary(model)$fstatistic[3], lower.tail = FALSE),4)"
"0","  if(p_value == 0){"
"0","    p_value = ""<0.0001"""
"0","  }"
"0","  "
"0","  reg_model = rep(paste(""Simple Linear Regression"","
"0","                                   ""\ny = "",round(model$finalModel$coefficients[1],2),"" + "","
"0","                                   round(model$finalModel$coefficients[2],4),""(x)"","
"0","                                   ""\nR-Squared = "",round(model$results$Rsquared,4),"
"0","                                   ""\nRMSE = "",round(model$results$RMSE,4),"
"0","                                   ""\nF-Statistic = "",round(summary(model)$fstatistic[1],4),"" df = "","
"0","                                   round(summary(model)$fstatistic[2]), "", "", round(summary(model)$fstatistic[3]),"
"0","                                   ""\np-value = "",p_value,sep=""""), nrow(model_pred))"
"0","  "
"0","  model_pred = data.frame(model_pred, reg_model)"
"0","  graph_dat = rbind(graph_dat, model_pred)"
"0",""
"0","}"
