Line#,Date,"Wind Direction (S-WDA 21198259:21167037-1), *, RX3000_BRW1_TNHA","Wind Direction (RXW-WCF 21198259:21181033-3), *, RX3000_BRW1_TNHA","Wind Direction (RXW-WCF 21198259:21398709-3), *, RX3000_BRW1_TNHA","Wind Direction (RXW-WCF 21198259:21206909-3), *, RX3000_BRW1_TNHA","Wind Direction (RXW-WCF 21401801:21206911-3), *, RX3000_BRW4_SSMH","Wind Direction (RXW-WCF 21401801:21206912-3), *, RX3000_BRW4_SSMH","Wind Direction (RXW-WCF 21401801:21398711-3), *, RX3000_BRW4_SSMH","Wind Direction (S-WDA 21401801:21350820-1), *, RX3000_BRW4_SSMH","Wind Direction (S-WDA 21401803:21350855-1), *, RX3000_BRW6_BEO"
1,12/01/23 00:00:00,212,136,107,327,,,,260,
2,12/01/23 00:05:00,,,,,,,,258,
3,12/01/23 00:10:00,,,,,,,,260,168
4,12/01/23 00:15:00,,,,,,,,258,
5,12/01/23 00:20:00,,,,,,,,258,
6,12/01/23 00:25:00,,,,,,,,258,
7,12/01/23 00:30:00,,,,,,,,258,
8,12/01/23 00:35:00,,,,,,,,258,
9,12/01/23 00:40:00,,,,,,,,258,
10,12/01/23 00:45:00,,,,,,,,258,
11,12/01/23 00:50:00,,,,,,,,258,
12,12/01/23 00:55:00,,,,,,,,258,
13,12/01/23 01:00:00,213,125,107,310,,,,258,
14,12/01/23 01:05:00,,,,,,,,258,
15,12/01/23 01:10:00,,,,,,,,258,167
16,12/01/23 01:15:00,,,,,,,,258,
17,12/01/23 01:20:00,,,,,,,,258,
18,12/01/23 01:25:00,,,,,,,,257,
19,12/01/23 01:30:00,,,,,,,,256,
20,12/01/23 01:35:00,,,,,,,,256,
21,12/01/23 01:40:00,,,,,,,,230,
22,12/01/23 01:45:00,,,,,,,,194,
23,12/01/23 01:50:00,,,,,,,,187,
24,12/01/23 01:55:00,,,,,,,,187,
25,12/01/23 02:00:00,213,122,107,344,,,,184,
26,12/01/23 02:05:00,,,,,,,,175,
27,12/01/23 02:10:00,,,,,,,,195,167
28,12/01/23 02:15:00,,,,,,,,191,
29,12/01/23 02:20:00,,,,,,,,98,
30,12/01/23 02:25:00,,,,,,,,91,
31,12/01/23 02:30:00,,,,,,,,94,
32,12/01/23 02:35:00,,,,,,,,171,
33,12/01/23 02:40:00,,,,,,,,153,
34,12/01/23 02:45:00,,,,,,,,136,
35,12/01/23 02:50:00,,,,,,,,88,
36,12/01/23 02:55:00,,,,,,,,94,
37,12/01/23 03:00:00,340,126,112,119,,,,94,
38,12/01/23 03:05:00,,,,,,,,94,
39,12/01/23 03:10:00,,,,,,,,90,126
40,12/01/23 03:15:00,,,,,,,,83,
41,12/01/23 03:20:00,,,,,,,,81,
42,12/01/23 03:25:00,,,,,,,,90,
43,12/01/23 03:30:00,,,,,,,,76,
44,12/01/23 03:35:00,,,,,,,,102,
45,12/01/23 03:40:00,,,,,,,,104,
46,12/01/23 03:45:00,,,,,,,,114,
47,12/01/23 03:50:00,,,,,,,,108,
48,12/01/23 03:55:00,,,,,,,,73,
49,12/01/23 04:00:00,343,122,114,117,,,,63,
50,12/01/23 04:05:00,,,,,,,,72,
51,12/01/23 04:10:00,,,,,,,,79,97
52,12/01/23 04:15:00,,,,,,,,79,
53,12/01/23 04:20:00,,,,,,,,93,
54,12/01/23 04:25:00,,,,,,,,76,
55,12/01/23 04:30:00,,,,,,,,87,
56,12/01/23 04:35:00,,,,,,,,79,
57,12/01/23 04:40:00,,,,,,,,72,
58,12/01/23 04:45:00,,,,,,,,80,
59,12/01/23 04:50:00,,,,,,,,73,
60,12/01/23 04:55:00,,,,,,,,74,
61,12/01/23 05:00:00,344,121,107,118,,,,77,
62,12/01/23 05:05:00,,,,,,,,90,
63,12/01/23 05:10:00,,,,,,,,90,94
64,12/01/23 05:15:00,,,,,,,,98,
65,12/01/23 05:20:00,,,,,,,,87,
66,12/01/23 05:25:00,,,,,,,,98,
67,12/01/23 05:30:00,,,,,,,,76,
68,12/01/23 05:35:00,,,,,,,,101,
69,12/01/23 05:40:00,,,,,,,,88,
70,12/01/23 05:45:00,,,,,,,,100,
71,12/01/23 05:50:00,,,,,,,,77,
72,12/01/23 05:55:00,,,,,,,,84,
73,12/01/23 06:00:00,347,125,110,118,,,,122,
74,12/01/23 06:05:00,,,,,,,,97,
75,12/01/23 06:10:00,,,,,,,,100,97
76,12/01/23 06:15:00,,,,,,,,91,
77,12/01/23 06:20:00,,,,,,,,84,
78,12/01/23 06:25:00,,,,,,,,84,
79,12/01/23 06:30:00,,,,,,,,104,
80,12/01/23 06:35:00,,,,,,,,70,
81,12/01/23 06:40:00,,,,,,,,84,
82,12/01/23 06:45:00,,,,,,,,97,
83,12/01/23 06:50:00,,,,,,,,118,
84,12/01/23 06:55:00,,,,,,,,97,
85,12/01/23 07:00:00,345,128,107,118,,,,94,
86,12/01/23 07:05:00,,,,,,,,88,
87,12/01/23 07:10:00,,,,,,,,95,94
88,12/01/23 07:15:00,,,,,,,,83,
89,12/01/23 07:20:00,,,,,,,,79,
90,12/01/23 07:25:00,,,,,,,,84,
91,12/01/23 07:30:00,,,,,,,,101,
92,12/01/23 07:35:00,,,,,,,,104,
93,12/01/23 07:40:00,,,,,,,,83,
94,12/01/23 07:45:00,,,,,,,,93,
95,12/01/23 07:50:00,,,,,,,,81,
96,12/01/23 07:55:00,,,,,,,,81,
97,12/01/23 08:00:00,347,128,108,118,,,,80,
98,12/01/23 08:05:00,,,,,,,,91,
99,12/01/23 08:10:00,,,,,,,,73,94
100,12/01/23 08:15:00,,,,,,,,88,
101,12/01/23 08:20:00,,,,,,,,93,
102,12/01/23 08:25:00,,,,,,,,101,
103,12/01/23 08:30:00,,,,,,,,97,
104,12/01/23 08:35:00,,,,,,,,102,
105,12/01/23 08:40:00,,,,,,,,80,
106,12/01/23 08:45:00,,,,,,,,93,
107,12/01/23 08:50:00,,,,,,,,95,
108,12/01/23 08:55:00,,,,,,,,76,
109,12/01/23 09:00:00,351,132,111,119,,,,102,
110,12/01/23 09:05:00,,,,,,,,97,
111,12/01/23 09:10:00,,,,,,,,74,97
112,12/01/23 09:15:00,,,,,,,,77,
113,12/01/23 09:20:00,,,,,,,,81,
114,12/01/23 09:25:00,,,,,,,,80,
115,12/01/23 09:30:00,,,,,,,,67,
116,12/01/23 09:35:00,,,,,,,,73,
117,12/01/23 09:40:00,,,,,,,,87,
118,12/01/23 09:45:00,,,,,,,,80,
119,12/01/23 09:50:00,,,,,,,,83,
120,12/01/23 09:55:00,,,,,,,,87,
121,12/01/23 10:00:00,347,119,104,117,,,,101,
122,12/01/23 10:05:00,,,,,,,,84,
123,12/01/23 10:10:00,,,,,,,,91,98
124,12/01/23 10:15:00,,,,,,,,80,
125,12/01/23 10:20:00,,,,,,,,86,
126,12/01/23 10:25:00,,,,,,,,84,
127,12/01/23 10:30:00,,,,,,,,97,
128,12/01/23 10:35:00,,,,,,,,81,
129,12/01/23 10:40:00,,,,,,,,65,
130,12/01/23 10:45:00,,,,,,,,73,
131,12/01/23 10:50:00,,,,,,,,88,
132,12/01/23 10:55:00,,,,,,,,81,
133,12/01/23 11:00:00,343,119,101,115,,,,69,
134,12/01/23 11:05:00,,,,,,,,69,
135,12/01/23 11:10:00,,,,,,,,79,94
136,12/01/23 11:15:00,,,,,,,,70,
137,12/01/23 11:20:00,,,,,,,,66,
138,12/01/23 11:25:00,,,,,,,,69,
139,12/01/23 11:30:00,,,,,,,,76,
140,12/01/23 11:35:00,,,,,,,,73,
141,12/01/23 11:40:00,,,,,,,,77,
142,12/01/23 11:45:00,,,,,,,,104,
143,12/01/23 11:50:00,,,,,,,,94,
144,12/01/23 11:55:00,,,,,,,,83,
145,12/01/23 12:00:00,336,131,105,111,,,,65,
146,12/01/23 12:05:00,,,,,,,,73,
147,12/01/23 12:10:00,,,,,,,,77,86
148,12/01/23 12:15:00,,,,,,,,74,
149,12/01/23 12:20:00,,,,,,,,77,
150,12/01/23 12:25:00,,,,,,,,63,
151,12/01/23 12:30:00,,,,,,,,72,
152,12/01/23 12:35:00,,,,,,,,77,
153,12/01/23 12:40:00,,,,,,,,70,
154,12/01/23 12:45:00,,,,,,,,70,
155,12/01/23 12:50:00,,,,,,,,67,
156,12/01/23 12:55:00,,,,,,,,74,
157,12/01/23 13:00:00,338,135,100,110,,,,80,
158,12/01/23 13:05:00,,,,,,,,60,
159,12/01/23 13:10:00,,,,,,,,74,90
160,12/01/23 13:15:00,,,,,,,,69,
161,12/01/23 13:20:00,,,,,,,,83,
162,12/01/23 13:25:00,,,,,,,,76,
163,12/01/23 13:30:00,,,,,,,,83,
164,12/01/23 14:00:00,337,136,108,118,,,,,
165,12/01/23 14:10:00,,,,,,,,,93
166,12/01/23 15:00:00,329,135,93,115,,,,,
167,12/01/23 15:10:00,,,,,,,,,86
168,12/01/23 16:00:00,319,140,95,110,,,,,
169,12/01/23 16:10:00,,,,,,,,,81
170,12/01/23 17:00:00,316,136,88,108,,,,,
171,12/01/23 17:10:00,,,,,,,,,0
172,12/01/23 18:00:00,316,125,87,108,,,,,
173,12/01/23 18:10:00,,,,,,,,,0
174,12/01/23 19:00:00,327,136,102,49,,,,,
175,12/01/23 19:10:00,,,,,,,,,-888.88
176,12/01/23 20:00:00,324,142,126,102,,,,,
177,12/01/23 20:10:00,,,,,,,,,-888.88
178,12/01/23 21:00:00,340,136,122,102,,,,,
179,12/01/23 21:10:00,,,,,,,,,-888.88
180,12/01/23 22:00:00,324,139,118,101,,,,,
181,12/01/23 22:10:00,,,,,,,,,0
182,12/01/23 23:00:00,313,139,128,98,,,,,
183,12/01/23 23:10:00,,,,,,,,,-888.88
184,12/02/23 00:00:00,288,143,121,86,,,,,
185,12/02/23 00:10:00,,,,,,,,,0
186,12/02/23 01:00:00,291,139,122,94,,,,,
187,12/02/23 01:10:00,,,,,,,,,0
188,12/02/23 02:00:00,303,147,119,8,,,,,
189,12/02/23 03:00:00,296,157,114,1,,,,,
190,12/02/23 04:00:00,282,133,114,348,,,,,
191,12/02/23 04:10:00,,,,,,,152,,
192,12/02/23 04:20:00,,,,,,20,152,,
193,12/02/23 05:00:00,218,132,112,58,,,,,
194,12/02/23 05:25:00,,,,,,63,72,,
195,12/02/23 06:00:00,218,122,121,309,,,,,
196,12/02/23 06:40:00,,,,,,108,,,
197,12/02/23 06:45:00,,,,,,101,,,
198,12/02/23 06:50:00,,,,,,,97,,
199,12/02/23 07:00:00,232,129,122,307,,100,83,,
200,12/02/23 08:00:00,219,131,129,300,,,,,
201,12/02/23 08:45:00,,,,,,,72,,
202,12/02/23 09:00:00,218,118,145,241,,,,,
203,12/02/23 09:10:00,,,,,,100,74,,
204,12/02/23 09:25:00,,,,,,,77,,
205,12/02/23 09:55:00,,,,,,143,84,,
206,12/02/23 10:00:00,223,118,143,289,,,,,
207,12/02/23 11:00:00,219,125,139,291,,,,,
208,12/02/23 12:00:00,218,133,156,278,,,,,
209,12/02/23 13:00:00,212,128,129,299,,,,,
210,12/02/23 14:00:00,209,118,173,295,,,,,
211,12/02/23 15:00:00,212,115,163,300,,,,,
212,12/02/23 16:00:00,216,119,159,285,,,,,
213,12/02/23 17:00:00,213,124,178,307,,,,,
214,12/02/23 18:00:00,218,121,118,300,,,,,
215,12/02/23 19:00:00,218,129,174,278,,,,,
216,12/02/23 20:00:00,218,133,171,209,,,,,
217,12/02/23 21:00:00,218,136,163,171,,,,,
218,12/02/23 22:00:00,216,153,164,126,,,,,
219,12/02/23 23:00:00,216,136,173,129,,,,,
220,12/03/23 00:00:00,215,139,157,114,,,,,
221,12/03/23 01:00:00,213,121,147,118,,,,,
222,12/03/23 02:00:00,211,118,124,126,,,,,
223,12/03/23 03:00:00,209,128,126,126,,,67,,
224,12/03/23 03:10:00,,,,,,247,69,,
225,12/03/23 03:15:00,,,,,,250,69,,
226,12/03/23 03:20:00,,,,,,234,,,
227,12/03/23 03:25:00,,,,,,254,65,,
228,12/03/23 03:30:00,,,,,,,69,,
229,12/03/23 03:35:00,,,,,,243,65,,
230,12/03/23 03:50:00,,,,,,234,65,,
231,12/03/23 04:00:00,206,128,122,128,,230,,,
232,12/03/23 04:05:00,,,,,,222,,,
233,12/03/23 04:10:00,,,,,,247,65,,
234,12/03/23 04:15:00,,,,,,223,62,,
235,12/03/23 04:20:00,,,,,,240,,,
236,12/03/23 04:25:00,,,,,,236,62,,
237,12/03/23 04:30:00,,,,,,,65,,
238,12/03/23 04:35:00,,,,,,256,60,,
239,12/03/23 04:40:00,,,,,,240,,,
240,12/03/23 04:45:00,,,,,,,58,,
241,12/03/23 05:00:00,205,139,124,128,,,,,
242,12/03/23 05:05:00,,,,,,243,58,,
243,12/03/23 05:10:00,,,,,,244,,,
244,12/03/23 05:20:00,,,,,,,58,,
245,12/03/23 05:25:00,,,,,,234,58,,
246,12/03/23 05:35:00,,,,,,227,65,,
247,12/03/23 06:00:00,205,146,124,129,,,63,,
248,12/03/23 06:05:00,,,,,,,58,,
249,12/03/23 06:10:00,,,,,,254,,,
250,12/03/23 06:15:00,,,,,,246,67,,
251,12/03/23 06:35:00,,,,,,270,,,
252,12/03/23 06:40:00,,,,,,243,69,,
253,12/03/23 07:00:00,206,147,122,129,,,,,
254,12/03/23 07:15:00,,,,,,,62,,
255,12/03/23 07:20:00,,,,,,226,,,
256,12/03/23 07:25:00,,,,,,,56,,
257,12/03/23 07:40:00,,,,,,243,58,,
258,12/03/23 07:50:00,,,,,,229,46,,
259,12/03/23 07:55:00,,,,,,230,,,
260,12/03/23 08:00:00,205,143,128,128,,,,,
261,12/03/23 08:05:00,,,,,,230,,,
262,12/03/23 08:10:00,,,,,,,63,,
263,12/03/23 08:35:00,,,,,,,53,,
264,12/03/23 08:40:00,,,,,,223,46,,
265,12/03/23 08:45:00,,,,,,240,58,,
266,12/03/23 08:50:00,,,,,,219,,,
267,12/03/23 09:00:00,201,153,135,126,,,,,
268,12/03/23 09:05:00,,,,,,,59,,
269,12/03/23 09:15:00,,,,,,239,,,
270,12/03/23 09:20:00,,,,,,,66,,
271,12/03/23 09:25:00,,,,,,244,69,,
272,12/03/23 09:30:00,,,,,,244,,,
273,12/03/23 09:35:00,,,,,,220,,,
274,12/03/23 09:40:00,,,,,,261,74,,
275,12/03/23 10:00:00,208,174,125,128,,,,,
276,12/03/23 10:10:00,,,,,,254,77,,
277,12/03/23 10:40:00,,,,,,,80,,
278,12/03/23 10:45:00,,,,,,,76,,
279,12/03/23 10:50:00,,,,,,254,79,,
280,12/03/23 10:55:00,,,,,,229,80,,
281,12/03/23 11:00:00,209,167,131,126,,,,,
282,12/03/23 11:05:00,,,,,,241,74,,
283,12/03/23 11:10:00,,,,,,,80,,
284,12/03/23 11:15:00,,,,,,230,81,,
285,12/03/23 11:20:00,,,,,,236,77,,
286,12/03/23 11:25:00,,,,,,218,76,,
287,12/03/23 11:30:00,,,,,,,76,,
288,12/03/23 11:45:00,,,,,,142,93,,
289,12/03/23 11:50:00,,,,,,,88,,
290,12/03/23 12:00:00,212,163,138,124,,,,,
291,12/03/23 12:05:00,,,,,,,93,,
292,12/03/23 12:25:00,,,,,,,86,,
293,12/03/23 12:30:00,,,,,,188,87,,
294,12/03/23 12:35:00,,,,,,102,,,
295,12/03/23 12:40:00,,,,,,,87,,
296,12/03/23 12:45:00,,,,,,94,94,,
297,12/03/23 12:50:00,,,,,,177,,,
298,12/03/23 12:55:00,,,,,,188,,,
299,12/03/23 13:00:00,213,161,160,119,,124,90,,
300,12/03/23 13:05:00,,,,,,88,,,
301,12/03/23 13:10:00,,,,,,95,,,
302,12/03/23 13:20:00,,,,,,167,88,,
303,12/03/23 13:25:00,,,,,,93,,,
304,12/03/23 13:35:00,,,,,,,93,,
305,12/03/23 13:40:00,,,,,,,91,,
306,12/03/23 14:00:00,213,145,153,118,,,,,
307,12/03/23 14:05:00,,,,,,,104,,
308,12/03/23 14:15:00,,,,,,,95,,
309,12/03/23 14:20:00,,,,,,250,,,
310,12/03/23 14:25:00,,,,,,220,84,,
311,12/03/23 14:30:00,,,,,,244,,,
312,12/03/23 14:40:00,,,,,,105,,,
313,12/03/23 14:45:00,,,,,,112,,,
314,12/03/23 14:50:00,,,,,,111,95,,
315,12/03/23 14:55:00,,,,,,100,101,,
316,12/03/23 15:00:00,215,180,161,115,,,,,
317,12/03/23 15:05:00,,,,,,,90,,
318,12/03/23 15:10:00,,,,,,244,,,
319,12/03/23 15:15:00,,,,,,239,80,,
320,12/03/23 15:25:00,,,,,,351,87,,
321,12/03/23 15:30:00,,,,,,,94,,
322,12/03/23 15:50:00,,,,,,124,97,,
323,12/03/23 16:00:00,213,175,157,119,,,,,
324,12/03/23 16:05:00,,,,,,265,,,
325,12/03/23 16:15:00,,,,,,,94,,
326,12/03/23 16:50:00,,,,,,153,80,,
327,12/03/23 17:00:00,213,163,156,121,,,,,
328,12/03/23 17:45:00,,,,,,230,,,
329,12/03/23 18:00:00,208,171,131,126,,,,,
330,12/03/23 19:00:00,194,160,143,126,,,,,
331,12/03/23 19:10:00,,,,,,,48,,
332,12/03/23 19:15:00,,,,,,,45,,
333,12/03/23 19:20:00,,,,,,229,46,,
334,12/03/23 19:30:00,,,,,,232,,,
335,12/03/23 19:35:00,,,,,,229,41,,
336,12/03/23 19:40:00,,,,,,,52,,
337,12/03/23 19:45:00,,,,,,233,46,,
338,12/03/23 19:50:00,,,,,,239,45,,
339,12/03/23 19:55:00,,,,,,236,,,
340,12/03/23 20:00:00,91,157,153,125,,,,,
341,12/03/23 20:05:00,,,,,,222,51,,
342,12/03/23 20:10:00,,,,,,229,51,,
343,12/03/23 20:15:00,,,,,,223,,,
344,12/03/23 21:00:00,15,159,147,125,,,,,
345,12/03/23 22:00:00,195,159,143,125,,,,,
346,12/03/23 23:00:00,13,163,146,125,,,,,
347,12/04/23 00:00:00,358,174,156,124,,,,,
348,12/04/23 01:00:00,6,166,160,124,,,,,
349,12/04/23 02:00:00,354,154,160,125,,,,,
350,12/04/23 02:20:00,,,,,,226,37,,
351,12/04/23 02:25:00,,,,,,215,27,,
352,12/04/23 02:30:00,,,,,,216,27,,
353,12/04/23 02:35:00,,,,,,220,27,,
354,12/04/23 02:40:00,,,,,,,27,,
355,12/04/23 02:50:00,,,,,,,35,,
356,12/04/23 02:55:00,,,,,,226,,,
357,12/04/23 03:00:00,95,111,166,124,,215,34,,
358,12/04/23 03:05:00,,,,,,208,,,
359,12/04/23 03:10:00,,,,,,,32,,
360,12/04/23 03:20:00,,,,,,211,42,,
361,12/04/23 04:00:00,357,104,163,125,,,,,
362,12/04/23 04:20:00,,,,,,,31,,
363,12/04/23 04:35:00,,,,,,,45,,
364,12/04/23 04:45:00,,,,,,,38,,
365,12/04/23 04:55:00,,,,,,,55,,
366,12/04/23 05:00:00,222,104,150,125,,248,49,,
367,12/04/23 05:05:00,,,,,,,48,,
368,12/04/23 05:40:00,,,,,,239,46,,
369,12/04/23 05:45:00,,,,,,,44,,
370,12/04/23 05:55:00,,,,,,232,35,,
371,12/04/23 06:00:00,209,107,147,128,,,42,,
372,12/04/23 06:45:00,,,,,,216,42,,
373,12/04/23 06:50:00,,,,,,,41,,
374,12/04/23 06:55:00,,,,,,230,,,
375,12/04/23 07:00:00,204,101,147,126,,,41,,
376,12/04/23 07:05:00,,,,,,220,32,,
377,12/04/23 07:10:00,,,,,,216,28,,
378,12/04/23 07:15:00,,,,,,216,,,
379,12/04/23 07:20:00,,,,,,211,,,
380,12/04/23 07:25:00,,,,,,206,31,,
381,12/04/23 07:30:00,,,,,,205,31,,
382,12/04/23 07:35:00,,,,,,,31,,
383,12/04/23 07:40:00,,,,,,201,15,,
384,12/04/23 08:00:00,1,95,154,124,,,,,
385,12/04/23 08:45:00,,,,,,250,,,
386,12/04/23 08:50:00,,,,,,251,,,
387,12/04/23 09:00:00,306,98,146,122,,251,63,,
388,12/04/23 09:05:00,,,,,,,63,,
389,12/04/23 09:10:00,,,,,,248,63,,
390,12/04/23 09:15:00,,,,,,,63,,
391,12/04/23 09:30:00,,,,,,,72,,
392,12/04/23 09:35:00,,,,,,244,,,
393,12/04/23 09:40:00,,,,,,247,63,,
394,12/04/23 09:50:00,,,,,,246,,,
395,12/04/23 10:00:00,212,107,132,114,,,,,
396,12/04/23 10:05:00,,,,,,,70,,
397,12/04/23 10:50:00,,,,,,246,72,,
398,12/04/23 10:55:00,,,,,,,70,,
399,12/04/23 11:00:00,219,102,114,114,,,,,
400,12/04/23 11:05:00,,,,,,246,70,,
401,12/04/23 11:10:00,,,,,,246,,,
402,12/04/23 11:15:00,,,,,,,72,,
403,12/04/23 11:20:00,,,,,,,70,,
404,12/04/23 11:25:00,,,,,,,70,,
405,12/04/23 12:00:00,204,100,117,122,,,,,
406,12/04/23 13:00:00,204,98,117,125,,,,,
407,12/04/23 13:15:00,,,,,,239,70,,
408,12/04/23 13:20:00,,,,,,,70,,
409,12/04/23 13:25:00,,,,,,239,,,
410,12/04/23 13:30:00,,,,,,,70,,
411,12/04/23 13:35:00,,,,,,239,,,
412,12/04/23 13:40:00,,,,,,239,70,,
413,12/04/23 13:45:00,,,,,,241,,,
414,12/04/23 13:50:00,,,,,,243,72,,
415,12/04/23 13:55:00,,,,,,243,,,
416,12/04/23 14:00:00,205,95,112,125,,,70,,
417,12/04/23 14:05:00,,,,,,240,,,
418,12/04/23 14:10:00,,,,,,240,70,,
419,12/04/23 14:20:00,,,,,,222,,,
420,12/04/23 15:00:00,205,94,114,125,,,,,
421,12/04/23 15:15:00,,,,,,222,70,,
422,12/04/23 15:20:00,,,,,,222,70,,
423,12/04/23 15:30:00,,,,,,,70,,
424,12/04/23 15:35:00,,,,,,222,,,
425,12/04/23 15:40:00,,,,,,222,72,,
426,12/04/23 15:45:00,,,,,,,72,,
427,12/04/23 15:55:00,,,,,,222,72,,
428,12/04/23 16:00:00,205,91,121,126,,218,70,,
429,12/04/23 16:05:00,,,,,,218,70,,
430,12/04/23 16:20:00,,,,,,218,72,,
431,12/04/23 16:25:00,,,,,,218,72,,
432,12/04/23 16:30:00,,,,,,218,72,,
433,12/04/23 16:35:00,,,,,,,72,,
434,12/04/23 16:45:00,,,,,,218,,,
435,12/04/23 17:00:00,199,90,124,128,,,,,
436,12/04/23 18:00:00,204,88,124,125,,,,,
437,12/04/23 19:00:00,208,90,128,124,,,,,
438,12/04/23 20:00:00,206,90,128,126,,,,,
439,12/04/23 21:00:00,204,90,131,126,,,,,
440,12/04/23 22:00:00,204,90,132,128,,,,,
441,12/04/23 23:00:00,211,88,149,125,,,,,
442,12/05/23 00:00:00,211,88,156,125,,,,,
443,12/05/23 01:00:00,211,105,143,124,,,,,
444,12/05/23 02:00:00,213,135,128,118,,,,,
445,12/05/23 03:00:00,211,114,111,121,,,,,
446,12/05/23 04:00:00,201,108,112,128,,,,,
447,12/05/23 05:00:00,201,104,140,128,,,,,
448,12/05/23 06:00:00,202,101,125,128,,,,,
449,12/05/23 06:30:00,,,,,,,49,,
450,12/05/23 06:40:00,,,,,,,60,,
451,12/05/23 06:50:00,,,,,,,52,,
452,12/05/23 06:55:00,,,,,,,53,,
453,12/05/23 07:00:00,201,100,138,126,,,,,
454,12/05/23 08:00:00,199,98,139,128,,,,,
455,12/05/23 08:20:00,,,,,,,77,,
456,12/05/23 08:30:00,,,,,,212,80,,
457,12/05/23 09:00:00,212,122,156,124,,,,,
458,12/05/23 09:55:00,,,,,,264,,,
459,12/05/23 10:00:00,211,244,147,124,,,,,
460,12/05/23 11:00:00,211,110,153,125,,,,,
461,12/05/23 12:00:00,209,98,147,128,,,,,
462,12/05/23 13:00:00,209,97,139,125,,,,,
463,12/05/23 14:00:00,212,95,138,124,,,,,
464,12/05/23 14:20:00,,,,,,,101,,
465,12/05/23 15:00:00,216,98,178,114,,,,,
466,12/05/23 16:00:00,216,100,190,240,,,,,
467,12/05/23 16:05:00,,,,,,,108,,
468,12/05/23 17:00:00,219,98,168,279,,,,,
469,12/05/23 18:00:00,219,100,170,243,,,,,
470,12/05/23 19:00:00,230,100,129,299,,,,,
471,12/05/23 20:00:00,225,100,122,302,,,,,
472,12/05/23 21:00:00,225,101,126,293,,,,,
473,12/05/23 22:00:00,229,101,131,302,,,,,
474,12/05/23 23:00:00,222,102,145,291,,,,,
475,12/06/23 00:00:00,232,104,128,303,,,,,
476,12/06/23 01:00:00,226,104,135,298,,,,,
477,12/06/23 02:00:00,234,100,122,302,,,,,
478,12/06/23 03:00:00,265,101,119,302,,,,,
479,12/06/23 04:00:00,261,101,119,303,,,,,
480,12/06/23 05:00:00,299,102,115,302,,,,,
481,12/06/23 06:00:00,279,102,110,302,,,,,
482,12/06/23 07:00:00,306,101,118,310,,,,,
483,12/06/23 08:00:00,309,101,118,313,,,,,
484,12/06/23 09:00:00,309,102,115,314,,,,,
485,12/06/23 10:00:00,306,105,124,314,,,,,
486,12/06/23 11:00:00,303,102,119,314,,,,,
487,12/06/23 12:00:00,227,104,118,314,,,,,
488,12/06/23 13:00:00,226,104,119,314,,,,,
489,12/06/23 14:00:00,230,104,115,314,,,,,
490,12/06/23 15:00:00,226,104,105,314,,,,,
491,12/06/23 16:00:00,253,102,114,312,,,,,
492,12/06/23 17:00:00,251,104,117,302,,,,,
493,12/06/23 18:00:00,270,104,115,302,,,,,
494,12/06/23 19:00:00,312,101,114,302,,,,,
495,12/06/23 20:00:00,260,102,119,303,,,,,
496,12/06/23 21:00:00,225,104,119,300,,,,,
497,12/06/23 22:00:00,227,104,125,300,,,,,
498,12/06/23 23:00:00,226,104,124,299,,,,,
499,12/07/23 00:00:00,226,102,122,300,,,,,
500,12/07/23 01:00:00,227,102,125,300,,,,,
501,12/07/23 02:00:00,227,105,125,300,,,,,
502,12/07/23 03:00:00,229,104,126,300,,,,,
503,12/07/23 04:00:00,230,104,128,302,,,,,
504,12/07/23 05:00:00,232,104,125,302,,,,,
505,12/07/23 06:00:00,223,115,128,291,,,,,
506,12/07/23 07:00:00,257,110,118,302,,,,,
507,12/07/23 08:00:00,232,111,124,305,,,,,
508,12/07/23 09:00:00,302,108,117,312,,,,,
509,12/07/23 10:00:00,225,101,122,299,,,,,
510,12/07/23 11:00:00,220,114,111,305,,,,,
511,12/07/23 12:00:00,298,110,114,306,,,,,
512,12/07/23 13:00:00,240,105,114,306,,,,,
513,12/07/23 14:00:00,213,110,117,310,,,,,
514,12/07/23 15:00:00,220,114,108,324,,,,,
515,12/07/23 16:00:00,220,119,107,320,,,,,
516,12/07/23 17:00:00,220,135,108,317,,,,,
517,12/07/23 18:00:00,223,101,114,312,,,,,
518,12/07/23 19:00:00,309,108,118,309,,,,,
519,12/07/23 20:00:00,306,135,117,307,,,,,
520,12/07/23 21:00:00,292,121,112,299,,,,,
521,12/07/23 22:00:00,258,125,122,302,,,,,
522,12/07/23 23:00:00,312,122,115,299,,,,,
523,12/08/23 00:00:00,341,119,167,133,,,,,
524,12/08/23 01:00:00,321,117,277,138,,,,,
525,12/08/23 02:00:00,321,104,284,138,,,,,
526,12/08/23 03:00:00,321,104,284,138,,,,,
527,12/08/23 04:00:00,321,102,284,112,,,,,
528,12/08/23 05:00:00,314,108,80,107,,,,,
529,12/08/23 06:00:00,316,146,86,111,,,,,
530,12/08/23 07:00:00,227,108,114,102,,,,,
531,12/08/23 08:00:00,264,107,119,209,,,,,
532,12/08/23 09:00:00,319,112,122,211,,,,,
533,12/08/23 10:00:00,309,105,124,195,,,,,
534,12/08/23 11:00:00,330,107,122,125,,,,,
535,12/08/23 12:00:00,340,121,133,58,,,,,
536,12/08/23 13:00:00,345,119,131,62,,,,,
537,12/08/23 14:00:00,357,119,161,13,,,,,
538,12/08/23 15:00:00,357,119,170,6,,,,,
539,12/08/23 16:00:00,351,119,205,102,,,,,
540,12/08/23 17:00:00,337,119,161,95,,,,,
541,12/08/23 18:00:00,355,122,167,112,,,,,
542,12/08/23 19:00:00,345,117,128,115,,,,,
543,12/08/23 20:00:00,323,112,125,121,,,,,
544,12/08/23 21:00:00,329,112,125,122,,,,,
545,12/08/23 22:00:00,329,122,125,124,,,,,
546,12/08/23 23:00:00,306,119,125,114,,,,,
547,12/09/23 00:00:00,319,119,70,72,,,,,
548,12/09/23 01:00:00,319,,39,326,,,,,
549,12/09/23 02:00:00,291,,15,91,,,,,
550,12/09/23 03:00:00,215,,32,323,,,,,
551,12/09/23 04:00:00,320,,291,326,,,,,
552,12/09/23 05:00:00,319,,303,326,,,,,
553,12/09/23 06:00:00,324,,313,320,,,,,
554,12/09/23 07:00:00,341,,296,320,,,,,
555,12/09/23 08:00:00,350,,296,326,,,,,
556,12/09/23 09:00:00,330,,292,15,,,,,
557,12/09/23 10:00:00,333,,306,324,,,,,
558,12/09/23 11:00:00,11,,305,312,,,,,
559,12/09/23 12:00:00,6,,300,310,,,,,
560,12/09/23 13:00:00,350,,281,312,,,,,
561,12/09/23 14:00:00,345,,310,44,,,,,
562,12/09/23 15:00:00,330,,1,104,,,,,
563,12/09/23 16:00:00,248,,37,118,,,,,
564,12/09/23 17:00:00,278,,76,128,,,,,
565,12/09/23 18:00:00,298,,122,279,,,,,
566,12/09/23 19:00:00,313,,121,216,,,,,
567,12/09/23 20:00:00,298,,124,132,,,,,
568,12/09/23 21:00:00,295,,125,132,,,,,
569,12/09/23 22:00:00,306,,122,132,,,,,
570,12/09/23 23:00:00,300,,121,132,,,,,
571,12/10/23 00:00:00,305,,121,111,,,,,
572,12/10/23 01:00:00,314,,117,83,,,,,
573,12/10/23 02:00:00,305,,124,51,,,,,
574,12/10/23 03:00:00,296,,121,59,,,,,
575,12/10/23 04:00:00,316,,101,100,,,,,
576,12/10/23 05:00:00,323,,94,108,,,,,
577,12/10/23 06:00:00,13,,118,124,,,,,
578,12/10/23 07:00:00,326,,118,117,,,,,
579,12/10/23 08:00:00,340,,77,93,,,,,
580,12/10/23 09:00:00,310,,101,115,,,,,
581,12/10/23 10:00:00,194,,90,118,,,,,
582,12/10/23 11:00:00,272,,108,124,,,,,
583,12/10/23 12:00:00,317,,117,124,,,,,
584,12/10/23 13:00:00,317,,124,124,,,,,
585,12/10/23 14:00:00,1,,128,124,,,,,
586,12/10/23 15:00:00,285,,115,124,,,,,
587,12/10/23 16:00:00,277,,121,121,,,,,
588,12/10/23 17:00:00,213,,119,118,,,,,
589,12/10/23 18:00:00,237,,112,14,,,,,
590,12/10/23 19:00:00,302,,115,309,,,,,
591,12/10/23 20:00:00,336,,119,299,,,,,
592,12/10/23 21:00:00,320,,118,299,,,,,
593,12/10/23 22:00:00,324,,124,306,,,,,
594,12/10/23 23:00:00,334,,133,295,,,,,
595,12/11/23 00:00:00,347,,178,168,,,,,
596,12/11/23 01:00:00,306,,213,122,,,,,
597,12/11/23 02:00:00,312,,128,345,,,,,
598,12/11/23 03:00:00,331,,118,105,,,,,
599,12/11/23 04:00:00,215,,94,125,,,,,
600,12/11/23 05:00:00,317,,105,121,,,,,
601,12/11/23 06:00:00,341,,108,121,,,,,
602,12/11/23 07:00:00,358,,104,124,,,,,
603,12/11/23 08:00:00,327,,90,118,,,,,
604,12/11/23 09:00:00,216,,119,119,,,,,
605,12/11/23 10:00:00,201,,125,128,,,,,
606,12/11/23 11:00:00,208,,156,128,,,,,
607,12/11/23 12:00:00,212,,150,122,,,,,
608,12/11/23 13:00:00,219,,139,124,,,,,
609,12/11/23 14:00:00,211,,135,112,,,,,
610,12/11/23 15:00:00,206,,135,124,,,,,
611,12/11/23 16:00:00,208,,133,124,,,,,
612,12/11/23 17:00:00,205,,135,122,,,,,
613,12/11/23 18:00:00,204,,135,125,,,,,
614,12/11/23 19:00:00,201,,135,125,,,,,
615,12/11/23 20:00:00,206,,135,125,,,,,
616,12/11/23 21:00:00,25,,146,125,,,,,
617,12/11/23 22:00:00,6,,122,124,,,,,
618,12/11/23 23:00:00,1,,129,125,,,,,
619,12/12/23 00:00:00,201,,147,125,,,,,
620,12/12/23 01:00:00,156,,178,125,,,,,
621,12/12/23 02:00:00,281,,177,124,,,,,
622,12/12/23 03:00:00,201,,177,125,,,,,
623,12/12/23 04:00:00,206,,177,124,,,,,
624,12/12/23 05:00:00,206,,177,124,,,,,
625,12/12/23 06:00:00,197,,177,125,,,,,
626,12/12/23 07:00:00,202,,177,126,,,,,
627,12/12/23 08:00:00,205,,177,126,,,,,
628,12/12/23 09:00:00,204,,177,126,,,,,
629,12/12/23 10:00:00,204,,177,128,,,,,
630,12/12/23 11:00:00,188,,170,126,,,,,
631,12/12/23 12:00:00,201,,166,128,,,,,
632,12/12/23 13:00:00,201,,163,128,,,,,
633,12/12/23 14:00:00,3,,117,124,,,,,
634,12/12/23 15:00:00,329,,105,121,,,,,
635,12/12/23 16:00:00,323,,98,121,,,,,
636,12/12/23 17:00:00,329,,100,118,,,,,
637,12/12/23 18:00:00,327,,102,118,,,,,
638,12/12/23 19:00:00,3,,122,124,,,,,
639,12/12/23 20:00:00,44,,152,125,,,,,
640,12/12/23 21:00:00,24,,159,125,,,,,
641,12/12/23 22:00:00,18,,152,125,,,,,
642,12/12/23 23:00:00,14,,129,124,,,,,
643,12/13/23 00:00:00,15,,132,124,,,,,
644,12/13/23 01:00:00,330,,114,121,,,,,
645,12/13/23 02:00:00,331,,112,119,,,,,
646,12/13/23 03:00:00,329,,114,119,,,,,
647,12/13/23 04:00:00,323,,108,121,,,,,
648,12/13/23 05:00:00,264,,146,125,,,,,
649,12/13/23 06:00:00,15,,143,124,,,,,
650,12/13/23 07:00:00,10,,160,125,,,,,
651,12/13/23 08:00:00,8,,142,124,,,,,
652,12/13/23 09:00:00,341,,111,122,,,,,
653,12/13/23 10:00:00,11,,128,124,,,,,
654,12/13/23 11:00:00,6,,125,124,,,,,
655,12/13/23 12:00:00,321,,93,119,,,,,
656,12/13/23 13:00:00,323,,94,119,,,,,
657,12/13/23 14:00:00,334,,102,121,,,,,
658,12/13/23 15:00:00,326,,102,121,,,,,
659,12/13/23 16:00:00,331,,101,122,,,,,
660,12/13/23 17:00:00,326,,97,119,,,,,
661,12/13/23 18:00:00,331,,108,114,,,,,
662,12/13/23 19:00:00,331,,101,111,,,,,
663,12/13/23 20:00:00,333,,102,115,,,,,
664,12/13/23 21:00:00,331,,11,76,,,,,
665,12/13/23 22:00:00,324,,340,73,,,,,
666,12/13/23 23:00:00,327,,83,101,,,,,
667,12/14/23 00:00:00,333,,72,97,,,,,
668,12/14/23 01:00:00,327,,337,66,,,,,
669,12/14/23 02:00:00,324,,329,51,,,,,
670,12/14/23 03:00:00,333,,352,74,,,,,
671,12/14/23 04:00:00,327,,29,73,,,,,
672,12/14/23 05:00:00,319,,343,7,,,,,
673,12/14/23 06:00:00,338,,306,333,,,,,
674,12/14/23 07:00:00,337,,303,326,,,,,
675,12/14/23 08:00:00,327,,302,350,,,,,
676,12/14/23 09:00:00,327,,309,7,,,,,
677,12/14/23 10:00:00,326,,303,358,,,,,
678,12/14/23 11:00:00,330,,307,51,,,,,
679,12/14/23 12:00:00,330,,299,336,,,,,
680,12/14/23 13:00:00,340,,289,330,,,,,
681,12/14/23 14:00:00,338,,291,320,,,,,
682,12/14/23 15:00:00,326,,292,333,,,,,
683,12/14/23 16:00:00,337,,285,319,,,,,
684,12/14/23 17:00:00,334,,288,329,,,,,
685,12/14/23 18:00:00,321,,296,354,,,,,
686,12/14/23 19:00:00,326,,289,338,,,,,
687,12/14/23 20:00:00,324,,331,60,,,,,
688,12/14/23 21:00:00,320,,319,48,,,,,
689,12/14/23 22:00:00,316,,320,79,,,,,
690,12/14/23 23:00:00,329,,101,115,,,,,
691,12/15/23 00:00:00,313,,101,117,,,,,
692,12/15/23 01:00:00,321,,107,108,,,,,
693,12/15/23 02:00:00,327,,105,115,,,,,
694,12/15/23 03:00:00,323,,94,117,,,,,
695,12/15/23 04:00:00,309,,95,119,,,,,
696,12/15/23 05:00:00,247,,98,115,,,,,
697,12/15/23 06:00:00,198,,110,121,,,,,
698,12/15/23 07:00:00,198,,112,126,,,,,
699,12/15/23 08:00:00,171,,117,126,,,,,
700,12/15/23 09:00:00,183,,118,126,,,,,
701,12/15/23 10:00:00,194,,124,126,,,,,
702,12/15/23 11:00:00,345,,124,124,,,,,
703,12/15/23 12:00:00,24,,118,125,,,,,
704,12/15/23 13:00:00,330,,118,121,,,,,
705,12/15/23 14:00:00,321,,108,115,,,,,
706,12/15/23 15:00:00,329,,104,121,,,,,
707,12/15/23 16:00:00,354,,121,125,,,,,
708,12/15/23 17:00:00,184,,135,125,,,,,
709,12/15/23 18:00:00,215,,142,111,,,,,
710,12/15/23 19:00:00,213,,145,121,,,,,
711,12/15/23 20:00:00,211,,143,122,,,,,
712,12/15/23 21:00:00,218,,126,117,,,,,
713,12/15/23 22:00:00,213,,125,119,,,,,
714,12/15/23 23:00:00,209,,119,121,,,,,
715,12/16/23 00:00:00,220,,119,111,,,,,
716,12/16/23 01:00:00,225,,119,97,,,,,
717,12/16/23 02:00:00,234,,119,310,,,,,
718,12/16/23 03:00:00,232,,119,312,,,,,
719,12/16/23 04:00:00,232,,119,312,,,,,
720,12/16/23 05:00:00,227,,119,15,,,,,
721,12/16/23 06:00:00,201,,119,124,,,,,
722,12/16/23 07:00:00,201,,119,124,,,,,
723,12/16/23 08:00:00,205,,119,122,,,,,
724,12/16/23 09:00:00,198,,119,125,,,,,
725,12/16/23 10:00:00,208,,129,122,,,,,
726,12/16/23 11:00:00,216,,129,119,,,,,
727,12/16/23 12:00:00,211,,111,115,,,,,
728,12/16/23 13:00:00,206,,105,112,,,,,
729,12/16/23 14:00:00,211,,119,118,,,,,
730,12/16/23 15:00:00,0,,128,125,,,,,
731,12/16/23 16:00:00,316,,132,122,,,,,
732,12/16/23 17:00:00,314,,132,122,,,,,
733,12/16/23 18:00:00,320,,132,122,,,,,
734,12/16/23 19:00:00,285,,129,121,,,,,
735,12/16/23 20:00:00,333,,104,117,,,,,
736,12/16/23 21:00:00,313,,122,124,,,,,
737,12/16/23 22:00:00,17,,135,124,,,,,
738,12/16/23 23:00:00,194,,153,126,,,,,
739,12/17/23 00:00:00,195,,154,126,,,,,
740,12/17/23 01:00:00,185,,150,126,,,,,
741,12/17/23 02:00:00,25,,145,125,,,,,
742,12/17/23 03:00:00,20,,154,125,,,,,
743,12/17/23 04:00:00,17,,152,125,,,,,
744,12/17/23 05:00:00,18,,143,125,,,,,
745,12/17/23 06:00:00,14,,128,124,,,,,
746,12/17/23 07:00:00,10,,111,124,,,,,
747,12/17/23 08:00:00,11,,149,125,,,,,
748,12/17/23 09:00:00,307,,147,124,,,,,
749,12/17/23 10:00:00,324,,107,111,,,,,
750,12/17/23 11:00:00,324,,104,111,,,,,
751,12/17/23 12:00:00,321,,90,100,,,,,
752,12/17/23 13:00:00,323,,70,94,,,,,
753,12/17/23 14:00:00,314,,102,117,,,,,
754,12/17/23 15:00:00,317,,102,121,,,,,
755,12/17/23 16:00:00,341,,102,122,,,,,
756,12/17/23 17:00:00,268,,102,124,,,,,
757,12/17/23 18:00:00,13,,102,124,,,,,
758,12/17/23 19:00:00,350,,102,122,,,,,
759,12/17/23 20:00:00,337,,97,122,,,,,
760,12/17/23 21:00:00,204,,97,122,,,,,
761,12/17/23 22:00:00,209,,97,122,,,,,
762,12/17/23 23:00:00,187,,95,124,,,,,
763,12/18/23 00:00:00,190,,95,125,,,,,
764,12/18/23 01:00:00,201,,98,124,,,,,
765,12/18/23 02:00:00,211,,100,124,,,,,
766,12/18/23 03:00:00,220,,108,118,,,,,
767,12/18/23 04:00:00,222,,108,305,,,,,
768,12/18/23 05:00:00,239,,111,303,,,,,
769,12/18/23 06:00:00,271,,117,303,,,,,
770,12/18/23 07:00:00,208,,117,131,,,,,
771,12/18/23 08:00:00,215,,121,117,,,,,
772,12/18/23 09:00:00,218,,126,115,,,,,
773,12/18/23 10:00:00,216,,129,122,,,,,
774,12/18/23 11:00:00,211,,146,122,,,,,
775,12/18/23 12:00:00,216,,146,115,,,,,
776,12/18/23 13:00:00,219,,136,330,,,,,
777,12/18/23 14:00:00,218,,126,119,,,,,
778,12/18/23 15:00:00,222,,131,300,,,,,
779,12/18/23 16:00:00,229,,129,300,,,,,
780,12/18/23 17:00:00,260,,111,305,,,,,
781,12/18/23 18:00:00,232,,117,303,,,,,
782,12/18/23 19:00:00,226,,119,303,,,,,
783,12/18/23 20:00:00,225,,122,303,,,,,
784,12/18/23 21:00:00,227,,118,305,,,,,
785,12/18/23 22:00:00,226,,124,309,,,,,
786,12/18/23 23:00:00,227,,119,303,,,,,
787,12/19/23 00:00:00,218,,112,306,,,,,
788,12/19/23 01:00:00,219,,115,319,,,,,
789,12/19/23 02:00:00,220,,104,316,,,,,
790,12/19/23 03:00:00,223,,121,302,,,,,
791,12/19/23 04:00:00,220,,121,302,,,,,
792,12/19/23 05:00:00,270,,115,248,,,,,
793,12/19/23 06:00:00,296,,121,251,,,,,
794,12/19/23 07:00:00,295,,115,256,,,,,
795,12/19/23 08:00:00,291,,128,263,,,,,
796,12/19/23 09:00:00,317,,117,263,,,,,
797,12/19/23 10:00:00,309,,118,263,,,,,
798,12/19/23 11:00:00,316,,136,258,,,,,
799,12/19/23 12:00:00,277,,122,256,,,,,
800,12/19/23 13:00:00,263,,125,256,,,,,
801,12/19/23 14:00:00,251,,125,240,,,,,
802,12/19/23 15:00:00,223,,117,219,,,,,
803,12/19/23 16:00:00,241,,110,282,,,,,
804,12/19/23 17:00:00,293,,112,282,,,,,
805,12/19/23 18:00:00,302,,112,282,,,,,
806,12/19/23 19:00:00,303,,112,281,,,,,
807,12/19/23 20:00:00,337,,119,281,,,,,
808,12/19/23 21:00:00,324,,125,281,,,,,
809,12/19/23 22:00:00,312,,112,295,,,,,
810,12/19/23 23:00:00,307,,119,298,,,,,
811,12/20/23 00:00:00,307,,115,300,,,,,
812,12/20/23 01:00:00,230,,117,303,,,,,
813,12/20/23 02:00:00,229,,121,302,,,,,
814,12/20/23 03:00:00,227,,122,300,,,,,
815,12/20/23 04:00:00,227,,119,302,,,,,
816,12/20/23 05:00:00,226,,118,302,,,,,
817,12/20/23 06:00:00,226,,115,302,,,,,
818,12/20/23 07:00:00,226,,118,302,,,,,
819,12/20/23 08:00:00,227,,118,302,,,,,
820,12/20/23 08:50:00,,,,,,,,,197
821,12/20/23 09:00:00,223,,118,302,,,,,
822,12/20/23 09:55:00,,,,,,,,,192
823,12/20/23 10:00:00,225,,118,302,,,,,
824,12/20/23 10:25:00,,,,,,,,,195
825,12/20/23 11:00:00,225,,117,305,,,,,
826,12/20/23 12:00:00,270,,111,307,,,,,
827,12/20/23 12:30:00,,,,,,,,,201
828,12/20/23 13:00:00,300,,108,303,,,,,
829,12/20/23 14:00:00,226,,110,305,,,,,
830,12/20/23 15:00:00,225,,107,307,,,,,
831,12/20/23 16:00:00,222,,115,309,,,,,
832,12/20/23 17:00:00,218,,118,309,,,,,
833,12/20/23 18:00:00,275,,110,307,,,,,
834,12/20/23 19:00:00,225,,119,305,,,,,
835,12/20/23 20:00:00,209,,139,119,,,,,
836,12/20/23 21:00:00,211,,146,124,,,,,
837,12/20/23 22:00:00,212,,146,115,,,,,
838,12/20/23 23:00:00,215,,145,118,,,,,
839,12/21/23 00:00:00,215,,140,119,,,,,
840,12/21/23 01:00:00,215,,142,119,,,,,
841,12/21/23 02:00:00,215,,142,119,,,,,
842,12/21/23 03:00:00,215,,142,119,,,,,
843,12/21/23 04:00:00,215,,142,119,,,,,
844,12/21/23 05:00:00,215,,142,119,,,,,
845,12/21/23 06:00:00,215,,142,115,,,,,
846,12/21/23 07:00:00,215,,142,114,,,,,
847,12/21/23 08:00:00,215,,142,114,,,,,
848,12/21/23 09:00:00,215,,142,114,,,,,
849,12/21/23 10:00:00,215,,142,114,,,,,
850,12/21/23 11:00:00,219,,142,114,,,,,
851,12/21/23 12:00:00,222,,142,104,,,,,
852,12/21/23 13:00:00,220,,115,65,,,,,
853,12/21/23 14:00:00,223,,101,4,,,,,
854,12/21/23 15:00:00,227,,104,6,,,,,
855,12/21/23 16:00:00,205,,111,112,,,,,
856,12/21/23 17:00:00,190,,111,125,,,,,
857,12/21/23 18:00:00,187,,111,125,,,,,
858,12/21/23 19:00:00,190,,111,126,,,,,
859,12/21/23 20:00:00,291,,111,125,,,,,
860,12/21/23 21:00:00,300,,111,108,,,,,
861,12/21/23 22:00:00,286,,105,10,,,,,
862,12/21/23 23:00:00,229,,105,105,,,,,
863,12/22/23 00:00:00,232,,108,121,,,,,
864,12/22/23 01:00:00,213,,102,122,,,,,
865,12/22/23 01:30:00,,,,,,,,,122
866,12/22/23 02:00:00,211,,101,125,,,,,
867,12/22/23 03:00:00,271,,102,115,,,,,
868,12/22/23 04:00:00,314,,329,326,,,,,
869,12/22/23 05:00:00,340,,302,312,,,,,
870,12/22/23 06:00:00,306,,303,330,,,,,
871,12/22/23 07:00:00,313,,302,15,,,,,
872,12/22/23 08:00:00,323,,305,310,,,,,
873,12/22/23 09:00:00,336,,309,343,,,,,
874,12/22/23 09:25:00,,,,,,,,,17
875,12/22/23 10:00:00,333,,312,331,,,,,
876,12/22/23 10:55:00,,,,,,,,,125
877,12/22/23 11:00:00,326,,313,70,,,,,
878,12/22/23 12:00:00,205,,313,125,,,,,
879,12/22/23 13:00:00,205,,314,125,,,,,
880,12/22/23 13:05:00,,,,,,,,,138
881,12/22/23 14:00:00,202,,314,126,,,,,
882,12/22/23 14:15:00,,,,,,,,,142
883,12/22/23 14:35:00,,,,,,,,,159
884,12/22/23 15:00:00,216,,8,110,,,,,
885,12/22/23 15:30:00,,,,,,,,,145
886,12/22/23 15:50:00,,,,,,,,,149
887,12/22/23 16:00:00,220,,110,100,,,,,
888,12/22/23 17:00:00,212,,117,118,,,,,
889,12/22/23 17:55:00,,,,,,,,,140
890,12/22/23 18:00:00,212,,115,119,,,,,
891,12/22/23 19:00:00,211,,118,122,,,,,
892,12/22/23 19:20:00,,,,,,,,,117
893,12/22/23 19:45:00,,,,,,,,,112
894,12/22/23 20:00:00,208,,119,125,,,,,
895,12/22/23 21:00:00,313,,118,124,,,,,
896,12/22/23 21:05:00,,,,,,,,,145
897,12/22/23 22:00:00,202,,118,126,,,,,
898,12/22/23 23:00:00,198,,118,126,,,,,
899,12/23/23 00:00:00,195,,118,126,,,,,
900,12/23/23 01:00:00,209,,118,117,,,,,
901,12/23/23 02:00:00,201,,118,126,,,,,
902,12/23/23 02:45:00,,,,,,,,,122
903,12/23/23 03:00:00,194,,118,126,,,,,
904,12/23/23 04:00:00,195,,118,125,,,,,
905,12/23/23 05:00:00,197,,118,124,,,,,
906,12/23/23 06:00:00,181,,118,124,,,,,
907,12/23/23 07:00:00,142,,118,125,,,,,
908,12/23/23 08:00:00,197,,115,105,,,,,
909,12/23/23 09:00:00,285,,104,307,,,,,
910,12/23/23 10:00:00,225,,107,305,,,,,
911,12/23/23 11:00:00,218,,110,303,,,,,
912,12/23/23 12:00:00,218,,108,310,,,,,
913,12/23/23 13:00:00,222,,100,309,,,,,
914,12/23/23 14:00:00,305,,111,307,,,,,
915,12/23/23 15:00:00,314,,114,216,,,,,
916,12/23/23 16:00:00,319,,112,327,,,,,
917,12/23/23 17:00:00,208,,112,307,,,,,
918,12/23/23 18:00:00,253,,112,112,,,,,
919,12/23/23 19:00:00,211,,139,118,,,,,
920,12/23/23 20:00:00,204,,145,126,,,,,
921,12/23/23 21:00:00,209,,145,122,,,,,
922,12/23/23 22:00:00,211,,156,124,,,,,
923,12/23/23 23:00:00,211,,150,125,,,,,
924,12/24/23 00:00:00,206,,133,128,,,,,
925,12/24/23 01:00:00,204,,133,128,,,,,
926,12/24/23 02:00:00,204,,133,126,,,,,
927,12/24/23 03:00:00,202,,131,128,,,,,
928,12/24/23 04:00:00,201,,132,128,,,,,
929,12/24/23 05:00:00,204,,124,128,,,,,
930,12/24/23 06:00:00,202,,125,128,,,,,
931,12/24/23 07:00:00,201,,131,128,,,,,
932,12/24/23 08:00:00,204,,128,128,,,,,
933,12/24/23 09:00:00,204,,131,128,,,,,
934,12/24/23 10:00:00,204,,131,128,,,,,
935,12/24/23 11:00:00,204,,135,126,,,,,
936,12/24/23 12:00:00,201,,142,126,,,,,
937,12/24/23 13:00:00,201,,136,128,,,,,
938,12/24/23 14:00:00,199,,140,126,,,,,
939,12/24/23 15:00:00,201,,140,126,,,,,
940,12/24/23 16:00:00,195,,142,126,,,,,
941,12/24/23 17:00:00,184,,149,126,,,,,
942,12/24/23 18:00:00,31,,153,125,,,,,
943,12/24/23 19:00:00,187,,149,126,,,,,
944,12/24/23 20:00:00,21,,159,125,,,,,
945,12/24/23 21:00:00,192,,147,126,,,,,
946,12/24/23 21:55:00,,,,,,,,,126
947,12/24/23 22:00:00,149,,150,125,,,,,
948,12/24/23 22:55:00,,,,,,,,,129
949,12/24/23 23:00:00,198,,142,126,,,,,
950,12/24/23 23:55:00,,,,,,,,,129
951,12/25/23 00:00:00,202,,132,126,,,,,
952,12/25/23 00:55:00,,,,,,,,,131
953,12/25/23 01:00:00,197,,136,126,,,,,
954,12/25/23 01:55:00,,,,,,,,,135
955,12/25/23 02:00:00,202,,136,126,,,,,
956,12/25/23 02:55:00,,,,,,,,,133
957,12/25/23 03:00:00,202,,132,128,,,,,
958,12/25/23 03:55:00,,,,,,,,,132
959,12/25/23 04:00:00,199,,136,126,,,,,
960,12/25/23 04:55:00,,,,,,,,,124
961,12/25/23 05:00:00,22,,159,125,,,,,
962,12/25/23 05:55:00,,,,,,,,,121
963,12/25/23 06:00:00,13,,157,125,,,,,
964,12/25/23 06:55:00,,,,,,,,,118
965,12/25/23 07:00:00,22,,159,125,,,,,
966,12/25/23 07:55:00,,,,,,,,,115
967,12/25/23 08:00:00,20,,150,125,,,,,
968,12/25/23 08:55:00,,,,,,,,,118
969,12/25/23 09:00:00,18,,153,125,,,,,
970,12/25/23 09:55:00,,,,,,,,,124
971,12/25/23 10:00:00,15,,161,125,,,,,
972,12/25/23 10:55:00,,,,,,,,,121
973,12/25/23 11:00:00,147,,170,125,,,,,
974,12/25/23 11:55:00,,,,,,,,,118
975,12/25/23 12:00:00,194,,170,124,,,,,
976,12/25/23 12:55:00,,,,,,,,,119
977,12/25/23 13:00:00,199,,170,124,,,,,
978,12/25/23 13:55:00,,,,,,,,,118
979,12/25/23 14:00:00,202,,170,124,,,,,
980,12/25/23 14:55:00,,,,,,,,,119
981,12/25/23 15:00:00,327,,139,124,,,,,
982,12/25/23 15:55:00,,,,,,,,,265
983,12/25/23 16:00:00,331,,128,129,,,,,
984,12/25/23 16:55:00,,,,,,,,,264
985,12/25/23 17:00:00,329,,126,129,,,,,
986,12/25/23 17:55:00,,,,,,,,,281
987,12/25/23 18:00:00,324,,264,128,,,,,
988,12/25/23 18:55:00,,,,,,,,,284
989,12/25/23 19:00:00,320,,284,128,,,,,
990,12/25/23 19:55:00,,,,,,,,,282
991,12/25/23 20:00:00,321,,281,128,,,,,
992,12/25/23 20:55:00,,,,,,,,,292
993,12/25/23 21:00:00,334,,274,128,,,,,
994,12/25/23 21:55:00,,,,,,,,,288
995,12/25/23 22:00:00,341,,303,310,,,,,
996,12/25/23 22:55:00,,,,,,,,,355
997,12/25/23 23:00:00,333,,296,314,,,,,
998,12/25/23 23:55:00,,,,,,,,,351
999,12/26/23 00:00:00,331,,298,313,,,,,
1000,12/26/23 00:55:00,,,,,,,,,251
1001,12/26/23 01:00:00,324,,324,317,,,,,
1002,12/26/23 01:55:00,,,,,,,,,286
1003,12/26/23 02:00:00,350,,167,125,,,,,
1004,12/26/23 02:55:00,,,,,,,,,288
1005,12/26/23 03:00:00,21,,284,125,,,,,
1006,12/26/23 03:55:00,,,,,,,,,270
1007,12/26/23 04:00:00,21,,282,125,,,,,
1008,12/26/23 04:55:00,,,,,,,,,274
1009,12/26/23 05:00:00,21,,282,125,,,,,
1010,12/26/23 05:55:00,,,,,,,,,312
1011,12/26/23 06:00:00,8,,282,6,,,,,
1012,12/26/23 06:55:00,,,,,,,,,32
1013,12/26/23 07:00:00,330,,272,79,,,,,
1014,12/26/23 07:55:00,,,,,,,,,49
1015,12/26/23 08:00:00,331,,302,63,,,,,
1016,12/26/23 08:55:00,,,,,,,,,52
1017,12/26/23 09:00:00,323,,313,65,,,,,
1018,12/26/23 09:55:00,,,,,,,,,77
1019,12/26/23 10:00:00,320,,49,102,,,,,
1020,12/26/23 10:55:00,,,,,,,,,60
1021,12/26/23 11:00:00,329,,53,93,,,,,
1022,12/26/23 11:55:00,,,,,,,,,77
1023,12/26/23 12:00:00,321,,94,114,,,,,
1024,12/26/23 12:55:00,,,,,,,,,95
1025,12/26/23 13:00:00,334,,111,121,,,,,
1026,12/26/23 13:55:00,,,,,,,,,87
1027,12/26/23 14:00:00,334,,139,122,,,,,
1028,12/26/23 14:55:00,,,,,,,,,77
1029,12/26/23 15:00:00,320,,129,115,,,,,
1030,12/26/23 15:55:00,,,,,,,,,69
1031,12/26/23 16:00:00,320,,101,117,,,,,
1032,12/26/23 16:55:00,,,,,,,,,62
1033,12/26/23 17:00:00,317,,102,97,,,,,
1034,12/26/23 17:55:00,,,,,,,,,53
1035,12/26/23 18:00:00,330,,197,66,,,,,
1036,12/26/23 18:55:00,,,,,,,,,49
1037,12/26/23 19:00:00,327,,299,24,,,,,
1038,12/26/23 19:55:00,,,,,,,,,53
1039,12/26/23 20:00:00,331,,305,29,,,,,
1040,12/26/23 20:55:00,,,,,,,,,51
1041,12/26/23 21:00:00,327,,305,27,,,,,
1042,12/26/23 21:55:00,,,,,,,,,41
1043,12/26/23 22:00:00,331,,291,338,,,,,
1044,12/26/23 22:55:00,,,,,,,,,22
1045,12/26/23 23:00:00,336,,275,320,,,,,
1046,12/26/23 23:55:00,,,,,,,,,8
1047,12/27/23 00:00:00,338,,282,310,,,,,
1048,12/27/23 00:55:00,,,,,,,,,4
1049,12/27/23 01:00:00,331,,286,310,,,,,
1050,12/27/23 01:55:00,,,,,,,,,358
1051,12/27/23 02:00:00,334,,291,309,,,,,
1052,12/27/23 02:55:00,,,,,,,,,354
1053,12/27/23 03:00:00,323,,292,309,,,,,
1054,12/27/23 03:55:00,,,,,,,,,354
1055,12/27/23 04:00:00,317,,292,309,,,,,
1056,12/27/23 04:55:00,,,,,,,,,344
1057,12/27/23 05:00:00,314,,299,309,,,,,
1058,12/27/23 05:55:00,,,,,,,,,341
1059,12/27/23 06:00:00,312,,302,309,,,,,
1060,12/27/23 06:55:00,,,,,,,,,340
1061,12/27/23 07:00:00,320,,303,309,,,,,
1062,12/27/23 07:55:00,,,,,,,,,337
1063,12/27/23 08:00:00,314,,306,309,,,,,
1064,12/27/23 08:55:00,,,,,,,,,338
1065,12/27/23 09:00:00,4,,306,309,,,,,
1066,12/27/23 09:55:00,,,,,,,,,329
1067,12/27/23 10:00:00,1,,306,309,,,,,
1068,12/27/23 10:55:00,,,,,,,,,327
1069,12/27/23 11:00:00,358,,306,310,,,,,
1070,12/27/23 11:55:00,,,,,,,,,331
1071,12/27/23 12:00:00,355,,306,310,,,,,
1072,12/27/23 12:55:00,,,,,,,,,337
1073,12/27/23 13:00:00,336,,300,309,,,,,
1074,12/27/23 13:55:00,,,,,,,,,321
1075,12/27/23 14:00:00,336,,307,309,,,,,
1076,12/27/23 14:55:00,,,,,,,,,313
1077,12/27/23 15:00:00,337,,292,309,,,,,
1078,12/27/23 15:55:00,,,,,,,,,313
1079,12/27/23 16:00:00,337,,291,309,,,,,
1080,12/27/23 16:55:00,,,,,,,,,313
1081,12/27/23 17:00:00,337,,291,309,,,,,
1082,12/27/23 17:55:00,,,,,,,,,313
1083,12/27/23 18:00:00,337,,291,310,,,,,
1084,12/27/23 18:55:00,,,,,,,,,312
1085,12/27/23 19:00:00,334,,195,310,,,,,
1086,12/27/23 19:55:00,,,,,,,,,312
1087,12/27/23 20:00:00,330,,114,309,,,,,
1088,12/27/23 20:55:00,,,,,,,,,312
1089,12/27/23 21:00:00,330,,114,309,,,,,
1090,12/27/23 21:55:00,,,,,,,,,312
1091,12/27/23 22:00:00,312,,114,310,,,,,
1092,12/27/23 22:55:00,,,,,,,,,312
1093,12/27/23 23:00:00,208,,119,319,,,,,
1094,12/27/23 23:55:00,,,,,,,,,286
1095,12/28/23 00:00:00,226,,131,319,,,,,
1096,12/28/23 00:55:00,,,,,,,,,205
1097,12/28/23 01:00:00,305,,107,329,,,,,
1098,12/28/23 01:55:00,,,,,,,,,188
1099,12/28/23 02:00:00,240,,121,319,,,,,
1100,12/28/23 02:55:00,,,,,,,,,164
1101,12/28/23 03:00:00,233,,117,305,,,,,
1102,12/28/23 03:55:00,,,,,,,,,184
1103,12/28/23 04:00:00,225,,114,306,,,,,
1104,12/28/23 04:55:00,,,,,,,,,178
1105,12/28/23 05:00:00,216,,125,323,,,,,
1106,12/28/23 05:55:00,,,,,,,,,171
1107,12/28/23 06:00:00,223,,133,300,,,,,
1108,12/28/23 06:55:00,,,,,,,,,181
1109,12/28/23 07:00:00,226,,115,303,,,,,
1110,12/28/23 07:55:00,,,,,,,,,188
1111,12/28/23 08:00:00,248,,117,303,,,,,
1112,12/28/23 08:55:00,,,,,,,,,181
1113,12/28/23 09:00:00,225,,119,303,,,,,
1114,12/28/23 09:55:00,,,,,,,,,181
1115,12/28/23 10:00:00,226,,117,305,,,,,
1116,12/28/23 10:55:00,,,,,,,,,183
1117,12/28/23 11:00:00,226,,119,305,,,,,
1118,12/28/23 11:55:00,,,,,,,,,178
1119,12/28/23 12:00:00,226,,122,305,,,,,
1120,12/28/23 12:55:00,,,,,,,,,173
1121,12/28/23 13:00:00,223,,140,303,,,,,
1122,12/28/23 13:55:00,,,,,,,,,180
1123,12/28/23 14:00:00,219,,135,310,,,,,
1124,12/28/23 14:55:00,,,,,,,,,173
1125,12/28/23 15:00:00,218,,178,306,,,,,
1126,12/28/23 15:55:00,,,,,,,,,167
1127,12/28/23 16:00:00,216,,205,303,,,,,
1128,12/28/23 16:55:00,,,,,,,,,168
1129,12/28/23 17:00:00,213,,188,307,,,,,
1130,12/28/23 17:55:00,,,,,,,,,168
1131,12/28/23 18:00:00,215,,150,306,,,,,
1132,12/28/23 18:55:00,,,,,,,,,174
1133,12/28/23 19:00:00,218,,121,309,,,,,
1134,12/28/23 19:55:00,,,,,,,,,181
1135,12/28/23 20:00:00,229,,111,314,,,,,
1136,12/28/23 20:55:00,,,,,,,,,184
1137,12/28/23 21:00:00,258,,111,310,,,,,
1138,12/28/23 21:55:00,,,,,,,,,187
1139,12/28/23 22:00:00,247,,110,310,,,,,
1140,12/28/23 22:55:00,,,,,,,,,194
1141,12/28/23 23:00:00,291,,115,314,,,,,
1142,12/28/23 23:55:00,,,,,,,,,194
1143,12/29/23 00:00:00,274,,118,314,,,,,
1144,12/29/23 00:55:00,,,,,,,,,195
1145,12/29/23 01:00:00,282,,119,317,,,,,
1146,12/29/23 01:55:00,,,,,,,,,195
1147,12/29/23 02:00:00,299,,118,320,,,,,
1148,12/29/23 02:55:00,,,,,,,,,195
1149,12/29/23 03:00:00,298,,115,29,,,,,
1150,12/29/23 03:55:00,,,,,,,,,202
1151,12/29/23 04:00:00,320,,132,94,,,,,
1152,12/29/23 04:55:00,,,,,,,,,208
1153,12/29/23 05:00:00,313,,124,44,,,,,
1154,12/29/23 05:55:00,,,,,,,,,208
1155,12/29/23 06:00:00,316,,181,104,,,,,
1156,12/29/23 06:55:00,,,,,,,,,208
1157,12/29/23 07:00:00,285,,254,118,,,,,
1158,12/29/23 07:55:00,,,,,,,,,208
1159,12/29/23 08:00:00,234,,272,79,,,,,
1160,12/29/23 08:55:00,,,,,,,,,208
1161,12/29/23 09:00:00,146,,260,63,,,,,
1162,12/29/23 09:55:00,,,,,,,,,209
1163,12/29/23 10:00:00,34,,265,51,,,,,
1164,12/29/23 10:55:00,,,,,,,,,209
1165,12/29/23 11:00:00,194,,260,84,,,,,
1166,12/29/23 11:55:00,,,,,,,,,209
1167,12/29/23 12:00:00,202,,260,20,,,,,
1168,12/29/23 12:55:00,,,,,,,,,209
1169,12/29/23 13:00:00,13,,253,329,,,,,
1170,12/29/23 13:55:00,,,,,,,,,209
1171,12/29/23 14:00:00,17,,285,324,,,,,
1172,12/29/23 14:55:00,,,,,,,,,209
1173,12/29/23 15:00:00,357,,248,15,,,,,
1174,12/29/23 15:55:00,,,,,,,,,209
1175,12/29/23 16:00:00,299,,121,13,,,,,
1176,12/29/23 16:55:00,,,,,,,,,209
1177,12/29/23 17:00:00,298,,121,14,,,,,
1178,12/29/23 17:55:00,,,,,,,,,209
1179,12/29/23 18:00:00,298,,121,11,,,,,
1180,12/29/23 18:55:00,,,,,,,,,209
1181,12/29/23 19:00:00,298,,121,15,,,,,
1182,12/29/23 19:55:00,,,,,,,,,209
1183,12/29/23 20:00:00,298,,121,347,,,,,
1184,12/29/23 20:55:00,,,,,,,,,209
1185,12/29/23 21:00:00,298,,121,4,,,,,
1186,12/29/23 21:55:00,,,,,,,,,209
1187,12/29/23 22:00:00,305,,121,357,,,,,
1188,12/29/23 22:55:00,,,,,,,,,209
1189,12/29/23 23:00:00,357,,125,324,,,,,
1190,12/29/23 23:55:00,,,,,,,,,209
1191,12/30/23 00:00:00,357,,125,324,,,,,
1192,12/30/23 00:55:00,,,,,,,,,209
1193,12/30/23 01:00:00,357,,125,324,,,,,
1194,12/30/23 01:55:00,,,,,,,,,209
1195,12/30/23 02:00:00,357,,125,327,,,,,
1196,12/30/23 02:55:00,,,,,,,,,209
1197,12/30/23 03:00:00,357,,126,34,,,,,
1198,12/30/23 03:55:00,,,,,,,,,208
1199,12/30/23 04:00:00,357,,131,53,,,,,
1200,12/30/23 04:55:00,,,,,,,,,208
1201,12/30/23 05:00:00,357,,131,100,,,,,
1202,12/30/23 05:55:00,,,,,,,,,208
1203,12/30/23 06:00:00,357,,131,112,,,,,
1204,12/30/23 06:55:00,,,,,,,,,208
1205,12/30/23 07:00:00,357,,131,107,,,,,
1206,12/30/23 07:55:00,,,,,,,,,208
1207,12/30/23 08:00:00,357,,131,98,,,,,
1208,12/30/23 08:55:00,,,,,,,,,208
1209,12/30/23 09:00:00,357,,131,110,,,,,
1210,12/30/23 09:55:00,,,,,,,,,208
1211,12/30/23 10:00:00,357,,131,102,,,,,
1212,12/30/23 10:55:00,,,,,,,,,206
1213,12/30/23 11:00:00,357,,131,107,,,,,
1214,12/30/23 11:55:00,,,,,,,,,206
1215,12/30/23 12:00:00,354,,131,114,,,,,
1216,12/30/23 12:55:00,,,,,,,,,206
1217,12/30/23 13:00:00,317,,131,117,,,,,
1218,12/30/23 13:55:00,,,,,,,,,206
1219,12/30/23 14:00:00,319,,131,115,,,,,
1220,12/30/23 14:55:00,,,,,,,,,206
1221,12/30/23 15:00:00,323,,129,117,,,,,
1222,12/30/23 15:55:00,,,,,,,,,206
1223,12/30/23 16:00:00,341,,129,115,,,,,
1224,12/30/23 16:55:00,,,,,,,,,205
1225,12/30/23 17:00:00,331,,129,118,,,,,
1226,12/30/23 17:55:00,,,,,,,,,205
1227,12/30/23 18:00:00,333,,129,118,,,,,
1228,12/30/23 18:55:00,,,,,,,,,205
1229,12/30/23 19:00:00,330,,129,118,,,,,
1230,12/30/23 19:55:00,,,,,,,,,205
1231,12/30/23 20:00:00,326,,129,118,,,,,
1232,12/30/23 20:55:00,,,,,,,,,205
1233,12/30/23 21:00:00,336,,129,119,,,,,
1234,12/30/23 21:55:00,,,,,,,,,205
1235,12/30/23 22:00:00,331,,129,118,,,,,
1236,12/30/23 22:55:00,,,,,,,,,205
1237,12/30/23 23:00:00,334,,128,119,,,,,
1238,12/30/23 23:55:00,,,,,,,,,204
1239,12/31/23 00:00:00,343,,125,119,,,,,
1240,12/31/23 00:55:00,,,,,,,,,204
1241,12/31/23 01:00:00,341,,118,118,,,,,
1242,12/31/23 01:55:00,,,,,,,,,204
1243,12/31/23 02:00:00,338,,118,121,,,,,
1244,12/31/23 02:55:00,,,,,,,,,204
1245,12/31/23 03:00:00,334,,115,119,,,,,
1246,12/31/23 03:55:00,,,,,,,,,204
1247,12/31/23 04:00:00,338,,118,121,,,,,
1248,12/31/23 04:55:00,,,,,,,,,204
1249,12/31/23 05:00:00,341,,121,121,,,,,
1250,12/31/23 05:55:00,,,,,,,,,204
1251,12/31/23 06:00:00,336,,119,121,,,,,
1252,12/31/23 06:55:00,,,,,,,,,101
1253,12/31/23 07:00:00,334,,118,121,,,,,
1254,12/31/23 07:55:00,,,,,,,,,95
1255,12/31/23 08:00:00,336,,115,121,,,,,
1256,12/31/23 08:55:00,,,,,,,,,97
1257,12/31/23 09:00:00,344,,117,121,,,,,
1258,12/31/23 09:55:00,,,,,,,,,101
1259,12/31/23 10:00:00,355,,118,121,,,,,
1260,12/31/23 10:55:00,,,,,,,,,94
1261,12/31/23 11:00:00,1,,118,121,,,,,
1262,12/31/23 11:55:00,,,,,,,,,91
1263,12/31/23 12:00:00,352,,118,121,,,,,
1264,12/31/23 12:55:00,,,,,,,,,88
1265,12/31/23 13:00:00,343,,118,121,,,,,
1266,12/31/23 13:55:00,,,,,,,,,93
1267,12/31/23 14:00:00,337,,118,119,,,,,
1268,12/31/23 14:55:00,,,,,,,,,100
1269,12/31/23 15:00:00,348,,117,121,,,,,
1270,12/31/23 15:55:00,,,,,,,,,104
1271,12/31/23 16:00:00,1,,117,119,,,,,
1272,12/31/23 16:55:00,,,,,,,,,97
1273,12/31/23 17:00:00,357,,117,121,,,,,
1274,12/31/23 17:55:00,,,,,,,,,97
1275,12/31/23 18:00:00,1,,117,121,,,,,
1276,12/31/23 18:55:00,,,,,,,,,101
1277,12/31/23 19:00:00,1,,118,122,,,,,
1278,12/31/23 19:55:00,,,,,,,,,101
1279,12/31/23 20:00:00,3,,119,122,,,,,
1280,12/31/23 20:55:00,,,,,,,,,97
1281,12/31/23 21:00:00,4,,121,122,,,,,
1282,12/31/23 21:55:00,,,,,,,,,97
1283,12/31/23 22:00:00,4,,121,121,,,,,
1284,12/31/23 22:55:00,,,,,,,,,102
1285,12/31/23 23:00:00,0,,121,118,,,,,
1286,12/31/23 23:55:00,,,,,,,,,102
1287,01/01/24 00:00:00,348,,121,118,,,,,
1288,01/01/24 00:55:00,,,,,,,,,101
1289,01/01/24 01:00:00,3,,121,119,,,,,
1290,01/01/24 01:55:00,,,,,,,,,107
1291,01/01/24 02:00:00,1,,121,119,,,,,
1292,01/01/24 02:55:00,,,,,,,,,107
1293,01/01/24 03:00:00,357,,121,118,,,,,
1294,01/01/24 03:55:00,,,,,,,,,108
1295,01/01/24 04:00:00,348,,121,118,,,,,
1296,01/01/24 04:55:00,,,,,,,,,102
1297,01/01/24 05:00:00,348,,121,118,,,,,
1298,01/01/24 05:55:00,,,,,,,,,107
1299,01/01/24 06:00:00,354,,121,119,,,,,
1300,01/01/24 06:55:00,,,,,,,,,111
1301,01/01/24 07:00:00,320,,121,118,,,,,
1302,01/01/24 07:55:00,,,,,,,,,107
1303,01/01/24 08:00:00,340,,121,118,,,,,
1304,01/01/24 08:55:00,,,,,,,,,111
1305,01/01/24 09:00:00,317,,121,118,,,,,
1306,01/01/24 09:55:00,,,,,,,,,112
1307,01/01/24 10:00:00,348,,121,118,,,,,
1308,01/01/24 10:55:00,,,,,,,,,112
1309,01/01/24 11:00:00,305,,118,118,,,,,
1310,01/01/24 11:55:00,,,,,,,,,115
1311,01/01/24 12:00:00,215,,121,117,,,,,
1312,01/01/24 12:55:00,,,,,,,,,114
1313,01/01/24 13:00:00,201,,121,112,,,,,
1314,01/01/24 13:55:00,,,,,,,,,112
1315,01/01/24 14:00:00,201,,121,111,,,,,
1316,01/01/24 14:55:00,,,,,,,,,117
1317,01/01/24 15:00:00,216,,121,115,,,,,
1318,01/01/24 15:55:00,,,,,,,,,119
1319,01/01/24 16:00:00,211,,122,117,,,,,
1320,01/01/24 16:55:00,,,,,,,,,118
1321,01/01/24 17:00:00,202,,124,117,,,,,
1322,01/01/24 17:55:00,,,,,,,,,115
1323,01/01/24 18:00:00,201,,125,111,,,,,
1324,01/01/24 18:55:00,,,,,,,,,124
1325,01/01/24 19:00:00,202,,125,98,,,,,
1326,01/01/24 19:55:00,,,,,,,,,124
1327,01/01/24 20:00:00,204,,125,81,,,,,
1328,01/01/24 20:55:00,,,,,,,,,125
1329,01/01/24 21:00:00,202,,125,101,,,,,
1330,01/01/24 21:55:00,,,,,,,,,126
1331,01/01/24 22:00:00,205,,125,58,,,,,
1332,01/01/24 22:55:00,,,,,,,,,124
1333,01/01/24 23:00:00,205,,126,25,,,,,
1334,01/01/24 23:55:00,,,,,,,,,128
1335,01/02/24 00:00:00,208,,126,4,,,,,
1336,01/02/24 00:55:00,,,,,,,,,124
1337,01/02/24 01:00:00,205,,126,39,,,,,
1338,01/02/24 01:55:00,,,,,,,,,133
1339,01/02/24 02:00:00,205,,128,65,,,,,
1340,01/02/24 02:55:00,,,,,,,,,136
1341,01/02/24 03:00:00,206,,126,355,,,,,
1342,01/02/24 03:55:00,,,,,,,,,143
1343,01/02/24 04:00:00,208,,131,352,,,,,
1344,01/02/24 04:55:00,,,,,,,,,150
1345,01/02/24 05:00:00,206,,136,347,,,,,
1346,01/02/24 05:55:00,,,,,,,,,154
1347,01/02/24 06:00:00,206,,163,343,,,,,
1348,01/02/24 06:55:00,,,,,,,,,154
1349,01/02/24 07:00:00,206,,223,352,,,,,
1350,01/02/24 07:55:00,,,,,,,,,154
1351,01/02/24 08:00:00,206,,222,355,,,,,
1352,01/02/24 08:55:00,,,,,,,,,153
1353,01/02/24 09:00:00,206,,237,344,,,,,
1354,01/02/24 09:55:00,,,,,,,,,154
1355,01/02/24 10:00:00,206,,237,347,,,,,
1356,01/02/24 10:55:00,,,,,,,,,157
1357,01/02/24 11:00:00,206,,233,1,,,,,
1358,01/02/24 11:55:00,,,,,,,,,159
1359,01/02/24 12:00:00,211,,241,18,,,,,
1360,01/02/24 12:55:00,,,,,,,,,156
1361,01/02/24 13:00:00,208,,220,102,,,,,
1362,01/02/24 13:55:00,,,,,,,,,160
1363,01/02/24 14:00:00,211,,236,58,,,,,
1364,01/02/24 14:55:00,,,,,,,,,164
1365,01/02/24 15:00:00,215,,250,324,,,,,
1366,01/02/24 15:55:00,,,,,,,,,167
1367,01/02/24 16:00:00,218,,251,323,,,,,
1368,01/02/24 16:55:00,,,,,,,,,166
1369,01/02/24 17:00:00,216,,254,66,,,,,
1370,01/02/24 17:55:00,,,,,,,,,157
1371,01/02/24 18:00:00,212,,232,102,,,,,
1372,01/02/24 18:55:00,,,,,,,,,159
1373,01/02/24 19:00:00,212,,223,105,,,,,
1374,01/02/24 19:55:00,,,,,,,,,159
1375,01/02/24 20:00:00,211,,219,108,,,,,
1376,01/02/24 20:55:00,,,,,,,,,161
1377,01/02/24 21:00:00,208,,218,110,,,,,
1378,01/02/24 21:55:00,,,,,,,,,163
1379,01/02/24 22:00:00,211,,229,110,,,,,
1380,01/02/24 22:55:00,,,,,,,,,164
1381,01/02/24 23:00:00,213,,222,107,,,,,
1382,01/02/24 23:55:00,,,,,,,,,164
1383,01/03/24 00:00:00,213,,233,108,,,,,
1384,01/03/24 00:55:00,,,,,,,,,166
1385,01/03/24 01:00:00,215,,233,107,,,,,
1386,01/03/24 01:55:00,,,,,,,,,166
1387,01/03/24 02:00:00,218,,232,104,,,,,
1388,01/03/24 02:55:00,,,,,,,,,173
1389,01/03/24 03:00:00,222,,219,340,,,,,
1390,01/03/24 03:55:00,,,,,,,,,178
1391,01/03/24 04:00:00,220,,220,314,,,,,
1392,01/03/24 04:55:00,,,,,,,,,180
1393,01/03/24 05:00:00,220,,219,310,,,,,
1394,01/03/24 05:55:00,,,,,,,,,178
1395,01/03/24 06:00:00,222,,226,312,,,,,
1396,01/03/24 06:55:00,,,,,,,,,180
1397,01/03/24 07:00:00,222,,226,310,,,,,
1398,01/03/24 07:55:00,,,,,,,,,178
1399,01/03/24 08:00:00,220,,220,317,,,,,
1400,01/03/24 08:55:00,,,,,,,,,181
1401,01/03/24 09:00:00,220,,219,309,,,,,
1402,01/03/24 09:55:00,,,,,,,,,181
1403,01/03/24 10:00:00,222,,211,307,,,,,
1404,01/03/24 10:55:00,,,,,,,,,181
1405,01/03/24 11:00:00,220,,205,309,,,,,
1406,01/03/24 11:55:00,,,,,,,,,181
1407,01/03/24 12:00:00,220,,205,306,,,,,
1408,01/03/24 12:55:00,,,,,,,,,184
1409,01/03/24 13:00:00,220,,197,306,,,,,
1410,01/03/24 13:55:00,,,,,,,,,184
1411,01/03/24 14:00:00,222,,194,309,,,,,
1412,01/03/24 14:55:00,,,,,,,,,183
1413,01/03/24 15:00:00,223,,187,309,,,,,
1414,01/03/24 15:55:00,,,,,,,,,180
1415,01/03/24 16:00:00,223,,195,310,,,,,
1416,01/03/24 16:55:00,,,,,,,,,178
1417,01/03/24 17:00:00,223,,201,319,,,,,
1418,01/03/24 17:55:00,,,,,,,,,180
1419,01/03/24 18:00:00,222,,195,309,,,,,
1420,01/03/24 18:55:00,,,,,,,,,181
1421,01/03/24 19:00:00,223,,194,312,,,,,
1422,01/03/24 19:55:00,,,,,,,,,180
1423,01/03/24 20:00:00,222,,187,312,,,,,
1424,01/03/24 20:55:00,,,,,,,,,181
1425,01/03/24 21:00:00,223,,175,310,,,,,
1426,01/03/24 21:55:00,,,,,,,,,181
1427,01/03/24 22:00:00,222,,178,312,,,,,
1428,01/03/24 22:55:00,,,,,,,,,178
1429,01/03/24 23:00:00,222,,194,312,,,,,
1430,01/03/24 23:55:00,,,,,,,,,180
1431,01/04/24 00:00:00,222,,192,314,,,,,
1432,01/04/24 00:55:00,,,,,,,,,183
1433,01/04/24 01:00:00,225,,170,310,,,,,
1434,01/04/24 01:55:00,,,,,,,,,184
1435,01/04/24 02:00:00,223,,170,313,,,,,
1436,01/04/24 02:55:00,,,,,,,,,184
1437,01/04/24 03:00:00,226,,161,312,,,,,
1438,01/04/24 03:55:00,,,,,,,,,185
1439,01/04/24 04:00:00,227,,150,312,,,,,
1440,01/04/24 04:55:00,,,,,,,,,187
1441,01/04/24 05:00:00,234,,139,313,,,,,
1442,01/04/24 05:55:00,,,,,,,,,187
1443,01/04/24 06:00:00,232,,139,314,,,,,
1444,01/04/24 06:55:00,,,,,,,,,181
1445,01/04/24 07:00:00,223,,154,313,,,,,
1446,01/04/24 07:55:00,,,,,,,,,173
1447,01/04/24 08:00:00,226,,157,314,,,,,
1448,01/04/24 08:55:00,,,,,,,,,164
1449,01/04/24 09:00:00,222,,156,13,,,,,
1450,01/04/24 09:55:00,,,,,,,,,164
1451,01/04/24 10:00:00,220,,159,95,,,,,
1452,01/04/24 10:55:00,,,,,,,,,164
1453,01/04/24 11:00:00,216,,191,108,,,,,
1454,01/04/24 11:55:00,,,,,,,,,164
1455,01/04/24 12:00:00,215,,192,110,,,,,
1456,01/04/24 12:55:00,,,,,,,,,164
1457,01/04/24 13:00:00,218,,181,107,,,,,
1458,01/04/24 13:55:00,,,,,,,,,164
1459,01/04/24 14:00:00,215,,206,111,,,,,
1460,01/04/24 14:55:00,,,,,,,,,164
1461,01/04/24 15:00:00,218,,180,107,,,,,
1462,01/04/24 15:55:00,,,,,,,,,164
1463,01/04/24 16:00:00,216,,199,110,,,,,
1464,01/04/24 16:55:00,,,,,,,,,164
1465,01/04/24 17:00:00,216,,190,111,,,,,
1466,01/04/24 17:55:00,,,,,,,,,164
1467,01/04/24 18:00:00,218,,183,107,,,,,
1468,01/04/24 18:55:00,,,,,,,,,164
1469,01/04/24 19:00:00,216,,199,115,,,,,
1470,01/04/24 19:55:00,,,,,,,,,164
1471,01/04/24 20:00:00,225,,204,115,,,,,
1472,01/04/24 20:55:00,,,,,,,,,164
1473,01/04/24 21:00:00,215,,199,119,,,,,
1474,01/04/24 21:55:00,,,,,,,,,163
1475,01/04/24 22:00:00,215,,201,121,,,,,
1476,01/04/24 22:55:00,,,,,,,,,163
1477,01/04/24 23:00:00,215,,206,118,,,,,
1478,01/04/24 23:55:00,,,,,,,,,163
1479,01/05/24 00:00:00,215,,202,119,,,,,
1480,01/05/24 00:55:00,,,,,,,,,163
1481,01/05/24 01:00:00,215,,197,119,,,,,
1482,01/05/24 01:55:00,,,,,,,,,161
1483,01/05/24 02:00:00,215,,205,117,,,,,
1484,01/05/24 02:55:00,,,,,,,,,157
1485,01/05/24 03:00:00,215,,198,121,,,,,
1486,01/05/24 03:55:00,,,,,,,,,157
1487,01/05/24 04:00:00,215,,185,124,,,,,
1488,01/05/24 04:55:00,,,,,,,,,157
1489,01/05/24 05:00:00,213,,174,125,,,,,
1490,01/05/24 05:55:00,,,,,,,,,153
1491,01/05/24 06:00:00,213,,170,129,,,,,
1492,01/05/24 06:55:00,,,,,,,,,152
1493,01/05/24 07:00:00,212,,163,129,,,,,
1494,01/05/24 07:55:00,,,,,,,,,146
1495,01/05/24 08:00:00,209,,149,129,,,,,
1496,01/05/24 08:55:00,,,,,,,,,147
1497,01/05/24 09:00:00,209,,140,131,,,,,
1498,01/05/24 09:55:00,,,,,,,,,149
1499,01/05/24 10:00:00,212,,164,129,,,,,
1500,01/05/24 10:55:00,,,,,,,,,150
1501,01/05/24 11:00:00,212,,168,129,,,,,
1502,01/05/24 11:55:00,,,,,,,,,149
1503,01/05/24 12:00:00,209,,150,131,,,,,
1504,01/05/24 12:55:00,,,,,,,,,146
1505,01/05/24 13:00:00,208,,147,131,,,,,
1506,01/05/24 13:55:00,,,,,,,,,145
1507,01/05/24 14:00:00,209,,147,132,,,,,
1508,01/05/24 14:55:00,,,,,,,,,143
1509,01/05/24 15:00:00,208,,135,132,,,,,
1510,01/05/24 15:55:00,,,,,,,,,147
1511,01/05/24 16:00:00,209,,145,131,,,,,
1512,01/05/24 16:55:00,,,,,,,,,150
1513,01/05/24 17:00:00,212,,152,131,,,,,
1514,01/05/24 17:55:00,,,,,,,,,153
1515,01/05/24 18:00:00,212,,175,129,,,,,
1516,01/05/24 18:55:00,,,,,,,,,153
1517,01/05/24 19:00:00,213,,183,129,,,,,
1518,01/05/24 19:55:00,,,,,,,,,150
1519,01/05/24 20:00:00,213,,178,129,,,,,
1520,01/05/24 20:55:00,,,,,,,,,153
1521,01/05/24 21:00:00,213,,170,131,,,,,
1522,01/05/24 21:55:00,,,,,,,,,152
1523,01/05/24 22:00:00,215,,174,129,,,,,
1524,01/05/24 22:55:00,,,,,,,,,154
1525,01/05/24 23:00:00,215,,177,128,,,,,
1526,01/05/24 23:55:00,,,,,,,,,153
1527,01/06/24 00:00:00,213,,181,128,,,,,
1528,01/06/24 00:55:00,,,,,,,,,150
1529,01/06/24 01:00:00,213,,177,129,,,,,
1530,01/06/24 01:55:00,,,,,,,,,147
1531,01/06/24 02:00:00,212,,157,131,,,,,
1532,01/06/24 02:55:00,,,,,,,,,149
1533,01/06/24 03:00:00,212,,163,131,,,,,
1534,01/06/24 03:55:00,,,,,,,,,149
1535,01/06/24 04:00:00,213,,167,129,,,,,
1536,01/06/24 04:55:00,,,,,,,,,150
1537,01/06/24 05:00:00,212,,164,131,,,,,
1538,01/06/24 05:55:00,,,,,,,,,153
1539,01/06/24 06:00:00,213,,192,128,,,,,
1540,01/06/24 06:55:00,,,,,,,,,152
1541,01/06/24 07:00:00,213,,177,129,,,,,
1542,01/06/24 07:55:00,,,,,,,,,150
1543,01/06/24 08:00:00,213,,178,129,,,,,
1544,01/06/24 08:55:00,,,,,,,,,135
1545,01/06/24 09:00:00,213,,175,129,,,,,
1546,01/06/24 09:55:00,,,,,,,,,150
1547,01/06/24 10:00:00,212,,168,131,,,,,
1548,01/06/24 10:55:00,,,,,,,,,152
1549,01/06/24 11:00:00,213,,175,131,,,,,
1550,01/06/24 11:55:00,,,,,,,,,149
1551,01/06/24 12:00:00,213,,167,131,,,,,
1552,01/06/24 12:55:00,,,,,,,,,146
1553,01/06/24 13:00:00,212,,166,131,,,,,
1554,01/06/24 13:55:00,,,,,,,,,147
1555,01/06/24 14:00:00,213,,183,129,,,,,
1556,01/06/24 14:55:00,,,,,,,,,153
1557,01/06/24 15:00:00,213,,187,128,,,,,
1558,01/06/24 15:55:00,,,,,,,,,157
1559,01/06/24 16:00:00,215,,202,125,,,,,
1560,01/06/24 16:55:00,,,,,,,,,160
1561,01/06/24 17:00:00,215,,197,121,,,,,
1562,01/06/24 17:55:00,,,,,,,,,147
1563,01/06/24 18:00:00,213,,184,129,,,,,
1564,01/06/24 18:55:00,,,,,,,,,146
1565,01/06/24 19:00:00,213,,192,128,,,,,
1566,01/06/24 19:55:00,,,,,,,,,146
1567,01/06/24 20:00:00,212,,181,129,,,,,
1568,01/06/24 20:55:00,,,,,,,,,146
1569,01/06/24 21:00:00,215,,201,126,,,,,
1570,01/06/24 21:55:00,,,,,,,,,146
1571,01/06/24 22:00:00,215,,195,126,,,,,
1572,01/06/24 22:55:00,,,,,,,,,147
1573,01/06/24 23:00:00,215,,208,124,,,,,
1574,01/06/24 23:55:00,,,,,,,,,147
1575,01/07/24 00:00:00,215,,211,121,,,,,
1576,01/07/24 00:55:00,,,,,,,,,147
1577,01/07/24 01:00:00,216,,208,119,,,,,
1578,01/07/24 01:55:00,,,,,,,,,147
1579,01/07/24 02:00:00,215,,204,117,,,,,
1580,01/07/24 02:55:00,,,,,,,,,147
1581,01/07/24 03:00:00,215,,212,119,,,,,
1582,01/07/24 03:55:00,,,,,,,,,147
1583,01/07/24 04:00:00,215,,205,124,,,,,
1584,01/07/24 04:55:00,,,,,,,,,147
1585,01/07/24 05:00:00,215,,205,125,,,,,
1586,01/07/24 05:55:00,,,,,,,,,147
1587,01/07/24 06:00:00,215,,199,122,,,,,
1588,01/07/24 06:55:00,,,,,,,,,147
1589,01/07/24 07:00:00,215,,190,126,,,,,
1590,01/07/24 07:55:00,,,,,,,,,147
1591,01/07/24 08:00:00,215,,199,125,,,,,
1592,01/07/24 08:55:00,,,,,,,,,147
1593,01/07/24 09:00:00,213,,188,126,,,,,
1594,01/07/24 09:55:00,,,,,,,,,147
1595,01/07/24 10:00:00,215,,201,125,,,,,
1596,01/07/24 10:55:00,,,,,,,,,147
1597,01/07/24 11:00:00,213,,183,129,,,,,
1598,01/07/24 11:55:00,,,,,,,,,147
1599,01/07/24 12:00:00,213,,192,129,,,,,
1600,01/07/24 12:55:00,,,,,,,,,147
1601,01/07/24 13:00:00,213,,191,128,,,,,
1602,01/07/24 13:55:00,,,,,,,,,147
1603,01/07/24 14:00:00,213,,167,131,,,,,
1604,01/07/24 14:55:00,,,,,,,,,147
1605,01/07/24 15:00:00,213,,167,131,,,,,
1606,01/07/24 15:55:00,,,,,,,,,147
1607,01/07/24 16:00:00,213,,185,129,,,,,
1608,01/07/24 16:55:00,,,,,,,,,147
1609,01/07/24 17:00:00,215,,205,125,,,,,
1610,01/07/24 17:55:00,,,,,,,,,152
1611,01/07/24 18:00:00,215,,201,125,,,,,
1612,01/07/24 18:55:00,,,,,,,,,160
1613,01/07/24 19:00:00,215,,211,122,,,,,
1614,01/07/24 19:55:00,,,,,,,,,161
1615,01/07/24 20:00:00,215,,211,122,,,,,
1616,01/07/24 20:55:00,,,,,,,,,163
1617,01/07/24 21:00:00,216,,212,118,,,,,
1618,01/07/24 21:55:00,,,,,,,,,161
1619,01/07/24 22:00:00,215,,215,119,,,,,
1620,01/07/24 22:55:00,,,,,,,,,164
1621,01/07/24 23:00:00,216,,206,117,,,,,
1622,01/07/24 23:55:00,,,,,,,,,163
1623,01/08/24 00:00:00,215,,208,118,,,,,
1624,01/08/24 00:55:00,,,,,,,,,166
1625,01/08/24 01:00:00,218,,194,112,,,,,
1626,01/08/24 01:55:00,,,,,,,,,167
1627,01/08/24 02:00:00,219,,185,112,,,,,
1628,01/08/24 02:55:00,,,,,,,,,167
1629,01/08/24 03:00:00,219,,209,114,,,,,
1630,01/08/24 03:55:00,,,,,,,,,168
1631,01/08/24 04:00:00,218,,204,111,,,,,
1632,01/08/24 04:55:00,,,,,,,,,164
1633,01/08/24 05:00:00,216,,220,115,,,,,
1634,01/08/24 05:55:00,,,,,,,,,163
1635,01/08/24 06:00:00,213,,218,119,,,,,
1636,01/08/24 06:55:00,,,,,,,,,166
1637,01/08/24 07:00:00,218,,202,112,,,,,
1638,01/08/24 07:55:00,,,,,,,,,167
1639,01/08/24 08:00:00,219,,190,110,,,,,
1640,01/08/24 08:55:00,,,,,,,,,166
1641,01/08/24 09:00:00,218,,208,114,,,,,
1642,01/08/24 09:55:00,,,,,,,,,167
1643,01/08/24 10:00:00,219,,202,110,,,,,
1644,01/08/24 10:55:00,,,,,,,,,166
1645,01/08/24 11:00:00,219,,187,110,,,,,
1646,01/08/24 11:55:00,,,,,,,,,163
1647,01/08/24 12:00:00,216,,212,115,,,,,
1648,01/08/24 12:55:00,,,,,,,,,164
1649,01/08/24 13:00:00,219,,194,110,,,,,
1650,01/08/24 13:55:00,,,,,,,,,167
1651,01/08/24 14:00:00,220,,177,105,,,,,
1652,01/08/24 14:55:00,,,,,,,,,171
1653,01/08/24 15:00:00,222,,163,56,,,,,
1654,01/08/24 15:55:00,,,,,,,,,173
1655,01/08/24 16:00:00,222,,180,107,,,,,
1656,01/08/24 16:55:00,,,,,,,,,163
1657,01/08/24 17:00:00,222,,171,104,,,,,
1658,01/08/24 17:55:00,,,,,,,,,160
1659,01/08/24 18:00:00,223,,152,348,,,,,
1660,01/08/24 18:55:00,,,,,,,,,160
1661,01/08/24 19:00:00,222,,173,74,,,,,
1662,01/08/24 19:55:00,,,,,,,,,160
1663,01/08/24 20:00:00,223,,143,326,,,,,
1664,01/08/24 20:55:00,,,,,,,,,160
1665,01/08/24 21:00:00,232,,140,320,,,,,
1666,01/08/24 21:55:00,,,,,,,,,160
1667,01/08/24 22:00:00,233,,135,316,,,,,
1668,01/08/24 22:55:00,,,,,,,,,167
1669,01/08/24 23:00:00,233,,139,314,,,,,
1670,01/08/24 23:55:00,,,,,,,,,190
1671,01/09/24 00:00:00,227,,147,316,,,,,
1672,01/09/24 00:55:00,,,,,,,,,190
1673,01/09/24 01:00:00,233,,138,314,,,,,
1674,01/09/24 01:55:00,,,,,,,,,190
1675,01/09/24 02:00:00,230,,132,314,,,,,
1676,01/09/24 02:55:00,,,,,,,,,190
1677,01/09/24 03:00:00,232,,136,314,,,,,
1678,01/09/24 03:55:00,,,,,,,,,190
1679,01/09/24 04:00:00,230,,139,317,,,,,
1680,01/09/24 04:55:00,,,,,,,,,190
1681,01/09/24 05:00:00,226,,140,314,,,,,
1682,01/09/24 05:55:00,,,,,,,,,190
1683,01/09/24 06:00:00,229,,133,316,,,,,
1684,01/09/24 06:55:00,,,,,,,,,190
1685,01/09/24 07:00:00,222,,161,314,,,,,
1686,01/09/24 07:55:00,,,,,,,,,190
1687,01/09/24 08:00:00,220,,161,313,,,,,
1688,01/09/24 08:55:00,,,,,,,,,190
1689,01/09/24 09:00:00,222,,143,314,,,,,
1690,01/09/24 09:55:00,,,,,,,,,190
1691,01/09/24 10:00:00,225,,146,316,,,,,
1692,01/09/24 10:55:00,,,,,,,,,190
1693,01/09/24 11:00:00,223,,147,310,,,,,
1694,01/09/24 11:55:00,,,,,,,,,190
1695,01/09/24 12:00:00,236,,131,314,,,,,
1696,01/09/24 12:55:00,,,,,,,,,190
1697,01/09/24 13:00:00,229,,136,317,,,,,
1698,01/09/24 13:55:00,,,,,,,,,190
1699,01/09/24 14:00:00,234,,133,316,,,,,
1700,01/09/24 14:55:00,,,,,,,,,190
1701,01/09/24 15:00:00,226,,140,327,,,,,
1702,01/09/24 15:55:00,,,,,,,,,190
1703,01/09/24 16:00:00,222,,146,65,,,,,
1704,01/09/24 16:55:00,,,,,,,,,190
1705,01/09/24 17:00:00,222,,147,41,,,,,
1706,01/09/24 17:55:00,,,,,,,,,190
1707,01/09/24 18:00:00,220,,156,102,,,,,
1708,01/09/24 18:55:00,,,,,,,,,190
1709,01/09/24 19:00:00,220,,173,107,,,,,
1710,01/09/24 19:55:00,,,,,,,,,190
1711,01/09/24 20:00:00,218,,183,111,,,,,
1712,01/09/24 20:55:00,,,,,,,,,190
1713,01/09/24 21:00:00,220,,191,44,,,,,
1714,01/09/24 21:55:00,,,,,,,,,190
1715,01/09/24 22:00:00,225,,149,312,,,,,
1716,01/09/24 22:55:00,,,,,,,,,190
1717,01/09/24 23:00:00,232,,136,314,,,,,
1718,01/09/24 23:55:00,,,,,,,,,190
1719,01/10/24 00:00:00,229,,146,316,,,,,
1720,01/10/24 00:55:00,,,,,,,,,190
1721,01/10/24 01:00:00,225,,136,327,,,,,
1722,01/10/24 01:55:00,,,,,,,,,190
1723,01/10/24 02:00:00,227,,125,337,,,,,
1724,01/10/24 02:55:00,,,,,,,,,190
1725,01/10/24 03:00:00,229,,138,314,,,,,
1726,01/10/24 03:55:00,,,,,,,,,190
1727,01/10/24 04:00:00,220,,163,91,,,,,
1728,01/10/24 04:55:00,,,,,,,,,190
1729,01/10/24 05:00:00,220,,163,84,,,,,
1730,01/10/24 05:55:00,,,,,,,,,190
1731,01/10/24 06:00:00,219,,160,88,,,,,
1732,01/10/24 06:55:00,,,,,,,,,190
1733,01/10/24 07:00:00,230,,138,316,,,,,
1734,01/10/24 07:55:00,,,,,,,,,190
1735,01/10/24 08:00:00,234,,136,314,,,,,
1736,01/10/24 08:55:00,,,,,,,,,190
1737,01/10/24 09:00:00,226,,131,310,,,,,
1738,01/10/24 09:55:00,,,,,,,,,190
1739,01/10/24 10:00:00,233,,136,314,,,,,
1740,01/10/24 10:55:00,,,,,,,,,190
1741,01/10/24 11:00:00,229,,129,312,,,,,
1742,01/10/24 11:55:00,,,,,,,,,190
1743,01/10/24 12:00:00,230,,125,309,,,,,
1744,01/10/24 12:55:00,,,,,,,,,191
1745,01/10/24 13:00:00,230,,129,309,,,,,
1746,01/10/24 13:55:00,,,,,,,,,198
1747,01/10/24 14:00:00,227,,126,307,,,,,
1748,01/10/24 14:55:00,,,,,,,,,194
1749,01/10/24 15:00:00,227,,132,310,,,,,
1750,01/10/24 15:55:00,,,,,,,,,195
1751,01/10/24 16:00:00,234,,131,313,,,,,
1752,01/10/24 16:55:00,,,,,,,,,191
1753,01/10/24 17:00:00,227,,135,314,,,,,
1754,01/10/24 17:55:00,,,,,,,,,192
1755,01/10/24 18:00:00,232,,136,313,,,,,
1756,01/10/24 18:55:00,,,,,,,,,187
1757,01/10/24 19:00:00,223,,159,314,,,,,
1758,01/10/24 19:55:00,,,,,,,,,187
1759,01/10/24 20:00:00,226,,149,313,,,,,
1760,01/10/24 20:55:00,,,,,,,,,185
1761,01/10/24 21:00:00,226,,140,313,,,,,
1762,01/10/24 21:55:00,,,,,,,,,187
1763,01/10/24 22:00:00,234,,138,312,,,,,
1764,01/10/24 22:55:00,,,,,,,,,190
1765,01/10/24 23:00:00,234,,138,313,,,,,
1766,01/10/24 23:55:00,,,,,,,,,190
1767,01/11/24 00:00:00,230,,135,312,,,,,
1768,01/11/24 00:55:00,,,,,,,,,190
1769,01/11/24 01:00:00,232,,138,313,,,,,
1770,01/11/24 01:55:00,,,,,,,,,188
1771,01/11/24 02:00:00,232,,131,320,,,,,
1772,01/11/24 02:55:00,,,,,,,,,187
1773,01/11/24 03:00:00,233,,132,316,,,,,
1774,01/11/24 03:55:00,,,,,,,,,187
1775,01/11/24 04:00:00,223,,140,326,,,,,
1776,01/11/24 04:55:00,,,,,,,,,185
1777,01/11/24 05:00:00,225,,140,323,,,,,
1778,01/11/24 05:55:00,,,,,,,,,184
1779,01/11/24 06:00:00,225,,150,313,,,,,
1780,01/11/24 06:55:00,,,,,,,,,177
1781,01/11/24 07:00:00,220,,157,49,,,,,
1782,01/11/24 07:55:00,,,,,,,,,174
1783,01/11/24 08:00:00,222,,145,37,,,,,
1784,01/11/24 08:55:00,,,,,,,,,173
1785,01/11/24 09:00:00,222,,138,39,,,,,
1786,01/11/24 09:55:00,,,,,,,,,167
1787,01/11/24 10:00:00,219,,150,105,,,,,
1788,01/11/24 10:55:00,,,,,,,,,166
1789,01/11/24 11:00:00,218,,163,110,,,,,
1790,01/11/24 11:55:00,,,,,,,,,175
1791,01/11/24 12:00:00,220,,143,98,,,,,
1792,01/11/24 12:55:00,,,,,,,,,161
1793,01/11/24 13:00:00,216,,213,118,,,,,
1794,01/11/24 13:55:00,,,,,,,,,160
1795,01/11/24 14:00:00,219,,171,110,,,,,
1796,01/11/24 14:55:00,,,,,,,,,168
1797,01/11/24 15:00:00,219,,142,108,,,,,
1798,01/11/24 15:55:00,,,,,,,,,167
1799,01/11/24 16:00:00,220,,154,107,,,,,
1800,01/11/24 16:55:00,,,,,,,,,161
1801,01/11/24 17:00:00,218,,191,111,,,,,
1802,01/11/24 17:55:00,,,,,,,,,166
1803,01/11/24 18:00:00,219,,183,111,,,,,
1804,01/11/24 18:55:00,,,,,,,,,168
1805,01/11/24 19:00:00,220,,197,110,,,,,
1806,01/11/24 19:55:00,,,,,,,,,171
1807,01/11/24 20:00:00,220,,197,108,,,,,
1808,01/11/24 20:55:00,,,,,,,,,175
1809,01/11/24 21:00:00,222,,198,121,,,,,
1810,01/11/24 21:55:00,,,,,,,,,171
1811,01/11/24 22:00:00,220,,175,117,,,,,
1812,01/11/24 22:55:00,,,,,,,,,177
1813,01/11/24 23:00:00,222,,183,333,,,,,
1814,01/11/24 23:55:00,,,,,,,,,180
1815,01/12/24 00:00:00,220,,199,309,,,,,
1816,01/12/24 00:55:00,,,,,,,,,183
1817,01/12/24 01:00:00,222,,185,302,,,,,
1818,01/12/24 01:55:00,,,,,,,,,187
1819,01/12/24 02:00:00,229,,149,310,,,,,
1820,01/12/24 02:55:00,,,,,,,,,188
1821,01/12/24 03:00:00,232,,142,310,,,,,
1822,01/12/24 03:55:00,,,,,,,,,183
1823,01/12/24 04:00:00,223,,178,302,,,,,
1824,01/12/24 04:55:00,,,,,,,,,185
1825,01/12/24 05:00:00,223,,164,302,,,,,
1826,01/12/24 05:55:00,,,,,,,,,187
1827,01/12/24 06:00:00,229,,145,309,,,,,
1828,01/12/24 06:55:00,,,,,,,,,187
1829,01/12/24 07:00:00,229,,150,307,,,,,
1830,01/12/24 07:55:00,,,,,,,,,190
1831,01/12/24 08:00:00,234,,132,309,,,,,
1832,01/12/24 08:55:00,,,,,,,,,191
1833,01/12/24 09:00:00,230,,129,307,,,,,
1834,01/12/24 09:55:00,,,,,,,,,188
1835,01/12/24 10:00:00,226,,150,307,,,,,
1836,01/12/24 10:55:00,,,,,,,,,184
1837,01/12/24 11:00:00,222,,191,300,,,,,
1838,01/12/24 11:55:00,,,,,,,,,181
1839,01/12/24 12:00:00,222,,195,296,,,,,
1840,01/12/24 12:55:00,,,,,,,,,183
1841,01/12/24 13:00:00,225,,173,300,,,,,
1842,01/12/24 13:55:00,,,,,,,,,184
1843,01/12/24 14:00:00,223,,173,299,,,,,
1844,01/12/24 14:55:00,,,,,,,,,181
1845,01/12/24 15:00:00,226,,180,298,,,,,
1846,01/12/24 15:55:00,,,,,,,,,188
1847,01/12/24 16:00:00,234,,135,309,,,,,
1848,01/12/24 16:55:00,,,,,,,,,187
1849,01/12/24 17:00:00,227,,161,303,,,,,
1850,01/12/24 17:55:00,,,,,,,,,181
1851,01/12/24 18:00:00,222,,206,282,,,,,
1852,01/12/24 18:55:00,,,,,,,,,180
1853,01/12/24 19:00:00,220,,201,285,,,,,
1854,01/12/24 19:55:00,,,,,,,,,183
1855,01/12/24 20:00:00,222,,205,284,,,,,
1856,01/12/24 20:55:00,,,,,,,,,184
1857,01/12/24 21:00:00,227,,159,295,,,,,
1858,01/12/24 21:55:00,,,,,,,,,187
1859,01/12/24 22:00:00,229,,156,295,,,,,
1860,01/12/24 22:55:00,,,,,,,,,184
1861,01/12/24 23:00:00,225,,174,292,,,,,
1862,01/12/24 23:55:00,,,,,,,,,183
1863,01/13/24 00:00:00,223,,171,293,,,,,
1864,01/13/24 00:55:00,,,,,,,,,191
1865,01/13/24 01:00:00,234,,140,302,,,,,
1866,01/13/24 01:55:00,,,,,,,,,191
1867,01/13/24 02:00:00,232,,133,302,,,,,
1868,01/13/24 02:55:00,,,,,,,,,187
1869,01/13/24 03:00:00,232,,145,300,,,,,
1870,01/13/24 03:55:00,,,,,,,,,190
1871,01/13/24 04:00:00,229,,146,300,,,,,
1872,01/13/24 04:55:00,,,,,,,,,185
1873,01/13/24 05:00:00,219,,195,288,,,,,
1874,01/13/24 05:55:00,,,,,,,,,184
1875,01/13/24 06:00:00,222,,187,289,,,,,
1876,01/13/24 06:55:00,,,,,,,,,180
1877,01/13/24 07:00:00,222,,204,277,,,,,
1878,01/13/24 07:55:00,,,,,,,,,184
1879,01/13/24 08:00:00,223,,178,288,,,,,
1880,01/13/24 08:55:00,,,,,,,,,192
1881,01/13/24 09:00:00,230,,129,299,,,,,
1882,01/13/24 09:55:00,,,,,,,,,197
1883,01/13/24 10:00:00,229,,132,300,,,,,
1884,01/13/24 10:55:00,,,,,,,,,191
1885,01/13/24 11:00:00,229,,126,299,,,,,
1886,01/13/24 11:55:00,,,,,,,,,188
1887,01/13/24 12:00:00,227,,154,296,,,,,
1888,01/13/24 12:55:00,,,,,,,,,178
1889,01/13/24 13:00:00,220,,175,279,,,,,
1890,01/13/24 13:55:00,,,,,,,,,175
1891,01/13/24 14:00:00,222,,208,139,,,,,
1892,01/13/24 14:55:00,,,,,,,,,171
1893,01/13/24 15:00:00,220,,204,111,,,,,
1894,01/13/24 15:55:00,,,,,,,,,173
1895,01/13/24 16:00:00,222,,205,125,,,,,
1896,01/13/24 16:55:00,,,,,,,,,168
1897,01/13/24 17:00:00,219,,204,114,,,,,
1898,01/13/24 17:55:00,,,,,,,,,166
1899,01/13/24 18:00:00,219,,206,112,,,,,
1900,01/13/24 18:55:00,,,,,,,,,174
1901,01/13/24 19:00:00,220,,206,119,,,,,
1902,01/13/24 19:55:00,,,,,,,,,170
1903,01/13/24 20:00:00,220,,208,112,,,,,
1904,01/13/24 20:55:00,,,,,,,,,167
1905,01/13/24 21:00:00,218,,209,111,,,,,
1906,01/13/24 21:55:00,,,,,,,,,166
1907,01/13/24 22:00:00,218,,213,112,,,,,
1908,01/13/24 22:55:00,,,,,,,,,164
1909,01/13/24 23:00:00,216,,205,115,,,,,
1910,01/13/24 23:55:00,,,,,,,,,164
1911,01/14/24 00:00:00,215,,202,112,,,,,
1912,01/14/24 00:55:00,,,,,,,,,163
1913,01/14/24 01:00:00,216,,202,118,,,,,
1914,01/14/24 01:55:00,,,,,,,,,160
1915,01/14/24 02:00:00,215,,194,119,,,,,
1916,01/14/24 02:55:00,,,,,,,,,159
1917,01/14/24 03:00:00,215,,178,121,,,,,
1918,01/14/24 03:55:00,,,,,,,,,157
1919,01/14/24 04:00:00,215,,157,125,,,,,
1920,01/14/24 04:55:00,,,,,,,,,153
1921,01/14/24 05:00:00,213,,140,126,,,,,
1922,01/14/24 05:55:00,,,,,,,,,143
1923,01/14/24 06:00:00,204,,135,128,,,,,
1924,01/14/24 07:00:00,201,,133,126,,,,,
1925,01/14/24 08:00:00,202,,131,126,,,,,
1926,01/14/24 09:00:00,195,,139,126,,,,,
1927,01/14/24 10:00:00,199,,135,126,,,,,
1928,01/14/24 11:00:00,204,,140,128,,,,,
1929,01/14/24 12:00:00,205,,142,126,,,,,
1930,01/14/24 13:00:00,204,,143,128,,,,,
1931,01/14/24 14:00:00,213,,168,121,,,,,
1932,01/14/24 15:00:00,218,,205,112,,,,,
1933,01/14/24 16:00:00,218,,206,112,,,,,
1934,01/14/24 17:00:00,218,,204,108,,,,,
1935,01/14/24 18:00:00,218,,206,111,,,,,
1936,01/14/24 19:00:00,219,,197,114,,,,,
1937,01/14/24 20:00:00,220,,201,118,,,,,
1938,01/14/24 21:00:00,220,,202,117,,,,,
1939,01/14/24 22:00:00,222,,208,128,,,,,
1940,01/14/24 23:00:00,220,,218,275,,,,,
1941,01/15/24 00:00:00,223,,204,282,,,,,
1942,01/15/24 01:00:00,230,,135,303,,,,,
1943,01/15/24 02:00:00,226,,124,300,,,,,
1944,01/15/24 03:00:00,230,,118,302,,,,,
1945,01/15/24 04:00:00,229,,108,302,,,,,
1946,01/15/24 05:00:00,260,,105,303,,,,,
1947,01/15/24 06:00:00,316,,111,296,,,,,
1948,01/15/24 07:00:00,316,,112,302,,,,,
1949,01/15/24 08:00:00,312,,115,303,,,,,
1950,01/15/24 09:00:00,310,,105,300,,,,,
1951,01/15/24 10:00:00,309,,107,306,,,,,
1952,01/15/24 11:00:00,302,,104,305,,,,,
1953,01/15/24 12:00:00,233,,102,302,,,,,
1954,01/15/24 13:00:00,226,,108,302,,,,,
1955,01/15/24 14:00:00,232,,115,302,,,,,
1956,01/15/24 15:00:00,229,,114,300,,,,,
1957,01/15/24 16:00:00,225,,115,300,,,,,
1958,01/15/24 17:00:00,222,,124,300,,,,,
1959,01/15/24 18:00:00,226,,118,302,,,,,
1960,01/15/24 19:00:00,14,,105,303,,,,,
1961,01/15/24 20:00:00,34,,138,319,,,,,
1962,01/15/24 21:00:00,34,,126,295,,,,,
1963,01/15/24 22:00:00,34,,133,302,,,,,
1964,01/15/24 23:00:00,34,,122,300,,,,,
1965,01/16/24 00:00:00,34,,121,300,,,,,
1966,01/16/24 01:00:00,32,,125,300,,,,,
1967,01/16/24 02:00:00,237,,117,302,,,,,
1968,01/16/24 03:00:00,302,,108,300,,,,,
1969,01/16/24 04:00:00,317,,114,293,,,,,
1970,01/16/24 05:00:00,314,,114,299,,,,,
1971,01/16/24 06:00:00,312,,102,278,,,,,
1972,01/16/24 07:00:00,316,,100,136,,,,,
1973,01/16/24 08:00:00,303,,111,122,,,,,
1974,01/16/24 09:00:00,300,,114,125,,,,,
1975,01/16/24 10:00:00,316,,243,128,,,,,
1976,01/16/24 11:00:00,275,,279,131,,,,,
1977,01/16/24 12:00:00,223,,292,80,,,,,
1978,01/16/24 13:00:00,223,,282,124,,,,,
1979,01/16/24 14:00:00,230,,274,112,,,,,
1980,01/16/24 15:00:00,225,,272,118,,,,,
1981,01/16/24 16:00:00,230,,281,117,,,,,
1982,01/16/24 17:00:00,225,,275,105,,,,,
1983,01/16/24 18:00:00,213,,286,128,,,,,
1984,01/16/24 19:00:00,219,,296,317,,,,,
1985,01/16/24 20:00:00,225,,299,326,,,,,
1986,01/16/24 21:00:00,240,,298,316,,,,,
1987,01/16/24 22:00:00,274,,303,314,,,,,
1988,01/16/24 23:00:00,175,,300,312,,,,,
1989,01/17/24 00:00:00,21,,303,310,,,,,
1990,01/17/24 01:00:00,65,,303,309,,,,,
1991,01/17/24 02:00:00,20,,303,310,,,,,
1992,01/17/24 03:00:00,51,,305,309,,,,,
1993,01/17/24 04:00:00,355,,306,309,,,,,
1994,01/17/24 05:00:00,348,,305,309,,,,,
1995,01/17/24 06:00:00,348,,309,309,,,,,
1996,01/17/24 07:00:00,344,,303,307,,,,,
1997,01/17/24 08:00:00,350,,306,307,,,,,
1998,01/17/24 09:00:00,347,,303,307,,,,,
1999,01/17/24 10:00:00,348,,306,307,,,,,
2000,01/17/24 11:00:00,348,,302,309,,,,,
2001,01/17/24 12:00:00,344,,305,307,,,,,
2002,01/17/24 13:00:00,347,,310,309,,,,,
2003,01/17/24 14:00:00,355,,307,312,,,,,
2004,01/17/24 15:00:00,288,,299,98,,,,,
2005,01/17/24 16:00:00,323,,265,125,,,,,
2006,01/17/24 17:00:00,324,,271,129,,,,,
2007,01/17/24 18:00:00,324,,219,129,,,,,
2008,01/17/24 19:00:00,324,,237,129,,,,,
2009,01/17/24 20:00:00,326,,250,129,,,,,
2010,01/17/24 21:00:00,306,,239,122,,,,,
2011,01/17/24 22:00:00,323,,223,128,,,,,
2012,01/17/24 23:00:00,286,,279,121,,,,,
2013,01/18/24 00:00:00,258,,275,105,,,,,
2014,01/18/24 01:00:00,275,,279,98,,,,,
2015,01/18/24 02:00:00,277,,285,95,,,,,
2016,01/18/24 03:00:00,272,,288,98,,,,,
2017,01/18/24 04:00:00,272,,292,102,,,,,
2018,01/18/24 05:00:00,250,,295,117,,,,,
2019,01/18/24 06:00:00,286,,289,102,,,,,
2020,01/18/24 07:00:00,274,,293,102,,,,,
2021,01/18/24 08:00:00,282,,291,104,,,,,
2022,01/18/24 09:00:00,278,,293,110,,,,,
2023,01/18/24 10:00:00,257,,296,118,,,,,
2024,01/18/24 11:00:00,264,,299,316,,,,,
2025,01/18/24 12:00:00,10,,307,310,,,,,
2026,01/18/24 13:00:00,44,,307,309,,,,,
2027,01/18/24 14:00:00,357,,306,309,,,,,
2028,01/18/24 15:00:00,352,,307,309,,,,,
2029,01/18/24 16:00:00,341,,307,307,,,,,
2030,01/18/24 17:00:00,347,,299,307,,,,,
2031,01/18/24 18:00:00,350,,293,307,,,,,
2032,01/18/24 19:00:00,352,,286,309,,,,,
2033,01/18/24 20:00:00,351,,282,309,,,,,
2034,01/18/24 21:00:00,350,,260,312,,,,,
2035,01/18/24 22:00:00,352,,246,312,,,,,
2036,01/18/24 23:00:00,351,,264,320,,,,,
2037,01/19/24 00:00:00,345,,265,336,,,,,
2038,01/19/24 01:00:00,344,,282,338,,,,,
2039,01/19/24 02:00:00,340,,291,347,,,,,
2040,01/19/24 03:00:00,340,,300,24,,,,,
2041,01/19/24 04:00:00,336,,324,58,,,,,
2042,01/19/24 05:00:00,336,,347,84,,,,,
2043,01/19/24 06:00:00,329,,63,100,,,,,
2044,01/19/24 07:00:00,323,,63,81,,,,,
2045,01/19/24 08:00:00,306,,52,343,,,,,
2046,01/19/24 09:00:00,314,,358,330,,,,,
2047,01/19/24 10:00:00,316,,336,307,,,,,
2048,01/19/24 11:00:00,316,,306,307,,,,,
2049,01/19/24 12:00:00,340,,300,307,,,,,
2050,01/19/24 13:00:00,345,,307,309,,,,,
2051,01/19/24 14:00:00,350,,296,309,,,,,
2052,01/19/24 15:00:00,343,,285,309,,,,,
2053,01/19/24 16:00:00,347,,278,316,,,,,
2054,01/19/24 17:00:00,347,,272,312,,,,,
2055,01/19/24 18:00:00,351,,264,310,,,,,
2056,01/19/24 19:00:00,351,,265,310,,,,,
2057,01/19/24 20:00:00,350,,285,310,,,,,
2058,01/19/24 21:00:00,351,,279,310,,,,,
2059,01/19/24 22:00:00,357,,274,310,,,,,
2060,01/19/24 23:00:00,358,,260,312,,,,,
2061,01/20/24 00:00:00,358,,267,312,,,,,
2062,01/20/24 01:00:00,354,,251,321,,,,,
2063,01/20/24 02:00:00,351,,268,319,,,,,
2064,01/20/24 03:00:00,347,,268,323,,,,,
2065,01/20/24 04:00:00,344,,268,334,,,,,
2066,01/20/24 05:00:00,345,,274,331,,,,,
2067,01/20/24 06:00:00,345,,284,340,,,,,
2068,01/20/24 07:00:00,334,,302,8,,,,,
2069,01/20/24 08:00:00,333,,302,20,,,,,
2070,01/20/24 09:00:00,334,,300,358,,,,,
2071,01/20/24 10:00:00,343,,300,14,,,,,
2072,01/20/24 11:00:00,337,,312,14,,,,,
2073,01/20/24 12:00:00,337,,312,340,,,,,
2074,01/20/24 13:00:00,337,,309,329,,,,,
2075,01/20/24 14:00:00,337,,302,326,,,,,
2076,01/20/24 15:00:00,337,,298,314,,,,,
2077,01/20/24 16:00:00,337,,295,334,,,,,
2078,01/20/24 17:00:00,337,,285,326,,,,,
2079,01/20/24 18:00:00,337,,282,330,,,,,
2080,01/20/24 19:00:00,337,,282,324,,,,,
2081,01/20/24 20:00:00,337,,282,319,,,,,
2082,01/20/24 21:00:00,337,,284,313,,,,,
2083,01/20/24 22:00:00,337,,292,312,,,,,
2084,01/20/24 23:00:00,337,,309,309,,,,,
2085,01/21/24 00:00:00,337,,307,307,,,,,
2086,01/21/24 01:00:00,337,,314,307,,,,,
2087,01/21/24 02:00:00,337,,316,307,,,,,
2088,01/21/24 03:00:00,337,,309,309,,,,,
2089,01/21/24 04:00:00,337,,312,309,,,,,
2090,01/21/24 05:00:00,337,,312,309,,,,,
2091,01/21/24 06:00:00,337,,310,309,,,,,
2092,01/21/24 07:00:00,337,,305,309,,,,,
2093,01/21/24 08:00:00,337,,296,329,,,,,
2094,01/21/24 09:00:00,337,,279,329,,,,,
2095,01/21/24 10:00:00,337,,264,348,,,,,
2096,01/21/24 11:00:00,337,,309,309,,,,,
2097,01/21/24 12:00:00,337,,312,309,,,,,
2098,01/21/24 13:00:00,337,,307,309,,,,,
2099,01/21/24 14:00:00,337,,305,309,,,,,
2100,01/21/24 15:00:00,337,,298,309,,,,,
2101,01/21/24 16:00:00,337,,300,309,,,,,
2102,01/21/24 17:00:00,337,,303,307,,,,,
2103,01/21/24 18:00:00,337,,306,309,,,,,
2104,01/21/24 19:00:00,337,,307,310,,,,,
2105,01/21/24 20:00:00,337,,303,310,,,,,
2106,01/21/24 21:00:00,337,,316,309,,,,,
2107,01/21/24 22:00:00,337,,313,312,,,,,
2108,01/21/24 23:00:00,337,,310,313,,,,,
2109,01/22/24 00:00:00,337,,312,314,,,,,
2110,01/22/24 01:00:00,337,,312,310,,,,,
2111,01/22/24 02:00:00,337,,312,312,,,,,
2112,01/22/24 03:00:00,337,,312,312,,,,,
2113,01/22/24 04:00:00,337,,312,314,,,,,
2114,01/22/24 05:00:00,337,,312,316,,,,,
2115,01/22/24 06:00:00,337,,312,316,,,,,
2116,01/22/24 07:00:00,337,,312,316,,,,,
2117,01/22/24 08:00:00,337,,313,316,,,,,
2118,01/22/24 09:00:00,337,,121,316,,,,,
2119,01/22/24 10:00:00,337,,126,323,,,,,
2120,01/22/24 11:00:00,337,,115,323,,,,,
2121,01/22/24 12:00:00,337,,121,348,,,,,
2122,01/22/24 13:00:00,337,,119,83,,,,,
2123,01/22/24 14:00:00,337,,118,117,,,,,
2124,01/22/24 15:00:00,337,,105,321,,,,,
2125,01/22/24 16:00:00,337,,114,309,,,,,
2126,01/22/24 17:00:00,337,,111,309,,,,,
2127,01/22/24 18:00:00,337,,108,307,,,,,
2128,01/22/24 19:00:00,337,,112,306,,,,,
2129,01/22/24 20:00:00,337,,111,305,,,,,
2130,01/22/24 21:00:00,334,,114,306,,,,,
2131,01/22/24 22:00:00,279,,111,305,,,,,
2132,01/22/24 23:00:00,316,,117,305,,,,,
2133,01/23/24 00:00:00,313,,119,307,,,,,
2134,01/23/24 01:00:00,310,,126,117,,,,,
2135,01/23/24 02:00:00,303,,117,118,,,,,
2136,01/23/24 03:00:00,302,,115,131,,,,,
2137,01/23/24 04:00:00,310,,117,125,,,,,
2138,01/23/24 05:00:00,327,,125,126,,,,,
2139,01/23/24 06:00:00,317,,288,128,,,,,
2140,01/23/24 07:00:00,343,,296,320,,,,,
2141,01/23/24 08:00:00,358,,285,309,,,,,
2142,01/23/24 09:00:00,357,,282,309,,,,,
2143,01/23/24 10:00:00,355,,282,309,,,,,
2144,01/23/24 11:00:00,351,,286,307,,,,,
2145,01/23/24 12:00:00,351,,286,309,,,,,
2146,01/23/24 13:00:00,341,,299,307,,,,,
2147,01/23/24 14:00:00,343,,296,309,,,,,
2148,01/23/24 15:00:00,341,,296,307,,,,,
2149,01/23/24 16:00:00,337,,300,307,,,,,
2150,01/23/24 17:00:00,337,,299,309,,,,,
2151,01/23/24 18:00:00,341,,292,307,,,,,
2152,01/23/24 19:00:00,341,,300,309,,,,,
2153,01/23/24 20:00:00,340,,300,309,,,,,
2154,01/23/24 21:00:00,337,,302,307,,,,,
2155,01/23/24 22:00:00,337,,306,309,,,,,
2156,01/23/24 23:00:00,11,,303,310,,,,,
2157,01/24/24 00:00:00,330,,303,309,,,,,
2158,01/24/24 01:00:00,340,,305,310,,,,,
2159,01/24/24 02:00:00,358,,303,309,,,,,
2160,01/24/24 03:00:00,15,,305,310,,,,,
2161,01/24/24 04:00:00,352,,303,310,,,,,
2162,01/24/24 05:00:00,303,,305,320,,,,,
2163,01/24/24 06:00:00,320,,303,319,,,,,
2164,01/24/24 07:00:00,274,,303,326,,,,,
2165,01/24/24 08:00:00,293,,303,330,,,,,
2166,01/24/24 09:00:00,277,,302,336,,,,,
2167,01/24/24 10:00:00,338,,305,313,,,,,
2168,01/24/24 11:00:00,345,,306,312,,,,,
2169,01/24/24 12:00:00,337,,305,310,,,,,
2170,01/24/24 13:00:00,343,,305,309,,,,,
2171,01/24/24 14:00:00,345,,309,310,,,,,
2172,01/24/24 15:00:00,358,,306,309,,,,,
2173,01/24/24 16:00:00,347,,305,310,,,,,
2174,01/24/24 17:00:00,350,,303,310,,,,,
2175,01/24/24 18:00:00,329,,305,309,,,,,
2176,01/24/24 19:00:00,348,,303,309,,,,,
2177,01/24/24 20:00:00,336,,302,309,,,,,
2178,01/24/24 21:00:00,343,,298,307,,,,,
2179,01/24/24 22:00:00,336,,300,309,,,,,
2180,01/24/24 23:00:00,333,,299,307,,,,,
2181,01/25/24 00:00:00,343,,299,307,,,,,
2182,01/25/24 01:00:00,347,,295,307,,,,,
2183,01/25/24 02:00:00,354,,288,307,,,,,
2184,01/25/24 03:00:00,345,,292,309,,,,,
2185,01/25/24 04:00:00,343,,286,309,,,,,
2186,01/25/24 05:00:00,345,,286,307,,,,,
2187,01/25/24 06:00:00,341,,284,309,,,,,
2188,01/25/24 07:00:00,343,,286,309,,,,,
2189,01/25/24 08:00:00,345,,282,309,,,,,
2190,01/25/24 09:00:00,347,,282,309,,,,,
2191,01/25/24 10:00:00,343,,282,309,,,,,
2192,01/25/24 11:00:00,337,,289,309,,,,,
2193,01/25/24 12:00:00,345,,284,309,,,,,
2194,01/25/24 13:00:00,345,,284,309,,,,,
2195,01/25/24 14:00:00,347,,279,309,,,,,
2196,01/25/24 15:00:00,343,,284,309,,,,,
2197,01/25/24 16:00:00,333,,291,309,,,,,
2198,01/25/24 17:00:00,333,,291,309,,,,,
2199,01/25/24 18:00:00,340,,282,309,,,,,
2200,01/25/24 19:00:00,337,,288,309,,,,,
2201,01/25/24 20:00:00,330,,286,309,,,,,
2202,01/25/24 21:00:00,338,,284,309,,,,,
2203,01/25/24 22:00:00,341,,286,309,,,,,
2204,01/25/24 23:00:00,345,,292,309,,,,,
2205,01/26/24 00:00:00,324,,299,309,,,,,
2206,01/26/24 01:00:00,312,,292,309,,,,,
2207,01/26/24 02:00:00,310,,299,309,,,,,
2208,01/26/24 03:00:00,324,,292,309,,,,,
2209,01/26/24 04:00:00,333,,300,309,,,,,
2210,01/26/24 05:00:00,337,,295,309,,,,,
2211,01/26/24 06:00:00,337,,299,309,,,,,
2212,01/26/24 07:00:00,333,,305,309,,,,,
2213,01/26/24 08:00:00,344,,305,309,,,,,
2214,01/26/24 09:00:00,351,,307,309,,,,,
2215,01/26/24 10:00:00,17,,307,309,,,,,
2216,01/26/24 11:00:00,21,,310,309,,,,,
2217,01/26/24 12:00:00,21,,310,310,,,,,
2218,01/26/24 13:00:00,13,,307,310,,,,,
2219,01/26/24 14:00:00,331,,300,312,,,,,
2220,01/26/24 15:00:00,343,,305,314,,,,,
2221,01/26/24 16:00:00,331,,307,312,,,,,
2222,01/26/24 17:00:00,350,,306,313,,,,,
2223,01/26/24 18:00:00,337,,299,312,,,,,
2224,01/26/24 19:00:00,348,,302,333,,,,,
2225,01/26/24 20:00:00,291,,299,326,,,,,
2226,01/26/24 21:00:00,317,,303,316,,,,,
2227,01/26/24 22:00:00,343,,299,333,,,,,
2228,01/26/24 23:00:00,330,,288,110,,,,,
2229,01/27/24 00:00:00,333,,227,129,,,,,
2230,01/27/24 01:00:00,330,,286,112,,,,,
2231,01/27/24 02:00:00,291,,292,104,,,,,
2232,01/27/24 03:00:00,312,,286,105,,,,,
2233,01/27/24 04:00:00,316,,282,104,,,,,
2234,01/27/24 05:00:00,331,,142,125,,,,,
2235,01/27/24 06:00:00,327,,275,129,,,,,
2236,01/27/24 07:00:00,327,,291,128,,,,,
2237,01/27/24 08:00:00,327,,279,128,,,,,
2238,01/27/24 09:00:00,329,,190,129,,,,,
2239,01/27/24 10:00:00,329,,153,128,,,,,
2240,01/27/24 11:00:00,333,,143,129,,,,,
2241,01/27/24 12:00:00,330,,208,129,,,,,
2242,01/27/24 13:00:00,330,,140,128,,,,,
2243,01/27/24 14:00:00,329,,131,129,,,,,
2244,01/27/24 15:00:00,327,,129,131,,,,,
2245,01/27/24 16:00:00,327,,128,128,,,,,
2246,01/27/24 17:00:00,326,,124,129,,,,,
2247,01/27/24 18:00:00,329,,129,131,,,,,
2248,01/27/24 19:00:00,324,,125,129,,,,,
2249,01/27/24 20:00:00,326,,119,128,,,,,
2250,01/27/24 21:00:00,321,,124,121,,,,,
2251,01/27/24 22:00:00,310,,118,115,,,,,
2252,01/27/24 23:00:00,316,,117,118,,,,,
2253,01/28/24 00:00:00,312,,119,122,,,,,
2254,01/28/24 01:00:00,300,,118,121,,,,,
2255,01/28/24 02:00:00,307,,122,114,,,,,
2256,01/28/24 03:00:00,302,,118,121,,,,,
2257,01/28/24 04:00:00,295,,119,105,,,,,
2258,01/28/24 05:00:00,289,,115,104,,,,,
2259,01/28/24 06:00:00,265,,108,98,,,,,
2260,01/28/24 07:00:00,299,,108,341,,,,,
2261,01/28/24 08:00:00,264,,108,331,,,,,
2262,01/28/24 09:00:00,307,,108,312,,,,,
2263,01/28/24 10:00:00,278,,112,330,,,,,
2264,01/28/24 11:00:00,298,,108,310,,,,,
2265,01/28/24 12:00:00,313,,111,309,,,,,
2266,01/28/24 13:00:00,314,,108,306,,,,,
2267,01/28/24 14:00:00,265,,110,309,,,,,
2268,01/28/24 15:00:00,292,,105,309,,,,,
2269,01/28/24 16:00:00,317,,102,310,,,,,
2270,01/28/24 17:00:00,250,,112,310,,,,,
2271,01/28/24 18:00:00,239,,107,310,,,,,
2272,01/28/24 19:00:00,222,,108,310,,,,,
2273,01/28/24 20:00:00,218,,110,312,,,,,
2274,01/28/24 21:00:00,218,,110,312,,,,,
2275,01/28/24 22:00:00,218,,110,312,,,,,
2276,01/28/24 23:00:00,218,,110,312,,,,,
2277,01/29/24 00:00:00,218,,110,310,,,,,
2278,01/29/24 01:00:00,218,,110,312,,,,,
2279,01/29/24 02:00:00,218,,110,115,,,,,
2280,01/29/24 03:00:00,218,,110,115,,,,,
2281,01/29/24 04:00:00,218,,110,117,,,,,
2282,01/29/24 05:00:00,218,,110,115,,,,,
2283,01/29/24 06:00:00,223,,110,115,,,,,
2284,01/29/24 07:00:00,307,,110,121,,,,,
2285,01/29/24 08:00:00,352,,110,124,,,,,
2286,01/29/24 09:00:00,347,,110,124,,,,,
2287,01/29/24 10:00:00,338,,110,124,,,,,
2288,01/29/24 11:00:00,4,,110,124,,,,,
2289,01/29/24 12:00:00,10,,110,125,,,,,
2290,01/29/24 13:00:00,4,,110,124,,,,,
2291,01/29/24 14:00:00,324,,110,124,,,,,
2292,01/29/24 15:00:00,333,,108,124,,,,,
2293,01/29/24 16:00:00,343,,105,124,,,,,
2294,01/29/24 17:00:00,354,,107,124,,,,,
2295,01/29/24 18:00:00,11,,111,124,,,,,
2296,01/29/24 19:00:00,20,,118,124,,,,,
2297,01/29/24 20:00:00,29,,122,124,,,,,
2298,01/29/24 21:00:00,28,,126,124,,,,,
2299,01/29/24 22:00:00,34,,132,125,,,,,
2300,01/29/24 23:00:00,41,,131,125,,,,,
2301,01/30/24 00:00:00,77,,129,125,,,,,
2302,01/30/24 01:00:00,192,,135,125,,,,,
2303,01/30/24 02:00:00,204,,138,126,,,,,
2304,01/30/24 03:00:00,206,,139,126,,,,,
2305,01/30/24 04:00:00,209,,166,128,,,,,
2306,01/30/24 05:00:00,215,,209,122,,,,,
2307,01/30/24 06:00:00,216,,177,114,,,,,
2308,01/30/24 07:00:00,216,,204,117,,,,,
2309,01/30/24 08:00:00,215,,206,122,,,,,
2310,01/30/24 09:00:00,215,,204,122,,,,,
2311,01/30/24 10:00:00,213,,190,125,,,,,
2312,01/30/24 11:00:00,212,,177,126,,,,,
2313,01/30/24 12:00:00,211,,170,128,,,,,
2314,01/30/24 13:00:00,209,,168,126,,,,,
2315,01/30/24 14:00:00,212,,181,126,,,,,
2316,01/30/24 15:00:00,215,,185,124,,,,,
2317,01/30/24 16:00:00,218,,167,118,,,,,
2318,01/30/24 17:00:00,219,,115,114,,,,,
2319,01/30/24 18:00:00,222,,110,107,,,,,
2320,01/30/24 19:00:00,223,,101,107,,,,,
2321,01/30/24 20:00:00,223,,107,107,,,,,
2322,01/30/24 21:00:00,223,,105,107,,,,,
2323,01/30/24 22:00:00,223,,107,107,,,,,
2324,01/30/24 23:00:00,223,,107,107,,,,,
2325,01/31/24 00:00:00,337,,128,110,,,,,
2326,01/31/24 01:00:00,336,,147,128,,,,,
2327,01/31/24 02:00:00,319,,265,128,,,,,
2328,01/31/24 03:00:00,6,,302,312,,,,,
2329,01/31/24 04:00:00,355,,303,310,,,,,
2330,01/31/24 05:00:00,293,,293,91,,,,,
2331,01/31/24 06:00:00,258,,292,107,,,,,
2332,01/31/24 07:00:00,268,,288,105,,,,,
2333,01/31/24 08:00:00,293,,264,105,,,,,
2334,01/31/24 09:00:00,302,,281,104,,,,,
2335,01/31/24 10:00:00,14,,302,321,,,,,
2336,01/31/24 11:00:00,25,,306,313,,,,,
2337,01/31/24 12:00:00,4,,306,309,,,,,
2338,01/31/24 13:00:00,351,,302,310,,,,,
2339,01/31/24 14:00:00,15,,305,307,,,,,
2340,01/31/24 15:00:00,351,,305,309,,,,,
2341,01/31/24 16:00:00,334,,303,309,,,,,
2342,01/31/24 17:00:00,4,,299,309,,,,,
2343,01/31/24 18:00:00,344,,298,307,,,,,
2344,01/31/24 19:00:00,340,,299,309,,,,,
2345,01/31/24 20:00:00,343,,293,309,,,,,
2346,01/31/24 21:00:00,344,,288,309,,,,,
2347,01/31/24 22:00:00,341,,288,309,,,,,
2348,01/31/24 23:00:00,337,,291,309,,,,,
2349,02/01/24 00:00:00,324,,288,312,,,,,
2350,02/01/24 01:00:00,344,,278,319,,,,,
2351,02/01/24 02:00:00,344,,274,317,,,,,
2352,02/01/24 03:00:00,350,,272,324,,,,,
2353,02/01/24 04:00:00,347,,268,321,,,,,
2354,02/01/24 05:00:00,348,,271,316,,,,,
2355,02/01/24 06:00:00,341,,285,319,,,,,
2356,02/01/24 07:00:00,343,,289,310,,,,,
2357,02/01/24 08:00:00,345,,289,310,,,,,
2358,02/01/24 09:00:00,345,,279,310,,,,,
2359,02/01/24 10:00:00,350,,282,314,,,,,
2360,02/01/24 11:00:00,345,,286,310,,,,,
2361,02/01/24 12:00:00,344,,288,310,,,,,
2362,02/01/24 13:00:00,341,,285,309,,,,,
2363,02/01/24 14:00:00,344,,289,309,,,,,
2364,02/01/24 15:00:00,348,,291,310,,,,,
2365,02/01/24 16:00:00,347,,291,309,,,,,
2366,02/01/24 17:00:00,345,,281,312,,,,,
2367,02/01/24 18:00:00,347,,277,313,,,,,
2368,02/01/24 19:00:00,351,,267,314,,,,,
2369,02/01/24 20:00:00,354,,268,314,,,,,
2370,02/01/24 21:00:00,351,,288,314,,,,,
2371,02/01/24 22:00:00,351,,299,317,,,,,
2372,02/01/24 23:00:00,340,,288,310,,,,,
2373,02/02/24 00:00:00,345,,282,309,,,,,
