Line#,Date,"Wind Speed (S-WSB 21198259:21176861-1), m/s, RX3000_BRW1_TNHA","Wind Speed (RXW-WCF 21198259:21181033-1), m/s, RX3000_BRW1_TNHA","Wind Speed (RXW-WCF 21198259:21398709-1), m/s, RX3000_BRW1_TNHA","Wind Speed (RXW-WCF 21198259:21206909-1), m/s, RX3000_BRW1_TNHA","Wind Speed (RXW-WCF 21401801:21206911-1), m/s, RX3000_BRW4_SSMH","Wind Speed (RXW-WCF 21401801:21206912-1), m/s, RX3000_BRW4_SSMH","Wind Speed (RXW-WCF 21401801:21398711-1), m/s, RX3000_BRW4_SSMH","Wind Speed (S-WSB 21401801:21350901-1), m/s, RX3000_BRW4_SSMH","Wind Speed (S-WSB 21401803:21350915-1), m/s, RX3000_BRW6_BEO"
1,12/01/23 00:00:00,0.0,0.0,0.0,0.0,,,,0.0,
2,12/01/23 00:05:00,,,,,,,,0.0,
3,12/01/23 00:10:00,,,,,,,,0.0,0.0
4,12/01/23 00:15:00,,,,,,,,0.0,
5,12/01/23 00:20:00,,,,,,,,0.0,
6,12/01/23 00:25:00,,,,,,,,0.0,
7,12/01/23 00:30:00,,,,,,,,0.0,
8,12/01/23 00:35:00,,,,,,,,0.0,
9,12/01/23 00:40:00,,,,,,,,0.0,
10,12/01/23 00:45:00,,,,,,,,0.0,
11,12/01/23 00:50:00,,,,,,,,0.0,
12,12/01/23 00:55:00,,,,,,,,0.0,
13,12/01/23 01:00:00,0.0,0.0,0.0,0.0,,,,0.0,
14,12/01/23 01:05:00,,,,,,,,0.0,
15,12/01/23 01:10:00,,,,,,,,0.0,0.0
16,12/01/23 01:15:00,,,,,,,,0.0,
17,12/01/23 01:20:00,,,,,,,,0.0,
18,12/01/23 01:25:00,,,,,,,,0.0,
19,12/01/23 01:30:00,,,,,,,,0.0,
20,12/01/23 01:35:00,,,,,,,,0.0,
21,12/01/23 01:40:00,,,,,,,,0.0,
22,12/01/23 01:45:00,,,,,,,,0.0,
23,12/01/23 01:50:00,,,,,,,,0.0,
24,12/01/23 01:55:00,,,,,,,,0.0,
25,12/01/23 02:00:00,0.0,0.0,0.0,0.0,,,,0.0,
26,12/01/23 02:05:00,,,,,,,,0.0,
27,12/01/23 02:10:00,,,,,,,,0.0,0.0
28,12/01/23 02:15:00,,,,,,,,0.0,
29,12/01/23 02:20:00,,,,,,,,0.0,
30,12/01/23 02:25:00,,,,,,,,0.0,
31,12/01/23 02:30:00,,,,,,,,0.0,
32,12/01/23 02:35:00,,,,,,,,0.0,
33,12/01/23 02:40:00,,,,,,,,0.0,
34,12/01/23 02:45:00,,,,,,,,0.0,
35,12/01/23 02:50:00,,,,,,,,0.0,
36,12/01/23 02:55:00,,,,,,,,0.0,
37,12/01/23 03:00:00,0.0,0.0,0.0,1.7,,,,0.0,
38,12/01/23 03:05:00,,,,,,,,0.0,
39,12/01/23 03:10:00,,,,,,,,0.0,0.0
40,12/01/23 03:15:00,,,,,,,,0.0,
41,12/01/23 03:20:00,,,,,,,,0.0,
42,12/01/23 03:25:00,,,,,,,,0.0,
43,12/01/23 03:30:00,,,,,,,,0.0,
44,12/01/23 03:35:00,,,,,,,,0.0,
45,12/01/23 03:40:00,,,,,,,,0.0,
46,12/01/23 03:45:00,,,,,,,,0.0,
47,12/01/23 03:50:00,,,,,,,,0.0,
48,12/01/23 03:55:00,,,,,,,,0.0,
49,12/01/23 04:00:00,0.0,0.0,0.3,1.7,,,,0.0,
50,12/01/23 04:05:00,,,,,,,,0.0,
51,12/01/23 04:10:00,,,,,,,,0.0,0.0
52,12/01/23 04:15:00,,,,,,,,0.0,
53,12/01/23 04:20:00,,,,,,,,0.0,
54,12/01/23 04:25:00,,,,,,,,0.0,
55,12/01/23 04:30:00,,,,,,,,0.0,
56,12/01/23 04:35:00,,,,,,,,0.0,
57,12/01/23 04:40:00,,,,,,,,0.0,
58,12/01/23 04:45:00,,,,,,,,0.0,
59,12/01/23 04:50:00,,,,,,,,0.0,
60,12/01/23 04:55:00,,,,,,,,0.0,
61,12/01/23 05:00:00,0.0,0.0,0.3,1.7,,,,0.0,
62,12/01/23 05:05:00,,,,,,,,0.0,
63,12/01/23 05:10:00,,,,,,,,0.0,0.0
64,12/01/23 05:15:00,,,,,,,,0.0,
65,12/01/23 05:20:00,,,,,,,,0.0,
66,12/01/23 05:25:00,,,,,,,,0.0,
67,12/01/23 05:30:00,,,,,,,,0.0,
68,12/01/23 05:35:00,,,,,,,,0.0,
69,12/01/23 05:40:00,,,,,,,,0.0,
70,12/01/23 05:45:00,,,,,,,,0.0,
71,12/01/23 05:50:00,,,,,,,,0.0,
72,12/01/23 05:55:00,,,,,,,,0.0,
73,12/01/23 06:00:00,0.0,0.0,0.3,2.0,,,,0.0,
74,12/01/23 06:05:00,,,,,,,,0.0,
75,12/01/23 06:10:00,,,,,,,,0.0,0.0
76,12/01/23 06:15:00,,,,,,,,0.0,
77,12/01/23 06:20:00,,,,,,,,0.0,
78,12/01/23 06:25:00,,,,,,,,0.0,
79,12/01/23 06:30:00,,,,,,,,0.0,
80,12/01/23 06:35:00,,,,,,,,0.0,
81,12/01/23 06:40:00,,,,,,,,0.0,
82,12/01/23 06:45:00,,,,,,,,0.0,
83,12/01/23 06:50:00,,,,,,,,0.0,
84,12/01/23 06:55:00,,,,,,,,0.0,
85,12/01/23 07:00:00,0.0,0.0,0.7,2.3,,,,0.0,
86,12/01/23 07:05:00,,,,,,,,0.0,
87,12/01/23 07:10:00,,,,,,,,0.0,0.0
88,12/01/23 07:15:00,,,,,,,,0.0,
89,12/01/23 07:20:00,,,,,,,,0.0,
90,12/01/23 07:25:00,,,,,,,,0.0,
91,12/01/23 07:30:00,,,,,,,,0.0,
92,12/01/23 07:35:00,,,,,,,,0.0,
93,12/01/23 07:40:00,,,,,,,,0.0,
94,12/01/23 07:45:00,,,,,,,,0.0,
95,12/01/23 07:50:00,,,,,,,,0.0,
96,12/01/23 07:55:00,,,,,,,,0.0,
97,12/01/23 08:00:00,0.0,0.0,0.7,2.3,,,,0.0,
98,12/01/23 08:05:00,,,,,,,,0.0,
99,12/01/23 08:10:00,,,,,,,,0.0,0.0
100,12/01/23 08:15:00,,,,,,,,0.0,
101,12/01/23 08:20:00,,,,,,,,0.0,
102,12/01/23 08:25:00,,,,,,,,0.0,
103,12/01/23 08:30:00,,,,,,,,0.0,
104,12/01/23 08:35:00,,,,,,,,0.0,
105,12/01/23 08:40:00,,,,,,,,0.0,
106,12/01/23 08:45:00,,,,,,,,0.0,
107,12/01/23 08:50:00,,,,,,,,0.0,
108,12/01/23 08:55:00,,,,,,,,0.0,
109,12/01/23 09:00:00,0.0,0.0,0.7,2.3,,,,0.0,
110,12/01/23 09:05:00,,,,,,,,0.0,
111,12/01/23 09:10:00,,,,,,,,0.0,0.0
112,12/01/23 09:15:00,,,,,,,,0.0,
113,12/01/23 09:20:00,,,,,,,,0.0,
114,12/01/23 09:25:00,,,,,,,,0.0,
115,12/01/23 09:30:00,,,,,,,,0.0,
116,12/01/23 09:35:00,,,,,,,,0.0,
117,12/01/23 09:40:00,,,,,,,,0.0,
118,12/01/23 09:45:00,,,,,,,,0.0,
119,12/01/23 09:50:00,,,,,,,,0.0,
120,12/01/23 09:55:00,,,,,,,,0.0,
121,12/01/23 10:00:00,0.0,0.0,0.7,2.0,,,,0.0,
122,12/01/23 10:05:00,,,,,,,,0.0,
123,12/01/23 10:10:00,,,,,,,,0.0,0.0
124,12/01/23 10:15:00,,,,,,,,0.0,
125,12/01/23 10:20:00,,,,,,,,0.0,
126,12/01/23 10:25:00,,,,,,,,0.0,
127,12/01/23 10:30:00,,,,,,,,0.0,
128,12/01/23 10:35:00,,,,,,,,0.0,
129,12/01/23 10:40:00,,,,,,,,0.0,
130,12/01/23 10:45:00,,,,,,,,0.0,
131,12/01/23 10:50:00,,,,,,,,0.0,
132,12/01/23 10:55:00,,,,,,,,0.0,
133,12/01/23 11:00:00,0.0,0.0,0.7,2.0,,,,0.0,
134,12/01/23 11:05:00,,,,,,,,0.0,
135,12/01/23 11:10:00,,,,,,,,0.0,0.0
136,12/01/23 11:15:00,,,,,,,,0.0,
137,12/01/23 11:20:00,,,,,,,,0.0,
138,12/01/23 11:25:00,,,,,,,,0.0,
139,12/01/23 11:30:00,,,,,,,,0.0,
140,12/01/23 11:35:00,,,,,,,,0.0,
141,12/01/23 11:40:00,,,,,,,,0.0,
142,12/01/23 11:45:00,,,,,,,,0.0,
143,12/01/23 11:50:00,,,,,,,,0.0,
144,12/01/23 11:55:00,,,,,,,,0.0,
145,12/01/23 12:00:00,0.0,0.0,0.3,1.7,,,,0.0,
146,12/01/23 12:05:00,,,,,,,,0.0,
147,12/01/23 12:10:00,,,,,,,,0.0,0.0
148,12/01/23 12:15:00,,,,,,,,0.0,
149,12/01/23 12:20:00,,,,,,,,0.0,
150,12/01/23 12:25:00,,,,,,,,0.0,
151,12/01/23 12:30:00,,,,,,,,0.0,
152,12/01/23 12:35:00,,,,,,,,0.0,
153,12/01/23 12:40:00,,,,,,,,0.0,
154,12/01/23 12:45:00,,,,,,,,0.0,
155,12/01/23 12:50:00,,,,,,,,0.0,
156,12/01/23 12:55:00,,,,,,,,0.0,
157,12/01/23 13:00:00,0.0,0.0,0.3,1.3,,,,0.0,
158,12/01/23 13:05:00,,,,,,,,0.0,
159,12/01/23 13:10:00,,,,,,,,0.0,0.0
160,12/01/23 13:15:00,,,,,,,,0.0,
161,12/01/23 13:20:00,,,,,,,,0.0,
162,12/01/23 13:25:00,,,,,,,,0.0,
163,12/01/23 13:30:00,,,,,,,,0.0,
164,12/01/23 14:00:00,0.0,0.0,0.3,1.7,,,,,
165,12/01/23 14:10:00,,,,,,,,,0.0
166,12/01/23 15:00:00,0.0,0.0,0.0,1.3,,,,,
167,12/01/23 15:10:00,,,,,,,,,0.0
168,12/01/23 16:00:00,0.0,0.0,0.0,0.7,,,,,
169,12/01/23 16:10:00,,,,,,,,,0.0
170,12/01/23 17:00:00,0.0,0.0,0.0,0.3,,,,,
171,12/01/23 17:10:00,,,,,,,,,0.0
172,12/01/23 18:00:00,0.0,0.0,0.0,0.0,,,,,
173,12/01/23 18:10:00,,,,,,,,,0.0
174,12/01/23 19:00:00,0.0,0.0,0.0,0.0,,,,,
175,12/01/23 19:10:00,,,,,,,,,-888.88
176,12/01/23 20:00:00,0.0,0.0,0.0,0.0,,,,,
177,12/01/23 20:10:00,,,,,,,,,-888.88
178,12/01/23 21:00:00,0.0,0.0,0.0,0.0,,,,,
179,12/01/23 21:10:00,,,,,,,,,-888.88
180,12/01/23 22:00:00,0.0,0.0,0.0,0.0,,,,,
181,12/01/23 22:10:00,,,,,,,,,0.0
182,12/01/23 23:00:00,0.0,0.0,0.0,0.0,,,,,
183,12/01/23 23:10:00,,,,,,,,,-888.88
184,12/02/23 00:00:00,0.0,0.0,0.3,0.0,,,,,
185,12/02/23 00:10:00,,,,,,,,,0.0
186,12/02/23 01:00:00,0.0,0.0,0.3,0.0,,,,,
187,12/02/23 01:10:00,,,,,,,,,0.0
188,12/02/23 02:00:00,0.0,0.0,0.3,0.0,,,,,
189,12/02/23 03:00:00,0.0,0.0,0.3,0.0,,,,,
190,12/02/23 04:00:00,0.0,0.0,0.3,0.0,,,,,
191,12/02/23 04:10:00,,,,,,,0.0,,
192,12/02/23 04:20:00,,,,,,0.0,0.0,,
193,12/02/23 05:00:00,0.0,0.0,0.0,0.0,,,,,
194,12/02/23 05:25:00,,,,,,0.0,0.0,,
195,12/02/23 06:00:00,0.0,0.0,0.3,0.0,,,,,
196,12/02/23 06:40:00,,,,,,0.0,,,
197,12/02/23 06:45:00,,,,,,0.0,,,
198,12/02/23 06:50:00,,,,,,,0.0,,
199,12/02/23 07:00:00,0.0,0.0,0.7,0.3,,0.0,0.0,,
200,12/02/23 08:00:00,0.0,0.0,0.3,0.0,,,,,
201,12/02/23 08:45:00,,,,,,,0.0,,
202,12/02/23 09:00:00,0.0,0.0,0.3,0.0,,,,,
203,12/02/23 09:10:00,,,,,,0.0,0.0,,
204,12/02/23 09:25:00,,,,,,,0.0,,
205,12/02/23 09:55:00,,,,,,0.0,0.0,,
206,12/02/23 10:00:00,0.0,0.0,0.7,0.3,,,,,
207,12/02/23 11:00:00,0.0,0.0,0.3,0.0,,,,,
208,12/02/23 12:00:00,0.0,0.0,0.3,0.0,,,,,
209,12/02/23 13:00:00,0.0,0.0,0.0,0.0,,,,,
210,12/02/23 14:00:00,0.0,0.0,0.0,0.0,,,,,
211,12/02/23 15:00:00,0.0,0.0,0.0,0.0,,,,,
212,12/02/23 16:00:00,0.0,0.0,0.3,0.0,,,,,
213,12/02/23 17:00:00,0.0,0.0,0.0,0.0,,,,,
214,12/02/23 18:00:00,0.0,0.0,0.0,0.0,,,,,
215,12/02/23 19:00:00,0.0,0.0,0.3,0.0,,,,,
216,12/02/23 20:00:00,0.0,0.0,0.3,0.3,,,,,
217,12/02/23 21:00:00,0.0,0.0,0.3,0.3,,,,,
218,12/02/23 22:00:00,0.0,0.0,0.7,0.3,,,,,
219,12/02/23 23:00:00,0.0,0.0,0.7,0.3,,,,,
220,12/03/23 00:00:00,0.0,0.0,0.7,0.3,,,,,
221,12/03/23 01:00:00,0.0,0.0,0.7,0.3,,,,,
222,12/03/23 02:00:00,0.0,0.0,0.3,1.0,,,,,
223,12/03/23 03:00:00,0.0,0.0,0.7,1.3,,,0.0,,
224,12/03/23 03:10:00,,,,,,0.3,0.0,,
225,12/03/23 03:15:00,,,,,,0.3,0.0,,
226,12/03/23 03:20:00,,,,,,0.3,,,
227,12/03/23 03:25:00,,,,,,0.3,0.0,,
228,12/03/23 03:30:00,,,,,,,0.0,,
229,12/03/23 03:35:00,,,,,,0.3,0.0,,
230,12/03/23 03:50:00,,,,,,0.3,0.0,,
231,12/03/23 04:00:00,0.0,0.0,0.7,2.0,,0.3,,,
232,12/03/23 04:05:00,,,,,,0.3,,,
233,12/03/23 04:10:00,,,,,,0.3,0.0,,
234,12/03/23 04:15:00,,,,,,0.3,0.0,,
235,12/03/23 04:20:00,,,,,,0.3,,,
236,12/03/23 04:25:00,,,,,,0.3,0.0,,
237,12/03/23 04:30:00,,,,,,,0.0,,
238,12/03/23 04:35:00,,,,,,0.0,0.0,,
239,12/03/23 04:40:00,,,,,,0.3,,,
240,12/03/23 04:45:00,,,,,,,0.0,,
241,12/03/23 05:00:00,0.0,0.0,0.3,2.0,,,,,
242,12/03/23 05:05:00,,,,,,0.3,0.0,,
243,12/03/23 05:10:00,,,,,,0.3,,,
244,12/03/23 05:20:00,,,,,,,0.0,,
245,12/03/23 05:25:00,,,,,,0.3,0.0,,
246,12/03/23 05:35:00,,,,,,0.0,0.0,,
247,12/03/23 06:00:00,0.0,0.0,0.3,2.0,,,0.0,,
248,12/03/23 06:05:00,,,,,,,0.0,,
249,12/03/23 06:10:00,,,,,,0.3,,,
250,12/03/23 06:15:00,,,,,,0.3,0.0,,
251,12/03/23 06:35:00,,,,,,0.3,,,
252,12/03/23 06:40:00,,,,,,0.3,0.0,,
253,12/03/23 07:00:00,0.0,0.0,0.3,2.0,,,,,
254,12/03/23 07:15:00,,,,,,,0.0,,
255,12/03/23 07:20:00,,,,,,0.0,,,
256,12/03/23 07:25:00,,,,,,,0.0,,
257,12/03/23 07:40:00,,,,,,0.3,0.0,,
258,12/03/23 07:50:00,,,,,,0.3,0.0,,
259,12/03/23 07:55:00,,,,,,0.0,,,
260,12/03/23 08:00:00,0.0,0.0,0.3,2.0,,,,,
261,12/03/23 08:05:00,,,,,,0.3,,,
262,12/03/23 08:10:00,,,,,,,0.0,,
263,12/03/23 08:35:00,,,,,,,0.0,,
264,12/03/23 08:40:00,,,,,,0.3,0.0,,
265,12/03/23 08:45:00,,,,,,0.3,0.0,,
266,12/03/23 08:50:00,,,,,,0.3,,,
267,12/03/23 09:00:00,0.0,0.0,0.3,2.7,,,,,
268,12/03/23 09:05:00,,,,,,,0.0,,
269,12/03/23 09:15:00,,,,,,0.3,,,
270,12/03/23 09:20:00,,,,,,,0.0,,
271,12/03/23 09:25:00,,,,,,0.3,0.0,,
272,12/03/23 09:30:00,,,,,,0.3,,,
273,12/03/23 09:35:00,,,,,,0.0,,,
274,12/03/23 09:40:00,,,,,,0.3,0.0,,
275,12/03/23 10:00:00,0.0,0.0,0.7,1.7,,,,,
276,12/03/23 10:10:00,,,,,,0.3,0.0,,
277,12/03/23 10:40:00,,,,,,,0.0,,
278,12/03/23 10:45:00,,,,,,,0.0,,
279,12/03/23 10:50:00,,,,,,0.3,0.0,,
280,12/03/23 10:55:00,,,,,,0.0,0.0,,
281,12/03/23 11:00:00,0.0,0.0,0.7,1.7,,,,,
282,12/03/23 11:05:00,,,,,,0.0,0.0,,
283,12/03/23 11:10:00,,,,,,,0.0,,
284,12/03/23 11:15:00,,,,,,0.0,0.0,,
285,12/03/23 11:20:00,,,,,,0.3,0.0,,
286,12/03/23 11:25:00,,,,,,0.3,0.0,,
287,12/03/23 11:30:00,,,,,,,0.0,,
288,12/03/23 11:45:00,,,,,,0.0,0.0,,
289,12/03/23 11:50:00,,,,,,,0.0,,
290,12/03/23 12:00:00,0.5,0.0,1.0,1.3,,,,,
291,12/03/23 12:05:00,,,,,,,0.0,,
292,12/03/23 12:25:00,,,,,,,0.0,,
293,12/03/23 12:30:00,,,,,,0.0,0.0,,
294,12/03/23 12:35:00,,,,,,0.3,,,
295,12/03/23 12:40:00,,,,,,,0.0,,
296,12/03/23 12:45:00,,,,,,0.3,0.0,,
297,12/03/23 12:50:00,,,,,,0.0,,,
298,12/03/23 12:55:00,,,,,,0.0,,,
299,12/03/23 13:00:00,0.0,0.0,0.7,1.0,,0.0,0.0,,
300,12/03/23 13:05:00,,,,,,0.3,,,
301,12/03/23 13:10:00,,,,,,0.3,,,
302,12/03/23 13:20:00,,,,,,0.0,0.0,,
303,12/03/23 13:25:00,,,,,,0.3,,,
304,12/03/23 13:35:00,,,,,,,0.0,,
305,12/03/23 13:40:00,,,,,,,0.0,,
306,12/03/23 14:00:00,1.5,0.0,1.0,1.3,,,,,
307,12/03/23 14:05:00,,,,,,,0.0,,
308,12/03/23 14:15:00,,,,,,,0.0,,
309,12/03/23 14:20:00,,,,,,0.0,,,
310,12/03/23 14:25:00,,,,,,0.3,0.0,,
311,12/03/23 14:30:00,,,,,,0.3,,,
312,12/03/23 14:40:00,,,,,,0.3,,,
313,12/03/23 14:45:00,,,,,,0.0,,,
314,12/03/23 14:50:00,,,,,,0.0,0.0,,
315,12/03/23 14:55:00,,,,,,0.3,0.0,,
316,12/03/23 15:00:00,2.0,0.0,1.0,1.3,,,,,
317,12/03/23 15:05:00,,,,,,,0.0,,
318,12/03/23 15:10:00,,,,,,0.3,,,
319,12/03/23 15:15:00,,,,,,0.3,0.0,,
320,12/03/23 15:25:00,,,,,,0.0,0.0,,
321,12/03/23 15:30:00,,,,,,,0.0,,
322,12/03/23 15:50:00,,,,,,0.0,0.0,,
323,12/03/23 16:00:00,1.5,0.0,0.7,1.3,,,,,
324,12/03/23 16:05:00,,,,,,0.0,,,
325,12/03/23 16:15:00,,,,,,,0.0,,
326,12/03/23 16:50:00,,,,,,0.0,0.0,,
327,12/03/23 17:00:00,1.0,0.0,0.7,1.0,,,,,
328,12/03/23 17:45:00,,,,,,0.3,,,
329,12/03/23 18:00:00,0.0,0.0,0.3,1.3,,,,,
330,12/03/23 19:00:00,0.0,0.0,0.0,2.0,,,,,
331,12/03/23 19:10:00,,,,,,,0.0,,
332,12/03/23 19:15:00,,,,,,,0.0,,
333,12/03/23 19:20:00,,,,,,0.3,0.0,,
334,12/03/23 19:30:00,,,,,,0.0,,,
335,12/03/23 19:35:00,,,,,,0.0,0.0,,
336,12/03/23 19:40:00,,,,,,,0.0,,
337,12/03/23 19:45:00,,,,,,0.0,0.0,,
338,12/03/23 19:50:00,,,,,,0.0,0.0,,
339,12/03/23 19:55:00,,,,,,0.0,,,
340,12/03/23 20:00:00,0.0,0.0,0.0,2.3,,,,,
341,12/03/23 20:05:00,,,,,,0.0,0.0,,
342,12/03/23 20:10:00,,,,,,0.0,0.0,,
343,12/03/23 20:15:00,,,,,,0.0,,,
344,12/03/23 21:00:00,0.0,0.0,0.0,2.0,,,,,
345,12/03/23 22:00:00,0.0,0.0,0.0,1.0,,,,,
346,12/03/23 23:00:00,0.0,0.0,0.0,1.3,,,,,
347,12/04/23 00:00:00,0.0,0.0,0.0,1.7,,,,,
348,12/04/23 01:00:00,0.0,0.0,0.0,1.3,,,,,
349,12/04/23 02:00:00,0.0,0.0,0.0,1.3,,,,,
350,12/04/23 02:20:00,,,,,,0.0,0.0,,
351,12/04/23 02:25:00,,,,,,0.0,0.0,,
352,12/04/23 02:30:00,,,,,,0.0,0.0,,
353,12/04/23 02:35:00,,,,,,0.0,0.0,,
354,12/04/23 02:40:00,,,,,,,0.0,,
355,12/04/23 02:50:00,,,,,,,0.0,,
356,12/04/23 02:55:00,,,,,,0.0,,,
357,12/04/23 03:00:00,0.0,0.0,0.0,1.0,,0.0,0.0,,
358,12/04/23 03:05:00,,,,,,0.0,,,
359,12/04/23 03:10:00,,,,,,,0.0,,
360,12/04/23 03:20:00,,,,,,0.0,0.0,,
361,12/04/23 04:00:00,0.0,0.0,0.0,1.7,,,,,
362,12/04/23 04:20:00,,,,,,,0.0,,
363,12/04/23 04:35:00,,,,,,,0.0,,
364,12/04/23 04:45:00,,,,,,,0.0,,
365,12/04/23 04:55:00,,,,,,,0.0,,
366,12/04/23 05:00:00,0.0,0.0,0.0,1.7,,0.0,0.0,,
367,12/04/23 05:05:00,,,,,,,0.0,,
368,12/04/23 05:40:00,,,,,,0.0,0.0,,
369,12/04/23 05:45:00,,,,,,,0.0,,
370,12/04/23 05:55:00,,,,,,0.0,0.0,,
371,12/04/23 06:00:00,0.0,0.0,0.0,1.0,,,0.0,,
372,12/04/23 06:45:00,,,,,,0.0,0.0,,
373,12/04/23 06:50:00,,,,,,,0.0,,
374,12/04/23 06:55:00,,,,,,0.0,,,
375,12/04/23 07:00:00,0.0,0.0,0.0,1.0,,,0.0,,
376,12/04/23 07:05:00,,,,,,0.0,0.0,,
377,12/04/23 07:10:00,,,,,,0.0,0.0,,
378,12/04/23 07:15:00,,,,,,0.0,,,
379,12/04/23 07:20:00,,,,,,0.0,,,
380,12/04/23 07:25:00,,,,,,0.0,0.0,,
381,12/04/23 07:30:00,,,,,,0.0,0.0,,
382,12/04/23 07:35:00,,,,,,,0.0,,
383,12/04/23 07:40:00,,,,,,0.0,0.0,,
384,12/04/23 08:00:00,0.0,0.0,0.0,1.3,,,,,
385,12/04/23 08:45:00,,,,,,0.0,,,
386,12/04/23 08:50:00,,,,,,0.0,,,
387,12/04/23 09:00:00,0.0,0.0,0.0,1.0,,0.0,0.0,,
388,12/04/23 09:05:00,,,,,,,0.0,,
389,12/04/23 09:10:00,,,,,,0.0,0.0,,
390,12/04/23 09:15:00,,,,,,,0.0,,
391,12/04/23 09:30:00,,,,,,,0.0,,
392,12/04/23 09:35:00,,,,,,0.0,,,
393,12/04/23 09:40:00,,,,,,0.0,0.0,,
394,12/04/23 09:50:00,,,,,,0.0,,,
395,12/04/23 10:00:00,0.0,0.0,0.0,0.0,,,,,
396,12/04/23 10:05:00,,,,,,,0.0,,
397,12/04/23 10:50:00,,,,,,0.0,0.0,,
398,12/04/23 10:55:00,,,,,,,0.0,,
399,12/04/23 11:00:00,0.0,0.0,0.0,0.0,,,,,
400,12/04/23 11:05:00,,,,,,0.0,0.0,,
401,12/04/23 11:10:00,,,,,,0.0,,,
402,12/04/23 11:15:00,,,,,,,0.0,,
403,12/04/23 11:20:00,,,,,,,0.0,,
404,12/04/23 11:25:00,,,,,,,0.0,,
405,12/04/23 12:00:00,0.0,0.0,0.0,0.0,,,,,
406,12/04/23 13:00:00,0.0,0.0,0.0,0.0,,,,,
407,12/04/23 13:15:00,,,,,,0.0,0.0,,
408,12/04/23 13:20:00,,,,,,,0.0,,
409,12/04/23 13:25:00,,,,,,0.0,,,
410,12/04/23 13:30:00,,,,,,,0.0,,
411,12/04/23 13:35:00,,,,,,0.0,,,
412,12/04/23 13:40:00,,,,,,0.0,0.0,,
413,12/04/23 13:45:00,,,,,,0.0,,,
414,12/04/23 13:50:00,,,,,,0.0,0.0,,
415,12/04/23 13:55:00,,,,,,0.0,,,
416,12/04/23 14:00:00,0.0,0.0,0.0,0.0,,,0.0,,
417,12/04/23 14:05:00,,,,,,0.0,,,
418,12/04/23 14:10:00,,,,,,0.0,0.0,,
419,12/04/23 14:20:00,,,,,,0.0,,,
420,12/04/23 15:00:00,0.0,0.0,0.0,0.0,,,,,
421,12/04/23 15:15:00,,,,,,0.0,0.0,,
422,12/04/23 15:20:00,,,,,,0.0,0.0,,
423,12/04/23 15:30:00,,,,,,,0.0,,
424,12/04/23 15:35:00,,,,,,0.0,,,
425,12/04/23 15:40:00,,,,,,0.0,0.0,,
426,12/04/23 15:45:00,,,,,,,0.0,,
427,12/04/23 15:55:00,,,,,,0.0,0.0,,
428,12/04/23 16:00:00,0.0,0.0,0.0,0.0,,0.0,0.0,,
429,12/04/23 16:05:00,,,,,,0.0,0.0,,
430,12/04/23 16:20:00,,,,,,0.0,0.0,,
431,12/04/23 16:25:00,,,,,,0.0,0.0,,
432,12/04/23 16:30:00,,,,,,0.0,0.0,,
433,12/04/23 16:35:00,,,,,,,0.0,,
434,12/04/23 16:45:00,,,,,,0.0,,,
435,12/04/23 17:00:00,0.0,0.0,0.0,0.3,,,,,
436,12/04/23 18:00:00,0.0,0.0,0.0,0.3,,,,,
437,12/04/23 19:00:00,0.0,0.0,0.0,0.3,,,,,
438,12/04/23 20:00:00,0.0,0.0,0.0,0.3,,,,,
439,12/04/23 21:00:00,0.0,0.0,0.0,0.7,,,,,
440,12/04/23 22:00:00,0.0,0.0,0.0,1.0,,,,,
441,12/04/23 23:00:00,0.0,0.0,0.3,0.3,,,,,
442,12/05/23 00:00:00,0.0,0.0,0.0,0.3,,,,,
443,12/05/23 01:00:00,0.0,0.0,0.0,0.3,,,,,
444,12/05/23 02:00:00,0.0,0.0,0.0,0.3,,,,,
445,12/05/23 03:00:00,0.0,0.0,0.0,0.0,,,,,
446,12/05/23 04:00:00,0.0,0.0,0.0,0.7,,,,,
447,12/05/23 05:00:00,0.0,0.0,0.0,1.3,,,,,
448,12/05/23 06:00:00,0.0,0.0,0.0,1.7,,,,,
449,12/05/23 06:30:00,,,,,,,0.0,,
450,12/05/23 06:40:00,,,,,,,0.0,,
451,12/05/23 06:50:00,,,,,,,0.0,,
452,12/05/23 06:55:00,,,,,,,0.0,,
453,12/05/23 07:00:00,0.0,0.0,0.0,2.0,,,,,
454,12/05/23 08:00:00,0.0,0.0,0.0,1.7,,,,,
455,12/05/23 08:20:00,,,,,,,0.0,,
456,12/05/23 08:30:00,,,,,,0.0,0.0,,
457,12/05/23 09:00:00,0.0,0.0,0.3,0.7,,,,,
458,12/05/23 09:55:00,,,,,,0.0,,,
459,12/05/23 10:00:00,0.0,0.0,0.3,0.7,,,,,
460,12/05/23 11:00:00,0.0,0.0,0.3,0.7,,,,,
461,12/05/23 12:00:00,0.0,0.0,0.3,0.7,,,,,
462,12/05/23 13:00:00,0.5,0.0,0.3,1.0,,,,,
463,12/05/23 14:00:00,2.5,0.0,0.7,1.0,,,,,
464,12/05/23 14:20:00,,,,,,,0.0,,
465,12/05/23 15:00:00,2.5,0.0,0.7,0.7,,,,,
466,12/05/23 16:00:00,2.5,0.0,0.7,0.3,,,,,
467,12/05/23 16:05:00,,,,,,,0.0,,
468,12/05/23 17:00:00,1.5,0.0,0.3,0.3,,,,,
469,12/05/23 18:00:00,1.5,0.0,0.3,0.3,,,,,
470,12/05/23 19:00:00,0.0,0.0,1.0,0.3,,,,,
471,12/05/23 20:00:00,0.0,0.0,1.3,0.3,,,,,
472,12/05/23 21:00:00,0.0,0.0,0.3,0.0,,,,,
473,12/05/23 22:00:00,0.0,0.0,1.0,0.3,,,,,
474,12/05/23 23:00:00,0.5,0.0,1.0,0.3,,,,,
475,12/06/23 00:00:00,0.0,0.0,1.3,0.7,,,,,
476,12/06/23 01:00:00,0.5,0.0,1.3,0.7,,,,,
477,12/06/23 02:00:00,0.0,0.0,1.7,0.7,,,,,
478,12/06/23 03:00:00,0.0,0.0,1.3,0.3,,,,,
479,12/06/23 04:00:00,0.0,0.0,1.3,0.3,,,,,
480,12/06/23 05:00:00,0.0,0.0,0.7,0.0,,,,,
481,12/06/23 06:00:00,0.0,0.0,0.7,0.0,,,,,
482,12/06/23 07:00:00,0.0,0.0,0.7,0.0,,,,,
483,12/06/23 08:00:00,0.0,0.0,0.7,0.0,,,,,
484,12/06/23 09:00:00,0.0,0.0,0.3,0.0,,,,,
485,12/06/23 10:00:00,0.0,0.0,0.0,0.0,,,,,
486,12/06/23 11:00:00,0.0,0.0,0.0,0.0,,,,,
487,12/06/23 12:00:00,0.0,0.0,0.0,0.0,,,,,
488,12/06/23 13:00:00,0.0,0.0,0.0,0.0,,,,,
489,12/06/23 14:00:00,0.0,0.0,0.0,0.0,,,,,
490,12/06/23 15:00:00,0.0,0.0,0.3,0.0,,,,,
491,12/06/23 16:00:00,0.0,0.0,0.3,0.0,,,,,
492,12/06/23 17:00:00,0.0,0.0,0.3,0.0,,,,,
493,12/06/23 18:00:00,0.0,0.0,0.7,0.0,,,,,
494,12/06/23 19:00:00,0.0,0.0,0.7,0.0,,,,,
495,12/06/23 20:00:00,0.0,0.0,1.3,0.3,,,,,
496,12/06/23 21:00:00,0.0,0.0,1.3,0.7,,,,,
497,12/06/23 22:00:00,0.0,0.0,1.7,0.3,,,,,
498,12/06/23 23:00:00,0.0,0.0,1.7,0.7,,,,,
499,12/07/23 00:00:00,0.0,0.0,2.0,0.7,,,,,
500,12/07/23 01:00:00,0.0,0.0,1.7,0.7,,,,,
501,12/07/23 02:00:00,0.0,0.0,1.7,0.7,,,,,
502,12/07/23 03:00:00,0.0,0.0,1.3,0.7,,,,,
503,12/07/23 04:00:00,0.0,0.0,2.0,0.7,,,,,
504,12/07/23 05:00:00,0.0,0.0,1.7,0.7,,,,,
505,12/07/23 06:00:00,0.0,0.0,1.0,0.3,,,,,
506,12/07/23 07:00:00,0.0,0.0,1.0,0.3,,,,,
507,12/07/23 08:00:00,0.0,0.0,1.3,0.3,,,,,
508,12/07/23 09:00:00,0.0,0.0,1.7,0.3,,,,,
509,12/07/23 10:00:00,0.0,0.0,0.7,0.0,,,,,
510,12/07/23 11:00:00,0.0,0.0,0.7,0.0,,,,,
511,12/07/23 12:00:00,0.0,0.0,0.7,0.0,,,,,
512,12/07/23 13:00:00,0.0,0.0,0.3,0.0,,,,,
513,12/07/23 14:00:00,0.0,0.0,0.0,0.0,,,,,
514,12/07/23 15:00:00,0.0,0.0,0.0,0.0,,,,,
515,12/07/23 16:00:00,0.0,0.0,0.0,0.0,,,,,
516,12/07/23 17:00:00,0.0,0.0,0.3,0.0,,,,,
517,12/07/23 18:00:00,0.0,0.0,0.3,0.0,,,,,
518,12/07/23 19:00:00,0.0,0.0,0.7,0.0,,,,,
519,12/07/23 20:00:00,0.0,0.0,1.0,0.0,,,,,
520,12/07/23 21:00:00,0.0,0.0,0.7,0.0,,,,,
521,12/07/23 22:00:00,0.0,0.0,0.3,0.0,,,,,
522,12/07/23 23:00:00,0.0,0.0,0.7,0.0,,,,,
523,12/08/23 00:00:00,0.0,0.0,0.0,0.0,,,,,
524,12/08/23 01:00:00,0.0,0.0,0.0,0.0,,,,,
525,12/08/23 02:00:00,0.0,0.0,0.0,0.0,,,,,
526,12/08/23 03:00:00,0.0,0.0,0.0,0.0,,,,,
527,12/08/23 04:00:00,0.0,0.0,0.0,0.0,,,,,
528,12/08/23 05:00:00,0.0,0.0,0.0,0.7,,,,,
529,12/08/23 06:00:00,0.0,0.0,0.0,0.3,,,,,
530,12/08/23 07:00:00,0.0,0.0,0.0,0.0,,,,,
531,12/08/23 08:00:00,0.0,0.0,0.0,0.0,,,,,
532,12/08/23 09:00:00,0.0,0.0,0.0,0.0,,,,,
533,12/08/23 10:00:00,0.0,0.0,0.0,0.0,,,,,
534,12/08/23 11:00:00,0.0,0.0,0.0,0.0,,,,,
535,12/08/23 12:00:00,0.0,0.0,0.0,0.0,,,,,
536,12/08/23 13:00:00,0.0,0.0,0.0,0.0,,,,,
537,12/08/23 14:00:00,0.0,0.0,0.0,0.0,,,,,
538,12/08/23 15:00:00,0.0,0.0,0.0,0.0,,,,,
539,12/08/23 16:00:00,0.0,0.0,0.0,0.7,,,,,
540,12/08/23 17:00:00,0.0,0.0,0.0,0.7,,,,,
541,12/08/23 18:00:00,0.0,0.0,0.0,0.7,,,,,
542,12/08/23 19:00:00,0.0,0.0,0.0,1.0,,,,,
543,12/08/23 20:00:00,0.0,0.0,0.0,1.0,,,,,
544,12/08/23 21:00:00,0.0,0.0,0.0,0.0,,,,,
545,12/08/23 22:00:00,0.0,0.0,0.0,0.0,,,,,
546,12/08/23 23:00:00,0.0,0.0,0.0,0.7,,,,,
547,12/09/23 00:00:00,0.0,0.0,0.0,0.3,,,,,
548,12/09/23 01:00:00,0.0,,0.0,0.3,,,,,
549,12/09/23 02:00:00,0.0,,0.0,0.3,,,,,
550,12/09/23 03:00:00,0.0,,0.0,0.3,,,,,
551,12/09/23 04:00:00,0.0,,0.0,0.3,,,,,
552,12/09/23 05:00:00,0.0,,0.0,0.7,,,,,
553,12/09/23 06:00:00,0.0,,0.0,0.7,,,,,
554,12/09/23 07:00:00,0.0,,0.0,1.0,,,,,
555,12/09/23 08:00:00,0.0,,0.0,1.0,,,,,
556,12/09/23 09:00:00,0.0,,0.0,0.7,,,,,
557,12/09/23 10:00:00,0.0,,0.0,1.0,,,,,
558,12/09/23 11:00:00,0.0,,0.0,0.3,,,,,
559,12/09/23 12:00:00,0.0,,0.0,0.7,,,,,
560,12/09/23 13:00:00,0.0,,0.0,0.3,,,,,
561,12/09/23 14:00:00,0.0,,0.0,0.7,,,,,
562,12/09/23 15:00:00,0.0,,0.0,0.7,,,,,
563,12/09/23 16:00:00,0.0,,0.0,0.3,,,,,
564,12/09/23 17:00:00,0.0,,0.3,0.7,,,,,
565,12/09/23 18:00:00,0.0,,0.3,0.0,,,,,
566,12/09/23 19:00:00,0.0,,0.3,0.0,,,,,
567,12/09/23 20:00:00,0.0,,0.0,0.0,,,,,
568,12/09/23 21:00:00,0.0,,0.0,0.0,,,,,
569,12/09/23 22:00:00,0.0,,0.3,0.0,,,,,
570,12/09/23 23:00:00,0.0,,0.3,0.0,,,,,
571,12/10/23 00:00:00,0.0,,0.3,0.0,,,,,
572,12/10/23 01:00:00,0.0,,0.3,0.0,,,,,
573,12/10/23 02:00:00,0.0,,0.3,0.0,,,,,
574,12/10/23 03:00:00,0.0,,0.0,1.0,,,,,
575,12/10/23 04:00:00,0.0,,0.0,1.3,,,,,
576,12/10/23 05:00:00,0.0,,0.0,1.3,,,,,
577,12/10/23 06:00:00,0.0,,0.0,2.3,,,,,
578,12/10/23 07:00:00,0.0,,0.0,1.3,,,,,
579,12/10/23 08:00:00,0.0,,0.0,0.7,,,,,
580,12/10/23 09:00:00,0.0,,0.0,1.0,,,,,
581,12/10/23 10:00:00,0.0,,0.0,0.3,,,,,
582,12/10/23 11:00:00,0.0,,0.3,0.0,,,,,
583,12/10/23 12:00:00,0.0,,0.0,0.0,,,,,
584,12/10/23 13:00:00,0.0,,0.0,0.0,,,,,
585,12/10/23 14:00:00,0.0,,0.0,2.3,,,,,
586,12/10/23 15:00:00,0.0,,0.0,1.3,,,,,
587,12/10/23 16:00:00,0.0,,0.0,0.3,,,,,
588,12/10/23 17:00:00,0.0,,0.0,0.0,,,,,
589,12/10/23 18:00:00,0.0,,0.3,0.0,,,,,
590,12/10/23 19:00:00,0.0,,0.3,0.0,,,,,
591,12/10/23 20:00:00,0.0,,0.0,0.0,,,,,
592,12/10/23 21:00:00,0.0,,0.0,0.0,,,,,
593,12/10/23 22:00:00,0.0,,0.0,0.0,,,,,
594,12/10/23 23:00:00,0.0,,0.0,0.0,,,,,
595,12/11/23 00:00:00,0.0,,0.0,0.0,,,,,
596,12/11/23 01:00:00,0.0,,0.0,0.0,,,,,
597,12/11/23 02:00:00,0.0,,0.0,0.0,,,,,
598,12/11/23 03:00:00,0.0,,0.0,1.3,,,,,
599,12/11/23 04:00:00,0.0,,0.0,0.3,,,,,
600,12/11/23 05:00:00,0.0,,0.0,1.7,,,,,
601,12/11/23 06:00:00,0.0,,0.3,2.7,,,,,
602,12/11/23 07:00:00,0.0,,0.0,2.3,,,,,
603,12/11/23 08:00:00,0.0,,0.0,1.3,,,,,
604,12/11/23 09:00:00,0.0,,0.0,0.0,,,,,
605,12/11/23 10:00:00,0.5,,0.0,1.0,,,,,
606,12/11/23 11:00:00,1.5,,0.0,1.3,,,,,
607,12/11/23 12:00:00,3.0,,0.3,1.3,,,,,
608,12/11/23 13:00:00,1.0,,0.3,0.3,,,,,
609,12/11/23 14:00:00,0.0,,0.0,0.0,,,,,
610,12/11/23 15:00:00,0.0,,0.0,0.0,,,,,
611,12/11/23 16:00:00,0.0,,0.0,0.3,,,,,
612,12/11/23 17:00:00,0.0,,0.0,0.3,,,,,
613,12/11/23 18:00:00,0.0,,0.0,0.0,,,,,
614,12/11/23 19:00:00,0.0,,0.0,0.3,,,,,
615,12/11/23 20:00:00,0.0,,0.0,1.0,,,,,
616,12/11/23 21:00:00,0.0,,0.0,2.0,,,,,
617,12/11/23 22:00:00,0.0,,0.3,3.4,,,,,
618,12/11/23 23:00:00,0.0,,0.0,2.7,,,,,
619,12/12/23 00:00:00,0.0,,0.0,2.0,,,,,
620,12/12/23 01:00:00,0.0,,0.0,2.0,,,,,
621,12/12/23 02:00:00,0.0,,0.0,1.0,,,,,
622,12/12/23 03:00:00,0.0,,0.0,0.3,,,,,
623,12/12/23 04:00:00,0.0,,0.0,0.0,,,,,
624,12/12/23 05:00:00,0.0,,0.0,0.3,,,,,
625,12/12/23 06:00:00,0.0,,0.0,0.7,,,,,
626,12/12/23 07:00:00,0.0,,0.0,0.7,,,,,
627,12/12/23 08:00:00,0.0,,0.0,0.7,,,,,
628,12/12/23 09:00:00,0.0,,0.0,0.7,,,,,
629,12/12/23 10:00:00,0.0,,0.0,0.7,,,,,
630,12/12/23 11:00:00,0.0,,0.0,1.0,,,,,
631,12/12/23 12:00:00,0.0,,0.0,0.7,,,,,
632,12/12/23 13:00:00,0.0,,0.0,1.3,,,,,
633,12/12/23 14:00:00,0.0,,0.7,4.7,,,,,
634,12/12/23 15:00:00,0.0,,1.0,4.7,,,,,
635,12/12/23 16:00:00,0.5,,1.0,5.0,,,,,
636,12/12/23 17:00:00,0.0,,1.0,4.4,,,,,
637,12/12/23 18:00:00,0.0,,1.0,4.4,,,,,
638,12/12/23 19:00:00,0.0,,0.3,4.0,,,,,
639,12/12/23 20:00:00,0.0,,0.0,3.4,,,,,
640,12/12/23 21:00:00,0.0,,0.0,3.0,,,,,
641,12/12/23 22:00:00,0.0,,0.0,3.4,,,,,
642,12/12/23 23:00:00,0.0,,0.3,3.4,,,,,
643,12/13/23 00:00:00,0.0,,0.3,3.7,,,,,
644,12/13/23 01:00:00,0.0,,0.3,3.7,,,,,
645,12/13/23 02:00:00,0.0,,0.3,3.4,,,,,
646,12/13/23 03:00:00,0.0,,0.3,3.4,,,,,
647,12/13/23 04:00:00,0.0,,0.7,4.0,,,,,
648,12/13/23 05:00:00,0.0,,0.0,2.7,,,,,
649,12/13/23 06:00:00,0.0,,0.3,3.7,,,,,
650,12/13/23 07:00:00,0.0,,0.0,3.4,,,,,
651,12/13/23 08:00:00,0.0,,0.3,3.7,,,,,
652,12/13/23 09:00:00,0.0,,0.3,4.4,,,,,
653,12/13/23 10:00:00,0.0,,0.3,4.0,,,,,
654,12/13/23 11:00:00,0.0,,0.3,4.0,,,,,
655,12/13/23 12:00:00,0.0,,0.7,4.4,,,,,
656,12/13/23 13:00:00,0.0,,0.7,4.0,,,,,
657,12/13/23 14:00:00,0.0,,0.3,4.0,,,,,
658,12/13/23 15:00:00,0.0,,0.3,3.4,,,,,
659,12/13/23 16:00:00,0.0,,0.3,3.4,,,,,
660,12/13/23 17:00:00,0.0,,0.0,2.3,,,,,
661,12/13/23 18:00:00,0.0,,0.0,1.3,,,,,
662,12/13/23 19:00:00,0.0,,0.3,2.0,,,,,
663,12/13/23 20:00:00,0.0,,0.7,3.4,,,,,
664,12/13/23 21:00:00,0.0,,0.3,2.3,,,,,
665,12/13/23 22:00:00,0.0,,0.3,2.3,,,,,
666,12/13/23 23:00:00,0.0,,0.3,2.7,,,,,
667,12/14/23 00:00:00,0.0,,0.3,2.0,,,,,
668,12/14/23 01:00:00,0.0,,0.0,1.3,,,,,
669,12/14/23 02:00:00,0.0,,0.0,1.3,,,,,
670,12/14/23 03:00:00,0.0,,0.0,1.0,,,,,
671,12/14/23 04:00:00,0.0,,0.0,1.0,,,,,
672,12/14/23 05:00:00,0.0,,0.0,0.7,,,,,
673,12/14/23 06:00:00,0.0,,0.0,1.0,,,,,
674,12/14/23 07:00:00,0.0,,0.0,1.3,,,,,
675,12/14/23 08:00:00,0.0,,0.0,1.3,,,,,
676,12/14/23 09:00:00,0.0,,0.0,1.0,,,,,
677,12/14/23 10:00:00,0.0,,0.0,1.3,,,,,
678,12/14/23 11:00:00,0.0,,0.0,1.0,,,,,
679,12/14/23 12:00:00,0.0,,0.0,1.3,,,,,
680,12/14/23 13:00:00,0.0,,0.0,1.7,,,,,
681,12/14/23 14:00:00,0.0,,0.0,2.3,,,,,
682,12/14/23 15:00:00,0.0,,0.0,1.7,,,,,
683,12/14/23 16:00:00,0.0,,0.0,2.7,,,,,
684,12/14/23 17:00:00,0.0,,0.0,2.0,,,,,
685,12/14/23 18:00:00,0.0,,0.0,1.3,,,,,
686,12/14/23 19:00:00,0.0,,0.0,1.3,,,,,
687,12/14/23 20:00:00,0.0,,0.0,1.3,,,,,
688,12/14/23 21:00:00,0.0,,0.0,1.0,,,,,
689,12/14/23 22:00:00,0.0,,0.0,1.0,,,,,
690,12/14/23 23:00:00,0.0,,0.0,1.7,,,,,
691,12/15/23 00:00:00,0.0,,0.0,1.7,,,,,
692,12/15/23 01:00:00,0.0,,0.0,1.3,,,,,
693,12/15/23 02:00:00,0.0,,0.0,2.0,,,,,
694,12/15/23 03:00:00,0.0,,0.0,1.7,,,,,
695,12/15/23 04:00:00,0.0,,0.0,1.3,,,,,
696,12/15/23 05:00:00,0.0,,0.0,0.3,,,,,
697,12/15/23 06:00:00,0.0,,0.0,0.7,,,,,
698,12/15/23 07:00:00,0.0,,0.0,1.3,,,,,
699,12/15/23 08:00:00,0.0,,0.0,1.3,,,,,
700,12/15/23 09:00:00,0.0,,0.0,1.7,,,,,
701,12/15/23 10:00:00,0.0,,0.0,1.3,,,,,
702,12/15/23 11:00:00,0.0,,0.0,1.7,,,,,
703,12/15/23 12:00:00,0.0,,0.0,2.0,,,,,
704,12/15/23 13:00:00,0.0,,0.0,2.0,,,,,
705,12/15/23 14:00:00,0.0,,0.0,1.7,,,,,
706,12/15/23 15:00:00,0.0,,0.0,2.0,,,,,
707,12/15/23 16:00:00,0.0,,0.0,2.0,,,,,
708,12/15/23 17:00:00,0.0,,0.0,1.7,,,,,
709,12/15/23 18:00:00,0.5,,0.0,0.3,,,,,
710,12/15/23 19:00:00,0.0,,0.0,0.7,,,,,
711,12/15/23 20:00:00,0.0,,0.0,0.3,,,,,
712,12/15/23 21:00:00,0.0,,0.0,0.0,,,,,
713,12/15/23 22:00:00,0.0,,0.0,0.3,,,,,
714,12/15/23 23:00:00,0.0,,0.0,0.0,,,,,
715,12/16/23 00:00:00,0.0,,0.0,0.0,,,,,
716,12/16/23 01:00:00,0.0,,0.0,0.0,,,,,
717,12/16/23 02:00:00,0.0,,0.0,0.0,,,,,
718,12/16/23 03:00:00,0.0,,0.0,0.0,,,,,
719,12/16/23 04:00:00,0.0,,0.0,0.0,,,,,
720,12/16/23 05:00:00,0.0,,0.0,0.0,,,,,
721,12/16/23 06:00:00,0.0,,0.0,0.0,,,,,
722,12/16/23 07:00:00,0.0,,0.0,0.0,,,,,
723,12/16/23 08:00:00,0.0,,0.0,0.0,,,,,
724,12/16/23 09:00:00,0.0,,0.0,0.3,,,,,
725,12/16/23 10:00:00,0.0,,0.0,0.7,,,,,
726,12/16/23 11:00:00,0.0,,0.0,0.0,,,,,
727,12/16/23 12:00:00,0.0,,0.0,0.0,,,,,
728,12/16/23 13:00:00,0.0,,0.0,0.0,,,,,
729,12/16/23 14:00:00,0.0,,0.0,0.3,,,,,
730,12/16/23 15:00:00,0.0,,0.0,1.3,,,,,
731,12/16/23 16:00:00,0.0,,0.0,1.3,,,,,
732,12/16/23 17:00:00,0.0,,0.0,1.3,,,,,
733,12/16/23 18:00:00,0.0,,0.0,0.7,,,,,
734,12/16/23 19:00:00,0.0,,0.0,0.7,,,,,
735,12/16/23 20:00:00,0.0,,0.0,2.0,,,,,
736,12/16/23 21:00:00,0.0,,0.0,2.0,,,,,
737,12/16/23 22:00:00,0.0,,0.0,3.0,,,,,
738,12/16/23 23:00:00,0.0,,0.0,1.3,,,,,
739,12/17/23 00:00:00,0.0,,0.0,1.7,,,,,
740,12/17/23 01:00:00,0.0,,0.0,2.3,,,,,
741,12/17/23 02:00:00,0.0,,0.0,3.4,,,,,
742,12/17/23 03:00:00,0.0,,0.0,3.7,,,,,
743,12/17/23 04:00:00,0.0,,0.0,3.4,,,,,
744,12/17/23 05:00:00,0.0,,0.0,3.4,,,,,
745,12/17/23 06:00:00,0.0,,0.3,4.0,,,,,
746,12/17/23 07:00:00,0.0,,0.0,3.4,,,,,
747,12/17/23 08:00:00,0.0,,0.0,2.0,,,,,
748,12/17/23 09:00:00,0.0,,0.0,1.3,,,,,
749,12/17/23 10:00:00,0.0,,0.3,2.0,,,,,
750,12/17/23 11:00:00,0.0,,0.3,2.0,,,,,
751,12/17/23 12:00:00,0.0,,0.3,1.7,,,,,
752,12/17/23 13:00:00,0.0,,0.0,1.3,,,,,
753,12/17/23 14:00:00,0.0,,0.0,1.7,,,,,
754,12/17/23 15:00:00,0.0,,0.0,1.7,,,,,
755,12/17/23 16:00:00,0.0,,0.0,1.3,,,,,
756,12/17/23 17:00:00,0.0,,0.0,0.7,,,,,
757,12/17/23 18:00:00,0.0,,0.0,1.3,,,,,
758,12/17/23 19:00:00,0.0,,0.0,2.0,,,,,
759,12/17/23 20:00:00,0.0,,0.0,2.0,,,,,
760,12/17/23 21:00:00,0.0,,0.0,0.0,,,,,
761,12/17/23 22:00:00,0.0,,0.0,0.3,,,,,
762,12/17/23 23:00:00,0.0,,0.0,0.3,,,,,
763,12/18/23 00:00:00,0.0,,0.0,0.3,,,,,
764,12/18/23 01:00:00,0.0,,0.0,0.3,,,,,
765,12/18/23 02:00:00,0.0,,0.0,0.3,,,,,
766,12/18/23 03:00:00,0.0,,0.0,0.0,,,,,
767,12/18/23 04:00:00,0.0,,0.0,0.0,,,,,
768,12/18/23 05:00:00,0.0,,0.0,0.0,,,,,
769,12/18/23 06:00:00,0.0,,0.0,0.0,,,,,
770,12/18/23 07:00:00,0.0,,0.0,0.3,,,,,
771,12/18/23 08:00:00,0.0,,0.0,0.0,,,,,
772,12/18/23 09:00:00,0.0,,0.0,0.0,,,,,
773,12/18/23 10:00:00,0.0,,0.0,0.0,,,,,
774,12/18/23 11:00:00,0.0,,0.0,0.7,,,,,
775,12/18/23 12:00:00,0.0,,0.0,0.3,,,,,
776,12/18/23 13:00:00,0.0,,0.0,0.0,,,,,
777,12/18/23 14:00:00,0.0,,0.0,0.0,,,,,
778,12/18/23 15:00:00,0.0,,0.0,0.3,,,,,
779,12/18/23 16:00:00,0.0,,0.3,0.3,,,,,
780,12/18/23 17:00:00,0.0,,0.3,0.3,,,,,
781,12/18/23 18:00:00,0.0,,0.7,0.3,,,,,
782,12/18/23 19:00:00,0.0,,0.3,0.3,,,,,
783,12/18/23 20:00:00,0.0,,0.3,0.3,,,,,
784,12/18/23 21:00:00,0.0,,0.3,0.3,,,,,
785,12/18/23 22:00:00,0.0,,0.0,0.0,,,,,
786,12/18/23 23:00:00,0.0,,0.3,0.0,,,,,
787,12/19/23 00:00:00,0.0,,0.0,0.0,,,,,
788,12/19/23 01:00:00,0.0,,0.0,0.0,,,,,
789,12/19/23 02:00:00,0.0,,0.0,0.0,,,,,
790,12/19/23 03:00:00,0.0,,0.7,0.7,,,,,
791,12/19/23 04:00:00,0.0,,0.0,0.0,,,,,
792,12/19/23 05:00:00,0.0,,0.0,0.0,,,,,
793,12/19/23 06:00:00,0.0,,0.0,0.0,,,,,
794,12/19/23 07:00:00,0.0,,0.0,0.0,,,,,
795,12/19/23 08:00:00,0.0,,0.0,0.0,,,,,
796,12/19/23 09:00:00,0.0,,0.0,0.0,,,,,
797,12/19/23 10:00:00,0.0,,0.0,0.0,,,,,
798,12/19/23 11:00:00,0.0,,0.0,0.0,,,,,
799,12/19/23 12:00:00,0.0,,0.0,0.0,,,,,
800,12/19/23 13:00:00,0.0,,0.0,0.0,,,,,
801,12/19/23 14:00:00,0.0,,0.0,0.0,,,,,
802,12/19/23 15:00:00,0.0,,0.0,0.0,,,,,
803,12/19/23 16:00:00,0.0,,0.0,0.0,,,,,
804,12/19/23 17:00:00,0.0,,0.0,0.0,,,,,
805,12/19/23 18:00:00,0.0,,0.0,0.0,,,,,
806,12/19/23 19:00:00,0.0,,0.0,0.0,,,,,
807,12/19/23 20:00:00,0.0,,0.0,0.0,,,,,
808,12/19/23 21:00:00,0.0,,0.0,0.0,,,,,
809,12/19/23 22:00:00,0.0,,0.3,0.0,,,,,
810,12/19/23 23:00:00,0.0,,0.3,0.0,,,,,
811,12/20/23 00:00:00,0.0,,0.3,0.0,,,,,
812,12/20/23 01:00:00,0.0,,0.3,0.3,,,,,
813,12/20/23 02:00:00,0.0,,0.3,0.3,,,,,
814,12/20/23 03:00:00,0.0,,0.7,0.3,,,,,
815,12/20/23 04:00:00,0.0,,1.0,0.7,,,,,
816,12/20/23 05:00:00,0.0,,1.0,1.0,,,,,
817,12/20/23 06:00:00,0.0,,0.7,0.7,,,,,
818,12/20/23 07:00:00,0.0,,0.7,1.0,,,,,
819,12/20/23 08:00:00,0.0,,0.7,0.7,,,,,
820,12/20/23 08:50:00,,,,,,,,,2.5
821,12/20/23 09:00:00,0.0,,0.7,0.7,,,,,
822,12/20/23 09:55:00,,,,,,,,,2.0
823,12/20/23 10:00:00,0.0,,0.7,0.7,,,,,
824,12/20/23 10:25:00,,,,,,,,,3.0
825,12/20/23 11:00:00,0.0,,0.7,0.3,,,,,
826,12/20/23 12:00:00,0.0,,0.3,0.3,,,,,
827,12/20/23 12:30:00,,,,,,,,,1.0
828,12/20/23 13:00:00,0.0,,0.0,0.0,,,,,
829,12/20/23 14:00:00,0.0,,0.0,0.0,,,,,
830,12/20/23 15:00:00,0.0,,0.0,0.0,,,,,
831,12/20/23 16:00:00,0.0,,0.3,0.0,,,,,
832,12/20/23 17:00:00,0.0,,0.0,0.0,,,,,
833,12/20/23 18:00:00,0.0,,0.3,0.0,,,,,
834,12/20/23 19:00:00,0.0,,0.0,0.0,,,,,
835,12/20/23 20:00:00,0.0,,0.0,0.3,,,,,
836,12/20/23 21:00:00,0.0,,0.0,0.3,,,,,
837,12/20/23 22:00:00,0.0,,0.0,0.0,,,,,
838,12/20/23 23:00:00,0.0,,0.0,0.0,,,,,
839,12/21/23 00:00:00,0.0,,0.0,0.0,,,,,
840,12/21/23 01:00:00,0.0,,0.0,0.0,,,,,
841,12/21/23 02:00:00,0.0,,0.0,0.0,,,,,
842,12/21/23 03:00:00,0.0,,0.0,0.0,,,,,
843,12/21/23 04:00:00,0.0,,0.0,0.0,,,,,
844,12/21/23 05:00:00,0.0,,0.0,0.0,,,,,
845,12/21/23 06:00:00,0.0,,0.0,0.0,,,,,
846,12/21/23 07:00:00,0.0,,0.0,0.0,,,,,
847,12/21/23 08:00:00,0.0,,0.0,0.0,,,,,
848,12/21/23 09:00:00,0.0,,0.0,0.0,,,,,
849,12/21/23 10:00:00,0.0,,0.0,0.0,,,,,
850,12/21/23 11:00:00,0.0,,0.0,0.0,,,,,
851,12/21/23 12:00:00,0.0,,0.0,0.0,,,,,
852,12/21/23 13:00:00,0.0,,0.0,0.0,,,,,
853,12/21/23 14:00:00,0.0,,0.0,0.0,,,,,
854,12/21/23 15:00:00,0.0,,0.0,0.0,,,,,
855,12/21/23 16:00:00,0.0,,0.0,0.0,,,,,
856,12/21/23 17:00:00,0.0,,0.0,0.0,,,,,
857,12/21/23 18:00:00,0.0,,0.0,0.0,,,,,
858,12/21/23 19:00:00,0.0,,0.0,0.0,,,,,
859,12/21/23 20:00:00,0.0,,0.3,0.0,,,,,
860,12/21/23 21:00:00,0.0,,0.3,0.0,,,,,
861,12/21/23 22:00:00,0.0,,0.0,0.0,,,,,
862,12/21/23 23:00:00,0.0,,0.0,0.0,,,,,
863,12/22/23 00:00:00,0.0,,0.0,0.0,,,,,
864,12/22/23 01:00:00,0.0,,0.0,0.0,,,,,
865,12/22/23 01:30:00,,,,,,,,,0.0
866,12/22/23 02:00:00,0.0,,0.0,0.0,,,,,
867,12/22/23 03:00:00,0.0,,0.0,0.3,,,,,
868,12/22/23 04:00:00,0.0,,0.0,0.3,,,,,
869,12/22/23 05:00:00,0.0,,0.0,0.7,,,,,
870,12/22/23 06:00:00,0.0,,0.0,0.3,,,,,
871,12/22/23 07:00:00,0.0,,0.0,0.3,,,,,
872,12/22/23 08:00:00,0.0,,0.0,0.7,,,,,
873,12/22/23 09:00:00,0.0,,0.0,0.7,,,,,
874,12/22/23 09:25:00,,,,,,,,,0.0
875,12/22/23 10:00:00,0.0,,0.0,0.3,,,,,
876,12/22/23 10:55:00,,,,,,,,,0.0
877,12/22/23 11:00:00,0.0,,0.0,0.3,,,,,
878,12/22/23 12:00:00,0.0,,0.0,0.7,,,,,
879,12/22/23 13:00:00,0.0,,0.0,0.3,,,,,
880,12/22/23 13:05:00,,,,,,,,,0.0
881,12/22/23 14:00:00,0.0,,0.0,0.7,,,,,
882,12/22/23 14:15:00,,,,,,,,,0.0
883,12/22/23 14:35:00,,,,,,,,,0.0
884,12/22/23 15:00:00,0.0,,0.0,0.0,,,,,
885,12/22/23 15:30:00,,,,,,,,,0.0
886,12/22/23 15:50:00,,,,,,,,,0.0
887,12/22/23 16:00:00,0.0,,0.0,0.0,,,,,
888,12/22/23 17:00:00,0.0,,0.0,0.3,,,,,
889,12/22/23 17:55:00,,,,,,,,,0.0
890,12/22/23 18:00:00,0.0,,0.0,0.3,,,,,
891,12/22/23 19:00:00,0.0,,0.0,0.3,,,,,
892,12/22/23 19:20:00,,,,,,,,,0.0
893,12/22/23 19:45:00,,,,,,,,,0.0
894,12/22/23 20:00:00,0.0,,0.0,0.7,,,,,
895,12/22/23 21:00:00,0.0,,0.0,1.7,,,,,
896,12/22/23 21:05:00,,,,,,,,,0.5
897,12/22/23 22:00:00,0.0,,0.0,1.0,,,,,
898,12/22/23 23:00:00,0.0,,0.0,0.3,,,,,
899,12/23/23 00:00:00,0.0,,0.0,0.7,,,,,
900,12/23/23 01:00:00,0.0,,0.0,0.0,,,,,
901,12/23/23 02:00:00,0.0,,0.0,0.3,,,,,
902,12/23/23 02:45:00,,,,,,,,,0.0
903,12/23/23 03:00:00,0.0,,0.0,0.3,,,,,
904,12/23/23 04:00:00,0.0,,0.0,0.3,,,,,
905,12/23/23 05:00:00,0.0,,0.0,0.0,,,,,
906,12/23/23 06:00:00,0.0,,0.0,0.3,,,,,
907,12/23/23 07:00:00,0.0,,0.0,0.7,,,,,
908,12/23/23 08:00:00,0.0,,0.0,0.3,,,,,
909,12/23/23 09:00:00,0.0,,0.3,0.0,,,,,
910,12/23/23 10:00:00,0.0,,0.3,0.0,,,,,
911,12/23/23 11:00:00,0.0,,0.0,0.0,,,,,
912,12/23/23 12:00:00,0.0,,0.0,0.0,,,,,
913,12/23/23 13:00:00,0.0,,0.0,0.0,,,,,
914,12/23/23 14:00:00,0.0,,0.7,0.3,,,,,
915,12/23/23 15:00:00,0.0,,0.7,0.0,,,,,
916,12/23/23 16:00:00,0.0,,0.3,0.0,,,,,
917,12/23/23 17:00:00,0.0,,0.0,0.0,,,,,
918,12/23/23 18:00:00,0.0,,0.0,1.0,,,,,
919,12/23/23 19:00:00,0.0,,0.0,0.3,,,,,
920,12/23/23 20:00:00,0.0,,0.0,1.7,,,,,
921,12/23/23 21:00:00,0.0,,0.0,1.3,,,,,
922,12/23/23 22:00:00,1.5,,0.3,1.0,,,,,
923,12/23/23 23:00:00,2.5,,0.3,1.3,,,,,
924,12/24/23 00:00:00,2.5,,0.3,2.0,,,,,
925,12/24/23 01:00:00,2.0,,0.3,3.0,,,,,
926,12/24/23 02:00:00,1.0,,0.3,4.4,,,,,
927,12/24/23 03:00:00,2.0,,0.3,4.4,,,,,
928,12/24/23 04:00:00,3.0,,0.3,4.0,,,,,
929,12/24/23 05:00:00,4.0,,0.3,3.4,,,,,
930,12/24/23 06:00:00,3.5,,0.3,3.4,,,,,
931,12/24/23 07:00:00,2.5,,0.3,4.0,,,,,
932,12/24/23 08:00:00,3.0,,0.3,4.0,,,,,
933,12/24/23 09:00:00,4.5,,0.3,3.0,,,,,
934,12/24/23 10:00:00,3.0,,0.3,3.7,,,,,
935,12/24/23 11:00:00,2.0,,0.3,4.7,,,,,
936,12/24/23 12:00:00,2.5,,0.3,5.0,,,,,
937,12/24/23 13:00:00,3.0,,0.3,5.0,,,,,
938,12/24/23 14:00:00,2.0,,0.3,5.7,,,,,
939,12/24/23 15:00:00,2.5,,0.3,5.4,,,,,
940,12/24/23 16:00:00,2.0,,0.3,5.4,,,,,
941,12/24/23 17:00:00,1.0,,0.3,4.7,,,,,
942,12/24/23 18:00:00,0.5,,0.3,4.4,,,,,
943,12/24/23 19:00:00,0.5,,0.3,4.0,,,,,
944,12/24/23 20:00:00,0.5,,0.3,4.7,,,,,
945,12/24/23 21:00:00,1.5,,0.3,5.0,,,,,
946,12/24/23 21:55:00,,,,,,,,,6.5
947,12/24/23 22:00:00,1.5,,0.3,5.4,,,,,
948,12/24/23 22:55:00,,,,,,,,,6.5
949,12/24/23 23:00:00,1.5,,0.3,5.0,,,,,
950,12/24/23 23:55:00,,,,,,,,,7.0
951,12/25/23 00:00:00,1.5,,0.3,5.4,,,,,
952,12/25/23 00:55:00,,,,,,,,,7.0
953,12/25/23 01:00:00,2.0,,0.3,5.4,,,,,
954,12/25/23 01:55:00,,,,,,,,,7.5
955,12/25/23 02:00:00,3.0,,0.3,5.0,,,,,
956,12/25/23 02:55:00,,,,,,,,,7.5
957,12/25/23 03:00:00,2.5,,0.3,4.7,,,,,
958,12/25/23 03:55:00,,,,,,,,,7.0
959,12/25/23 04:00:00,1.5,,0.3,4.7,,,,,
960,12/25/23 04:55:00,,,,,,,,,6.5
961,12/25/23 05:00:00,0.5,,0.3,4.7,,,,,
962,12/25/23 05:55:00,,,,,,,,,6.0
963,12/25/23 06:00:00,0.0,,0.3,4.7,,,,,
964,12/25/23 06:55:00,,,,,,,,,5.5
965,12/25/23 07:00:00,0.0,,0.3,4.4,,,,,
966,12/25/23 07:55:00,,,,,,,,,5.0
967,12/25/23 08:00:00,0.0,,0.3,4.0,,,,,
968,12/25/23 08:55:00,,,,,,,,,4.5
969,12/25/23 09:00:00,0.0,,0.0,3.4,,,,,
970,12/25/23 09:55:00,,,,,,,,,3.0
971,12/25/23 10:00:00,0.0,,0.0,2.3,,,,,
972,12/25/23 10:55:00,,,,,,,,,1.0
973,12/25/23 11:00:00,0.0,,0.0,1.0,,,,,
974,12/25/23 11:55:00,,,,,,,,,0.0
975,12/25/23 12:00:00,0.0,,0.0,0.3,,,,,
976,12/25/23 12:55:00,,,,,,,,,0.0
977,12/25/23 13:00:00,0.0,,0.0,0.0,,,,,
978,12/25/23 13:55:00,,,,,,,,,0.0
979,12/25/23 14:00:00,0.0,,0.0,0.0,,,,,
980,12/25/23 14:55:00,,,,,,,,,0.0
981,12/25/23 15:00:00,0.0,,0.0,0.0,,,,,
982,12/25/23 15:55:00,,,,,,,,,1.0
983,12/25/23 16:00:00,0.0,,0.3,0.7,,,,,
984,12/25/23 16:55:00,,,,,,,,,2.0
985,12/25/23 17:00:00,0.0,,0.3,0.7,,,,,
986,12/25/23 17:55:00,,,,,,,,,3.0
987,12/25/23 18:00:00,0.0,,0.3,1.0,,,,,
988,12/25/23 18:55:00,,,,,,,,,3.5
989,12/25/23 19:00:00,0.0,,0.3,1.0,,,,,
990,12/25/23 19:55:00,,,,,,,,,3.5
991,12/25/23 20:00:00,0.0,,0.3,1.0,,,,,
992,12/25/23 20:55:00,,,,,,,,,2.5
993,12/25/23 21:00:00,0.0,,0.3,0.3,,,,,
994,12/25/23 21:55:00,,,,,,,,,0.5
995,12/25/23 22:00:00,0.0,,0.0,2.7,,,,,
996,12/25/23 22:55:00,,,,,,,,,0.5
997,12/25/23 23:00:00,0.0,,0.0,1.7,,,,,
998,12/25/23 23:55:00,,,,,,,,,0.5
999,12/26/23 00:00:00,0.0,,0.0,0.7,,,,,
1000,12/26/23 00:55:00,,,,,,,,,1.5
1001,12/26/23 01:00:00,0.0,,0.3,0.0,,,,,
1002,12/26/23 01:55:00,,,,,,,,,1.0
1003,12/26/23 02:00:00,0.0,,0.0,0.0,,,,,
1004,12/26/23 02:55:00,,,,,,,,,0.0
1005,12/26/23 03:00:00,0.0,,0.0,0.0,,,,,
1006,12/26/23 03:55:00,,,,,,,,,0.5
1007,12/26/23 04:00:00,0.0,,0.0,0.0,,,,,
1008,12/26/23 04:55:00,,,,,,,,,0.0
1009,12/26/23 05:00:00,0.0,,0.0,0.0,,,,,
1010,12/26/23 05:55:00,,,,,,,,,0.0
1011,12/26/23 06:00:00,0.0,,0.0,0.7,,,,,
1012,12/26/23 06:55:00,,,,,,,,,0.5
1013,12/26/23 07:00:00,0.0,,0.0,1.0,,,,,
1014,12/26/23 07:55:00,,,,,,,,,0.5
1015,12/26/23 08:00:00,0.0,,0.0,0.7,,,,,
1016,12/26/23 08:55:00,,,,,,,,,1.0
1017,12/26/23 09:00:00,0.0,,0.0,0.7,,,,,
1018,12/26/23 09:55:00,,,,,,,,,2.5
1019,12/26/23 10:00:00,0.0,,0.0,1.3,,,,,
1020,12/26/23 10:55:00,,,,,,,,,4.0
1021,12/26/23 11:00:00,0.0,,0.0,1.7,,,,,
1022,12/26/23 11:55:00,,,,,,,,,3.5
1023,12/26/23 12:00:00,0.0,,0.3,2.3,,,,,
1024,12/26/23 12:55:00,,,,,,,,,3.5
1025,12/26/23 13:00:00,0.0,,0.0,2.3,,,,,
1026,12/26/23 13:55:00,,,,,,,,,2.5
1027,12/26/23 14:00:00,0.0,,0.0,2.3,,,,,
1028,12/26/23 14:55:00,,,,,,,,,2.5
1029,12/26/23 15:00:00,0.0,,0.0,1.7,,,,,
1030,12/26/23 15:55:00,,,,,,,,,3.0
1031,12/26/23 16:00:00,0.0,,0.0,1.7,,,,,
1032,12/26/23 16:55:00,,,,,,,,,3.5
1033,12/26/23 17:00:00,0.0,,0.0,1.3,,,,,
1034,12/26/23 17:55:00,,,,,,,,,3.5
1035,12/26/23 18:00:00,0.0,,0.0,1.0,,,,,
1036,12/26/23 18:55:00,,,,,,,,,4.0
1037,12/26/23 19:00:00,0.0,,0.0,1.3,,,,,
1038,12/26/23 19:55:00,,,,,,,,,4.5
1039,12/26/23 20:00:00,0.0,,0.0,1.3,,,,,
1040,12/26/23 20:55:00,,,,,,,,,4.5
1041,12/26/23 21:00:00,0.0,,0.0,1.3,,,,,
1042,12/26/23 21:55:00,,,,,,,,,4.0
1043,12/26/23 22:00:00,0.0,,0.0,1.7,,,,,
1044,12/26/23 22:55:00,,,,,,,,,3.5
1045,12/26/23 23:00:00,0.0,,0.0,2.7,,,,,
1046,12/26/23 23:55:00,,,,,,,,,4.5
1047,12/27/23 00:00:00,0.0,,0.0,4.0,,,,,
1048,12/27/23 00:55:00,,,,,,,,,4.5
1049,12/27/23 01:00:00,0.0,,0.0,4.0,,,,,
1050,12/27/23 01:55:00,,,,,,,,,5.5
1051,12/27/23 02:00:00,0.0,,0.3,4.7,,,,,
1052,12/27/23 02:55:00,,,,,,,,,5.5
1053,12/27/23 03:00:00,0.0,,0.3,5.0,,,,,
1054,12/27/23 03:55:00,,,,,,,,,4.5
1055,12/27/23 04:00:00,0.0,,0.3,4.4,,,,,
1056,12/27/23 04:55:00,,,,,,,,,6.0
1057,12/27/23 05:00:00,0.0,,0.7,4.4,,,,,
1058,12/27/23 05:55:00,,,,,,,,,6.0
1059,12/27/23 06:00:00,0.0,,0.7,4.7,,,,,
1060,12/27/23 06:55:00,,,,,,,,,5.0
1061,12/27/23 07:00:00,0.0,,0.7,3.4,,,,,
1062,12/27/23 07:55:00,,,,,,,,,4.5
1063,12/27/23 08:00:00,0.0,,0.3,3.0,,,,,
1064,12/27/23 08:55:00,,,,,,,,,4.0
1065,12/27/23 09:00:00,0.0,,0.3,2.0,,,,,
1066,12/27/23 09:55:00,,,,,,,,,3.0
1067,12/27/23 10:00:00,0.0,,0.3,2.0,,,,,
1068,12/27/23 10:55:00,,,,,,,,,2.0
1069,12/27/23 11:00:00,0.0,,0.3,1.7,,,,,
1070,12/27/23 11:55:00,,,,,,,,,2.5
1071,12/27/23 12:00:00,0.0,,0.3,1.7,,,,,
1072,12/27/23 12:55:00,,,,,,,,,1.5
1073,12/27/23 13:00:00,0.0,,0.0,2.0,,,,,
1074,12/27/23 13:55:00,,,,,,,,,0.5
1075,12/27/23 14:00:00,0.0,,0.0,1.0,,,,,
1076,12/27/23 14:55:00,,,,,,,,,0.0
1077,12/27/23 15:00:00,0.0,,0.0,0.0,,,,,
1078,12/27/23 15:55:00,,,,,,,,,0.0
1079,12/27/23 16:00:00,0.0,,0.0,0.0,,,,,
1080,12/27/23 16:55:00,,,,,,,,,0.5
1081,12/27/23 17:00:00,0.0,,0.0,0.0,,,,,
1082,12/27/23 17:55:00,,,,,,,,,0.0
1083,12/27/23 18:00:00,0.0,,0.0,0.0,,,,,
1084,12/27/23 18:55:00,,,,,,,,,0.5
1085,12/27/23 19:00:00,0.0,,0.0,0.0,,,,,
1086,12/27/23 19:55:00,,,,,,,,,0.5
1087,12/27/23 20:00:00,0.0,,0.0,0.0,,,,,
1088,12/27/23 20:55:00,,,,,,,,,0.0
1089,12/27/23 21:00:00,0.0,,0.0,0.0,,,,,
1090,12/27/23 21:55:00,,,,,,,,,0.0
1091,12/27/23 22:00:00,0.0,,0.0,0.0,,,,,
1092,12/27/23 22:55:00,,,,,,,,,0.0
1093,12/27/23 23:00:00,0.0,,0.0,0.0,,,,,
1094,12/27/23 23:55:00,,,,,,,,,0.5
1095,12/28/23 00:00:00,0.0,,0.3,0.3,,,,,
1096,12/28/23 00:55:00,,,,,,,,,0.0
1097,12/28/23 01:00:00,0.0,,0.7,0.0,,,,,
1098,12/28/23 01:55:00,,,,,,,,,0.0
1099,12/28/23 02:00:00,0.0,,0.0,0.0,,,,,
1100,12/28/23 02:55:00,,,,,,,,,0.5
1101,12/28/23 03:00:00,0.0,,0.3,0.3,,,,,
1102,12/28/23 03:55:00,,,,,,,,,1.0
1103,12/28/23 04:00:00,0.0,,0.3,0.3,,,,,
1104,12/28/23 04:55:00,,,,,,,,,0.5
1105,12/28/23 05:00:00,0.0,,0.0,0.0,,,,,
1106,12/28/23 05:55:00,,,,,,,,,1.0
1107,12/28/23 06:00:00,0.0,,0.3,0.3,,,,,
1108,12/28/23 06:55:00,,,,,,,,,1.5
1109,12/28/23 07:00:00,0.0,,1.0,0.7,,,,,
1110,12/28/23 07:55:00,,,,,,,,,2.0
1111,12/28/23 08:00:00,0.0,,1.0,0.3,,,,,
1112,12/28/23 08:55:00,,,,,,,,,1.5
1113,12/28/23 09:00:00,0.0,,0.7,0.7,,,,,
1114,12/28/23 09:55:00,,,,,,,,,1.5
1115,12/28/23 10:00:00,0.0,,1.0,0.7,,,,,
1116,12/28/23 10:55:00,,,,,,,,,1.0
1117,12/28/23 11:00:00,0.0,,0.7,0.7,,,,,
1118,12/28/23 11:55:00,,,,,,,,,1.0
1119,12/28/23 12:00:00,0.0,,0.3,0.3,,,,,
1120,12/28/23 12:55:00,,,,,,,,,1.5
1121,12/28/23 13:00:00,0.0,,0.0,0.3,,,,,
1122,12/28/23 13:55:00,,,,,,,,,1.5
1123,12/28/23 14:00:00,0.0,,0.3,0.3,,,,,
1124,12/28/23 14:55:00,,,,,,,,,1.5
1125,12/28/23 15:00:00,0.0,,0.0,0.3,,,,,
1126,12/28/23 15:55:00,,,,,,,,,1.5
1127,12/28/23 16:00:00,0.0,,0.0,0.0,,,,,
1128,12/28/23 16:55:00,,,,,,,,,1.0
1129,12/28/23 17:00:00,0.0,,0.0,0.0,,,,,
1130,12/28/23 17:55:00,,,,,,,,,1.5
1131,12/28/23 18:00:00,0.0,,0.0,0.3,,,,,
1132,12/28/23 18:55:00,,,,,,,,,2.0
1133,12/28/23 19:00:00,0.0,,0.3,0.3,,,,,
1134,12/28/23 19:55:00,,,,,,,,,1.0
1135,12/28/23 20:00:00,0.0,,0.3,0.0,,,,,
1136,12/28/23 20:55:00,,,,,,,,,0.5
1137,12/28/23 21:00:00,0.0,,0.3,0.0,,,,,
1138,12/28/23 21:55:00,,,,,,,,,0.0
1139,12/28/23 22:00:00,0.0,,0.3,0.0,,,,,
1140,12/28/23 22:55:00,,,,,,,,,0.0
1141,12/28/23 23:00:00,0.0,,0.0,0.0,,,,,
1142,12/28/23 23:55:00,,,,,,,,,0.0
1143,12/29/23 00:00:00,0.0,,0.0,0.0,,,,,
1144,12/29/23 00:55:00,,,,,,,,,0.0
1145,12/29/23 01:00:00,0.0,,0.0,0.0,,,,,
1146,12/29/23 01:55:00,,,,,,,,,0.0
1147,12/29/23 02:00:00,0.0,,0.0,0.0,,,,,
1148,12/29/23 02:55:00,,,,,,,,,0.0
1149,12/29/23 03:00:00,0.0,,0.0,0.0,,,,,
1150,12/29/23 03:55:00,,,,,,,,,0.5
1151,12/29/23 04:00:00,0.0,,0.0,0.0,,,,,
1152,12/29/23 04:55:00,,,,,,,,,0.0
1153,12/29/23 05:00:00,0.0,,0.0,0.0,,,,,
1154,12/29/23 05:55:00,,,,,,,,,1.0
1155,12/29/23 06:00:00,0.0,,0.0,0.3,,,,,
1156,12/29/23 06:55:00,,,,,,,,,1.0
1157,12/29/23 07:00:00,0.0,,0.0,0.3,,,,,
1158,12/29/23 07:55:00,,,,,,,,,0.0
1159,12/29/23 08:00:00,0.0,,0.3,0.0,,,,,
1160,12/29/23 08:55:00,,,,,,,,,0.0
1161,12/29/23 09:00:00,0.0,,0.3,0.0,,,,,
1162,12/29/23 09:55:00,,,,,,,,,0.0
1163,12/29/23 10:00:00,0.0,,0.0,0.0,,,,,
1164,12/29/23 10:55:00,,,,,,,,,0.5
1165,12/29/23 11:00:00,0.0,,0.0,0.0,,,,,
1166,12/29/23 11:55:00,,,,,,,,,0.5
1167,12/29/23 12:00:00,0.0,,0.0,0.0,,,,,
1168,12/29/23 12:55:00,,,,,,,,,0.0
1169,12/29/23 13:00:00,0.0,,0.0,0.0,,,,,
1170,12/29/23 13:55:00,,,,,,,,,0.0
1171,12/29/23 14:00:00,0.0,,0.0,0.0,,,,,
1172,12/29/23 14:55:00,,,,,,,,,0.0
1173,12/29/23 15:00:00,0.0,,0.0,0.0,,,,,
1174,12/29/23 15:55:00,,,,,,,,,0.0
1175,12/29/23 16:00:00,0.0,,0.0,0.0,,,,,
1176,12/29/23 16:55:00,,,,,,,,,0.0
1177,12/29/23 17:00:00,0.0,,0.0,0.0,,,,,
1178,12/29/23 17:55:00,,,,,,,,,0.0
1179,12/29/23 18:00:00,0.0,,0.0,0.0,,,,,
1180,12/29/23 18:55:00,,,,,,,,,0.0
1181,12/29/23 19:00:00,0.0,,0.0,0.0,,,,,
1182,12/29/23 19:55:00,,,,,,,,,0.0
1183,12/29/23 20:00:00,0.0,,0.0,0.0,,,,,
1184,12/29/23 20:55:00,,,,,,,,,0.0
1185,12/29/23 21:00:00,0.0,,0.0,0.0,,,,,
1186,12/29/23 21:55:00,,,,,,,,,0.0
1187,12/29/23 22:00:00,0.0,,0.0,0.0,,,,,
1188,12/29/23 22:55:00,,,,,,,,,0.0
1189,12/29/23 23:00:00,0.0,,0.0,0.0,,,,,
1190,12/29/23 23:55:00,,,,,,,,,0.0
1191,12/30/23 00:00:00,0.0,,0.0,0.0,,,,,
1192,12/30/23 00:55:00,,,,,,,,,0.0
1193,12/30/23 01:00:00,0.0,,0.0,0.0,,,,,
1194,12/30/23 01:55:00,,,,,,,,,0.0
1195,12/30/23 02:00:00,0.0,,0.0,0.0,,,,,
1196,12/30/23 02:55:00,,,,,,,,,0.0
1197,12/30/23 03:00:00,0.0,,0.0,0.0,,,,,
1198,12/30/23 03:55:00,,,,,,,,,0.0
1199,12/30/23 04:00:00,0.0,,0.0,0.0,,,,,
1200,12/30/23 04:55:00,,,,,,,,,0.0
1201,12/30/23 05:00:00,0.0,,0.0,0.0,,,,,
1202,12/30/23 05:55:00,,,,,,,,,0.0
1203,12/30/23 06:00:00,0.0,,0.0,0.0,,,,,
1204,12/30/23 06:55:00,,,,,,,,,0.0
1205,12/30/23 07:00:00,0.0,,0.0,0.0,,,,,
1206,12/30/23 07:55:00,,,,,,,,,0.0
1207,12/30/23 08:00:00,0.0,,0.0,0.0,,,,,
1208,12/30/23 08:55:00,,,,,,,,,0.0
1209,12/30/23 09:00:00,0.0,,0.0,0.0,,,,,
1210,12/30/23 09:55:00,,,,,,,,,0.0
1211,12/30/23 10:00:00,0.0,,0.0,0.0,,,,,
1212,12/30/23 10:55:00,,,,,,,,,0.0
1213,12/30/23 11:00:00,0.0,,0.0,0.0,,,,,
1214,12/30/23 11:55:00,,,,,,,,,0.0
1215,12/30/23 12:00:00,0.0,,0.0,0.3,,,,,
1216,12/30/23 12:55:00,,,,,,,,,0.0
1217,12/30/23 13:00:00,0.0,,0.0,0.7,,,,,
1218,12/30/23 13:55:00,,,,,,,,,0.0
1219,12/30/23 14:00:00,0.0,,0.0,0.7,,,,,
1220,12/30/23 14:55:00,,,,,,,,,0.0
1221,12/30/23 15:00:00,0.0,,0.0,1.0,,,,,
1222,12/30/23 15:55:00,,,,,,,,,0.0
1223,12/30/23 16:00:00,0.0,,0.0,0.7,,,,,
1224,12/30/23 16:55:00,,,,,,,,,0.0
1225,12/30/23 17:00:00,0.0,,0.0,1.3,,,,,
1226,12/30/23 17:55:00,,,,,,,,,0.0
1227,12/30/23 18:00:00,0.0,,0.0,1.0,,,,,
1228,12/30/23 18:55:00,,,,,,,,,0.0
1229,12/30/23 19:00:00,0.0,,0.0,1.3,,,,,
1230,12/30/23 19:55:00,,,,,,,,,0.0
1231,12/30/23 20:00:00,0.0,,0.0,1.3,,,,,
1232,12/30/23 20:55:00,,,,,,,,,0.0
1233,12/30/23 21:00:00,0.0,,0.0,1.3,,,,,
1234,12/30/23 21:55:00,,,,,,,,,0.0
1235,12/30/23 22:00:00,0.0,,0.0,1.3,,,,,
1236,12/30/23 22:55:00,,,,,,,,,0.0
1237,12/30/23 23:00:00,0.0,,0.0,1.7,,,,,
1238,12/30/23 23:55:00,,,,,,,,,0.0
1239,12/31/23 00:00:00,0.0,,0.0,1.7,,,,,
1240,12/31/23 00:55:00,,,,,,,,,0.0
1241,12/31/23 01:00:00,0.0,,0.0,1.7,,,,,
1242,12/31/23 01:55:00,,,,,,,,,0.0
1243,12/31/23 02:00:00,0.0,,0.0,2.0,,,,,
1244,12/31/23 02:55:00,,,,,,,,,0.0
1245,12/31/23 03:00:00,0.0,,0.0,1.7,,,,,
1246,12/31/23 03:55:00,,,,,,,,,0.0
1247,12/31/23 04:00:00,0.0,,0.0,1.7,,,,,
1248,12/31/23 04:55:00,,,,,,,,,0.0
1249,12/31/23 05:00:00,0.0,,0.0,1.7,,,,,
1250,12/31/23 05:55:00,,,,,,,,,0.0
1251,12/31/23 06:00:00,0.0,,0.0,1.7,,,,,
1252,12/31/23 06:55:00,,,,,,,,,0.0
1253,12/31/23 07:00:00,0.0,,0.0,1.7,,,,,
1254,12/31/23 07:55:00,,,,,,,,,0.0
1255,12/31/23 08:00:00,0.0,,0.0,1.7,,,,,
1256,12/31/23 08:55:00,,,,,,,,,0.0
1257,12/31/23 09:00:00,0.0,,0.0,1.3,,,,,
1258,12/31/23 09:55:00,,,,,,,,,0.0
1259,12/31/23 10:00:00,0.0,,0.0,1.0,,,,,
1260,12/31/23 10:55:00,,,,,,,,,0.0
1261,12/31/23 11:00:00,0.0,,0.0,1.0,,,,,
1262,12/31/23 11:55:00,,,,,,,,,0.0
1263,12/31/23 12:00:00,0.0,,0.0,1.0,,,,,
1264,12/31/23 12:55:00,,,,,,,,,0.0
1265,12/31/23 13:00:00,0.0,,0.0,1.3,,,,,
1266,12/31/23 13:55:00,,,,,,,,,0.0
1267,12/31/23 14:00:00,0.0,,0.0,1.3,,,,,
1268,12/31/23 14:55:00,,,,,,,,,0.0
1269,12/31/23 15:00:00,0.0,,0.0,1.3,,,,,
1270,12/31/23 15:55:00,,,,,,,,,0.0
1271,12/31/23 16:00:00,0.0,,0.0,1.0,,,,,
1272,12/31/23 16:55:00,,,,,,,,,0.0
1273,12/31/23 17:00:00,0.0,,0.0,1.3,,,,,
1274,12/31/23 17:55:00,,,,,,,,,0.0
1275,12/31/23 18:00:00,0.0,,0.0,1.3,,,,,
1276,12/31/23 18:55:00,,,,,,,,,0.0
1277,12/31/23 19:00:00,0.0,,0.0,1.3,,,,,
1278,12/31/23 19:55:00,,,,,,,,,0.0
1279,12/31/23 20:00:00,0.0,,0.0,1.3,,,,,
1280,12/31/23 20:55:00,,,,,,,,,0.0
1281,12/31/23 21:00:00,0.0,,0.0,1.3,,,,,
1282,12/31/23 21:55:00,,,,,,,,,0.0
1283,12/31/23 22:00:00,0.0,,0.0,1.0,,,,,
1284,12/31/23 22:55:00,,,,,,,,,0.0
1285,12/31/23 23:00:00,0.0,,0.0,1.0,,,,,
1286,12/31/23 23:55:00,,,,,,,,,0.0
1287,01/01/24 00:00:00,0.0,,0.0,0.7,,,,,
1288,01/01/24 00:55:00,,,,,,,,,0.0
1289,01/01/24 01:00:00,0.0,,0.0,1.0,,,,,
1290,01/01/24 01:55:00,,,,,,,,,0.0
1291,01/01/24 02:00:00,0.0,,0.0,1.0,,,,,
1292,01/01/24 02:55:00,,,,,,,,,0.0
1293,01/01/24 03:00:00,0.0,,0.0,1.0,,,,,
1294,01/01/24 03:55:00,,,,,,,,,0.0
1295,01/01/24 04:00:00,0.0,,0.0,1.0,,,,,
1296,01/01/24 04:55:00,,,,,,,,,0.0
1297,01/01/24 05:00:00,0.0,,0.0,1.0,,,,,
1298,01/01/24 05:55:00,,,,,,,,,0.0
1299,01/01/24 06:00:00,0.0,,0.0,1.0,,,,,
1300,01/01/24 06:55:00,,,,,,,,,0.0
1301,01/01/24 07:00:00,0.0,,0.0,1.0,,,,,
1302,01/01/24 07:55:00,,,,,,,,,0.0
1303,01/01/24 08:00:00,0.0,,0.0,1.0,,,,,
1304,01/01/24 08:55:00,,,,,,,,,0.0
1305,01/01/24 09:00:00,0.0,,0.0,1.0,,,,,
1306,01/01/24 09:55:00,,,,,,,,,0.0
1307,01/01/24 10:00:00,0.0,,0.0,1.0,,,,,
1308,01/01/24 10:55:00,,,,,,,,,0.0
1309,01/01/24 11:00:00,0.0,,0.0,1.0,,,,,
1310,01/01/24 11:55:00,,,,,,,,,0.0
1311,01/01/24 12:00:00,0.0,,0.0,1.0,,,,,
1312,01/01/24 12:55:00,,,,,,,,,0.0
1313,01/01/24 13:00:00,0.0,,0.0,0.3,,,,,
1314,01/01/24 13:55:00,,,,,,,,,0.0
1315,01/01/24 14:00:00,0.0,,0.0,0.3,,,,,
1316,01/01/24 14:55:00,,,,,,,,,0.0
1317,01/01/24 15:00:00,0.0,,0.0,1.0,,,,,
1318,01/01/24 15:55:00,,,,,,,,,0.0
1319,01/01/24 16:00:00,0.0,,0.0,1.0,,,,,
1320,01/01/24 16:55:00,,,,,,,,,0.0
1321,01/01/24 17:00:00,0.0,,0.0,1.0,,,,,
1322,01/01/24 17:55:00,,,,,,,,,0.0
1323,01/01/24 18:00:00,0.0,,0.0,0.3,,,,,
1324,01/01/24 18:55:00,,,,,,,,,0.0
1325,01/01/24 19:00:00,0.0,,0.0,0.3,,,,,
1326,01/01/24 19:55:00,,,,,,,,,0.0
1327,01/01/24 20:00:00,0.0,,0.0,0.0,,,,,
1328,01/01/24 20:55:00,,,,,,,,,0.0
1329,01/01/24 21:00:00,0.0,,0.0,0.3,,,,,
1330,01/01/24 21:55:00,,,,,,,,,0.0
1331,01/01/24 22:00:00,0.0,,0.0,0.0,,,,,
1332,01/01/24 22:55:00,,,,,,,,,0.0
1333,01/01/24 23:00:00,0.0,,0.0,0.0,,,,,
1334,01/01/24 23:55:00,,,,,,,,,0.0
1335,01/02/24 00:00:00,0.0,,0.0,0.0,,,,,
1336,01/02/24 00:55:00,,,,,,,,,0.0
1337,01/02/24 01:00:00,0.0,,0.0,0.0,,,,,
1338,01/02/24 01:55:00,,,,,,,,,0.0
1339,01/02/24 02:00:00,0.5,,0.0,0.0,,,,,
1340,01/02/24 02:55:00,,,,,,,,,0.0
1341,01/02/24 03:00:00,0.5,,0.0,0.0,,,,,
1342,01/02/24 03:55:00,,,,,,,,,0.0
1343,01/02/24 04:00:00,0.5,,0.0,0.0,,,,,
1344,01/02/24 04:55:00,,,,,,,,,0.0
1345,01/02/24 05:00:00,1.0,,0.0,0.3,,,,,
1346,01/02/24 05:55:00,,,,,,,,,0.0
1347,01/02/24 06:00:00,1.5,,0.0,0.3,,,,,
1348,01/02/24 06:55:00,,,,,,,,,0.0
1349,01/02/24 07:00:00,2.0,,0.0,0.3,,,,,
1350,01/02/24 07:55:00,,,,,,,,,0.0
1351,01/02/24 08:00:00,2.0,,0.0,0.3,,,,,
1352,01/02/24 08:55:00,,,,,,,,,0.0
1353,01/02/24 09:00:00,2.5,,0.0,0.3,,,,,
1354,01/02/24 09:55:00,,,,,,,,,0.0
1355,01/02/24 10:00:00,3.0,,0.0,0.3,,,,,
1356,01/02/24 10:55:00,,,,,,,,,0.0
1357,01/02/24 11:00:00,3.5,,0.0,0.3,,,,,
1358,01/02/24 11:55:00,,,,,,,,,0.0
1359,01/02/24 12:00:00,2.5,,0.0,0.3,,,,,
1360,01/02/24 12:55:00,,,,,,,,,0.0
1361,01/02/24 13:00:00,3.5,,0.0,0.3,,,,,
1362,01/02/24 13:55:00,,,,,,,,,0.5
1363,01/02/24 14:00:00,3.0,,0.0,0.3,,,,,
1364,01/02/24 14:55:00,,,,,,,,,0.5
1365,01/02/24 15:00:00,3.0,,0.0,0.3,,,,,
1366,01/02/24 15:55:00,,,,,,,,,0.5
1367,01/02/24 16:00:00,3.5,,0.0,0.3,,,,,
1368,01/02/24 16:55:00,,,,,,,,,0.5
1369,01/02/24 17:00:00,3.5,,0.0,0.3,,,,,
1370,01/02/24 17:55:00,,,,,,,,,0.0
1371,01/02/24 18:00:00,5.0,,0.0,0.7,,,,,
1372,01/02/24 18:55:00,,,,,,,,,0.5
1373,01/02/24 19:00:00,5.0,,0.0,0.7,,,,,
1374,01/02/24 19:55:00,,,,,,,,,0.5
1375,01/02/24 20:00:00,5.5,,0.3,0.7,,,,,
1376,01/02/24 20:55:00,,,,,,,,,4.0
1377,01/02/24 21:00:00,7.0,,0.3,1.0,,,,,
1378,01/02/24 21:55:00,,,,,,,,,6.0
1379,01/02/24 22:00:00,7.0,,0.3,1.0,,,,,
1380,01/02/24 22:55:00,,,,,,,,,6.0
1381,01/02/24 23:00:00,6.5,,0.0,1.0,,,,,
1382,01/02/24 23:55:00,,,,,,,,,6.5
1383,01/03/24 00:00:00,6.5,,0.0,1.0,,,,,
1384,01/03/24 00:55:00,,,,,,,,,8.6
1385,01/03/24 01:00:00,7.0,,0.3,1.0,,,,,
1386,01/03/24 01:55:00,,,,,,,,,9.6
1387,01/03/24 02:00:00,7.0,,0.0,1.0,,,,,
1388,01/03/24 02:55:00,,,,,,,,,9.1
1389,01/03/24 03:00:00,6.5,,0.0,0.7,,,,,
1390,01/03/24 03:55:00,,,,,,,,,9.1
1391,01/03/24 04:00:00,6.0,,0.0,0.7,,,,,
1392,01/03/24 04:55:00,,,,,,,,,8.6
1393,01/03/24 05:00:00,6.0,,0.3,0.7,,,,,
1394,01/03/24 05:55:00,,,,,,,,,8.6
1395,01/03/24 06:00:00,6.5,,0.0,0.7,,,,,
1396,01/03/24 06:55:00,,,,,,,,,8.6
1397,01/03/24 07:00:00,6.5,,0.0,0.7,,,,,
1398,01/03/24 07:55:00,,,,,,,,,9.1
1399,01/03/24 08:00:00,6.5,,0.0,0.7,,,,,
1400,01/03/24 08:55:00,,,,,,,,,10.6
1401,01/03/24 09:00:00,7.5,,0.3,1.0,,,,,
1402,01/03/24 09:55:00,,,,,,,,,10.1
1403,01/03/24 10:00:00,7.5,,0.3,1.0,,,,,
1404,01/03/24 10:55:00,,,,,,,,,9.6
1405,01/03/24 11:00:00,7.0,,0.3,1.0,,,,,
1406,01/03/24 11:55:00,,,,,,,,,10.6
1407,01/03/24 12:00:00,8.1,,0.3,1.0,,,,,
1408,01/03/24 12:55:00,,,,,,,,,10.1
1409,01/03/24 13:00:00,8.1,,0.3,1.0,,,,,
1410,01/03/24 13:55:00,,,,,,,,,10.1
1411,01/03/24 14:00:00,7.5,,0.3,1.0,,,,,
1412,01/03/24 14:55:00,,,,,,,,,10.1
1413,01/03/24 15:00:00,7.5,,0.3,1.0,,,,,
1414,01/03/24 15:55:00,,,,,,,,,10.1
1415,01/03/24 16:00:00,7.0,,0.3,1.0,,,,,
1416,01/03/24 16:55:00,,,,,,,,,10.1
1417,01/03/24 17:00:00,7.5,,0.3,0.7,,,,,
1418,01/03/24 17:55:00,,,,,,,,,9.1
1419,01/03/24 18:00:00,7.0,,0.3,1.0,,,,,
1420,01/03/24 18:55:00,,,,,,,,,9.1
1421,01/03/24 19:00:00,7.0,,0.3,0.7,,,,,
1422,01/03/24 19:55:00,,,,,,,,,9.6
1423,01/03/24 20:00:00,7.5,,0.3,1.0,,,,,
1424,01/03/24 20:55:00,,,,,,,,,9.6
1425,01/03/24 21:00:00,7.0,,0.3,1.0,,,,,
1426,01/03/24 21:55:00,,,,,,,,,8.6
1427,01/03/24 22:00:00,6.5,,0.3,0.7,,,,,
1428,01/03/24 22:55:00,,,,,,,,,8.6
1429,01/03/24 23:00:00,6.5,,0.3,0.7,,,,,
1430,01/03/24 23:55:00,,,,,,,,,9.1
1431,01/04/24 00:00:00,7.5,,0.3,0.7,,,,,
1432,01/04/24 00:55:00,,,,,,,,,8.6
1433,01/04/24 01:00:00,6.0,,0.3,1.0,,,,,
1434,01/04/24 01:55:00,,,,,,,,,8.1
1435,01/04/24 02:00:00,5.5,,0.3,0.7,,,,,
1436,01/04/24 02:55:00,,,,,,,,,8.1
1437,01/04/24 03:00:00,5.0,,0.7,1.0,,,,,
1438,01/04/24 03:55:00,,,,,,,,,9.1
1439,01/04/24 04:00:00,5.5,,1.3,1.0,,,,,
1440,01/04/24 04:55:00,,,,,,,,,10.6
1441,01/04/24 05:00:00,4.5,,1.7,1.3,,,,,
1442,01/04/24 05:55:00,,,,,,,,,9.6
1443,01/04/24 06:00:00,4.0,,1.3,1.0,,,,,
1444,01/04/24 06:55:00,,,,,,,,,8.6
1445,01/04/24 07:00:00,5.5,,0.7,0.7,,,,,
1446,01/04/24 07:55:00,,,,,,,,,7.5
1447,01/04/24 08:00:00,4.5,,0.7,0.7,,,,,
1448,01/04/24 08:55:00,,,,,,,,,6.0
1449,01/04/24 09:00:00,4.0,,0.3,0.3,,,,,
1450,01/04/24 09:55:00,,,,,,,,,5.5
1451,01/04/24 10:00:00,3.5,,0.3,0.3,,,,,
1452,01/04/24 10:55:00,,,,,,,,,5.0
1453,01/04/24 11:00:00,3.5,,0.0,0.7,,,,,
1454,01/04/24 11:55:00,,,,,,,,,5.0
1455,01/04/24 12:00:00,4.0,,0.3,0.7,,,,,
1456,01/04/24 12:55:00,,,,,,,,,5.5
1457,01/04/24 13:00:00,3.5,,0.3,0.7,,,,,
1458,01/04/24 13:55:00,,,,,,,,,7.0
1459,01/04/24 14:00:00,4.5,,0.3,1.0,,,,,
1460,01/04/24 14:55:00,,,,,,,,,7.0
1461,01/04/24 15:00:00,5.0,,0.3,1.0,,,,,
1462,01/04/24 15:55:00,,,,,,,,,7.0
1463,01/04/24 16:00:00,5.0,,0.3,1.0,,,,,
1464,01/04/24 16:55:00,,,,,,,,,8.1
1465,01/04/24 17:00:00,5.5,,0.3,1.3,,,,,
1466,01/04/24 17:55:00,,,,,,,,,8.1
1467,01/04/24 18:00:00,5.0,,0.3,1.0,,,,,
1468,01/04/24 18:55:00,,,,,,,,,8.6
1469,01/04/24 19:00:00,6.0,,0.3,1.3,,,,,
1470,01/04/24 19:55:00,,,,,,,,,7.5
1471,01/04/24 20:00:00,5.0,,0.3,1.3,,,,,
1472,01/04/24 20:55:00,,,,,,,,,7.5
1473,01/04/24 21:00:00,5.5,,0.3,1.3,,,,,
1474,01/04/24 21:55:00,,,,,,,,,8.1
1475,01/04/24 22:00:00,6.0,,0.3,1.7,,,,,
1476,01/04/24 22:55:00,,,,,,,,,8.6
1477,01/04/24 23:00:00,6.5,,0.7,1.7,,,,,
1478,01/04/24 23:55:00,,,,,,,,,8.6
1479,01/05/24 00:00:00,6.5,,0.7,1.7,,,,,
1480,01/05/24 00:55:00,,,,,,,,,8.1
1481,01/05/24 01:00:00,5.5,,0.3,1.3,,,,,
1482,01/05/24 01:55:00,,,,,,,,,9.1
1483,01/05/24 02:00:00,6.5,,0.3,1.7,,,,,
1484,01/05/24 02:55:00,,,,,,,,,9.1
1485,01/05/24 03:00:00,6.5,,0.3,1.7,,,,,
1486,01/05/24 03:55:00,,,,,,,,,9.1
1487,01/05/24 04:00:00,6.0,,0.3,1.7,,,,,
1488,01/05/24 04:55:00,,,,,,,,,8.1
1489,01/05/24 05:00:00,6.0,,0.3,1.7,,,,,
1490,01/05/24 05:55:00,,,,,,,,,8.6
1491,01/05/24 06:00:00,6.0,,0.3,2.0,,,,,
1492,01/05/24 06:55:00,,,,,,,,,8.1
1493,01/05/24 07:00:00,5.5,,0.3,2.0,,,,,
1494,01/05/24 07:55:00,,,,,,,,,7.5
1495,01/05/24 08:00:00,5.0,,0.3,2.3,,,,,
1496,01/05/24 08:55:00,,,,,,,,,7.5
1497,01/05/24 09:00:00,5.5,,0.3,2.3,,,,,
1498,01/05/24 09:55:00,,,,,,,,,8.6
1499,01/05/24 10:00:00,5.5,,0.3,1.7,,,,,
1500,01/05/24 10:55:00,,,,,,,,,8.1
1501,01/05/24 11:00:00,5.5,,0.3,1.7,,,,,
1502,01/05/24 11:55:00,,,,,,,,,7.5
1503,01/05/24 12:00:00,5.5,,0.3,2.0,,,,,
1504,01/05/24 12:55:00,,,,,,,,,7.5
1505,01/05/24 13:00:00,5.0,,0.3,2.3,,,,,
1506,01/05/24 13:55:00,,,,,,,,,8.1
1507,01/05/24 14:00:00,5.5,,0.3,2.3,,,,,
1508,01/05/24 14:55:00,,,,,,,,,8.1
1509,01/05/24 15:00:00,6.0,,0.3,2.7,,,,,
1510,01/05/24 15:55:00,,,,,,,,,8.6
1511,01/05/24 16:00:00,6.0,,0.3,2.7,,,,,
1512,01/05/24 16:55:00,,,,,,,,,8.6
1513,01/05/24 17:00:00,6.0,,0.3,2.0,,,,,
1514,01/05/24 17:55:00,,,,,,,,,8.6
1515,01/05/24 18:00:00,5.5,,0.3,1.7,,,,,
1516,01/05/24 18:55:00,,,,,,,,,8.6
1517,01/05/24 19:00:00,5.5,,0.3,1.7,,,,,
1518,01/05/24 19:55:00,,,,,,,,,8.6
1519,01/05/24 20:00:00,5.0,,0.3,1.7,,,,,
1520,01/05/24 20:55:00,,,,,,,,,8.1
1521,01/05/24 21:00:00,5.5,,0.3,1.7,,,,,
1522,01/05/24 21:55:00,,,,,,,,,9.6
1523,01/05/24 22:00:00,6.0,,0.7,1.7,,,,,
1524,01/05/24 22:55:00,,,,,,,,,8.6
1525,01/05/24 23:00:00,5.5,,0.3,1.7,,,,,
1526,01/05/24 23:55:00,,,,,,,,,7.0
1527,01/06/24 00:00:00,4.0,,0.3,1.0,,,,,
1528,01/06/24 00:55:00,,,,,,,,,7.0
1529,01/06/24 01:00:00,4.5,,0.3,1.3,,,,,
1530,01/06/24 01:55:00,,,,,,,,,7.0
1531,01/06/24 02:00:00,4.5,,0.3,1.7,,,,,
1532,01/06/24 02:55:00,,,,,,,,,7.0
1533,01/06/24 03:00:00,4.5,,0.3,1.3,,,,,
1534,01/06/24 03:55:00,,,,,,,,,7.0
1535,01/06/24 04:00:00,4.5,,0.3,1.3,,,,,
1536,01/06/24 04:55:00,,,,,,,,,7.0
1537,01/06/24 05:00:00,4.5,,0.3,1.3,,,,,
1538,01/06/24 05:55:00,,,,,,,,,7.0
1539,01/06/24 06:00:00,4.0,,0.3,1.0,,,,,
1540,01/06/24 06:55:00,,,,,,,,,7.0
1541,01/06/24 07:00:00,4.5,,0.3,1.3,,,,,
1542,01/06/24 07:55:00,,,,,,,,,7.0
1543,01/06/24 08:00:00,4.0,,0.3,1.3,,,,,
1544,01/06/24 08:55:00,,,,,,,,,7.0
1545,01/06/24 09:00:00,4.0,,0.3,1.0,,,,,
1546,01/06/24 09:55:00,,,,,,,,,6.0
1547,01/06/24 10:00:00,4.0,,0.3,1.3,,,,,
1548,01/06/24 10:55:00,,,,,,,,,6.5
1549,01/06/24 11:00:00,4.0,,0.3,1.3,,,,,
1550,01/06/24 11:55:00,,,,,,,,,5.5
1551,01/06/24 12:00:00,4.0,,0.3,1.3,,,,,
1552,01/06/24 12:55:00,,,,,,,,,5.0
1553,01/06/24 13:00:00,3.5,,0.3,1.0,,,,,
1554,01/06/24 13:55:00,,,,,,,,,4.5
1555,01/06/24 14:00:00,3.0,,0.3,1.0,,,,,
1556,01/06/24 14:55:00,,,,,,,,,6.0
1557,01/06/24 15:00:00,4.0,,0.3,1.0,,,,,
1558,01/06/24 15:55:00,,,,,,,,,6.5
1559,01/06/24 16:00:00,4.0,,0.3,1.0,,,,,
1560,01/06/24 16:55:00,,,,,,,,,6.5
1561,01/06/24 17:00:00,3.5,,0.3,0.7,,,,,
1562,01/06/24 17:55:00,,,,,,,,,6.0
1563,01/06/24 18:00:00,4.0,,0.3,1.0,,,,,
1564,01/06/24 18:55:00,,,,,,,,,6.0
1565,01/06/24 19:00:00,3.5,,0.3,1.0,,,,,
1566,01/06/24 19:55:00,,,,,,,,,6.0
1567,01/06/24 20:00:00,3.5,,0.3,1.0,,,,,
1568,01/06/24 20:55:00,,,,,,,,,5.5
1569,01/06/24 21:00:00,3.5,,0.3,1.0,,,,,
1570,01/06/24 21:55:00,,,,,,,,,6.0
1571,01/06/24 22:00:00,3.5,,0.3,1.0,,,,,
1572,01/06/24 22:55:00,,,,,,,,,6.5
1573,01/06/24 23:00:00,4.0,,0.3,1.0,,,,,
1574,01/06/24 23:55:00,,,,,,,,,6.5
1575,01/07/24 00:00:00,4.0,,0.3,1.0,,,,,
1576,01/07/24 00:55:00,,,,,,,,,6.0
1577,01/07/24 01:00:00,3.5,,0.3,1.0,,,,,
1578,01/07/24 01:55:00,,,,,,,,,6.0
1579,01/07/24 02:00:00,4.0,,0.3,1.0,,,,,
1580,01/07/24 02:55:00,,,,,,,,,7.0
1581,01/07/24 03:00:00,4.0,,0.3,1.0,,,,,
1582,01/07/24 03:55:00,,,,,,,,,6.5
1583,01/07/24 04:00:00,5.0,,0.3,1.3,,,,,
1584,01/07/24 04:55:00,,,,,,,,,7.0
1585,01/07/24 05:00:00,5.0,,0.3,1.3,,,,,
1586,01/07/24 05:55:00,,,,,,,,,7.5
1587,01/07/24 06:00:00,5.0,,0.3,1.3,,,,,
1588,01/07/24 06:55:00,,,,,,,,,7.5
1589,01/07/24 07:00:00,5.5,,0.3,1.7,,,,,
1590,01/07/24 07:55:00,,,,,,,,,8.1
1591,01/07/24 08:00:00,5.0,,0.3,1.3,,,,,
1592,01/07/24 08:55:00,,,,,,,,,8.6
1593,01/07/24 09:00:00,5.5,,0.3,1.7,,,,,
1594,01/07/24 09:55:00,,,,,,,,,8.1
1595,01/07/24 10:00:00,5.0,,0.3,1.3,,,,,
1596,01/07/24 10:55:00,,,,,,,,,7.0
1597,01/07/24 11:00:00,5.5,,0.3,1.7,,,,,
1598,01/07/24 11:55:00,,,,,,,,,8.6
1599,01/07/24 12:00:00,5.5,,0.3,1.7,,,,,
1600,01/07/24 12:55:00,,,,,,,,,9.6
1601,01/07/24 13:00:00,6.5,,0.3,1.7,,,,,
1602,01/07/24 13:55:00,,,,,,,,,10.1
1603,01/07/24 14:00:00,7.0,,0.7,2.3,,,,,
1604,01/07/24 14:55:00,,,,,,,,,10.1
1605,01/07/24 15:00:00,7.5,,0.7,2.3,,,,,
1606,01/07/24 15:55:00,,,,,,,,,10.6
1607,01/07/24 16:00:00,7.5,,0.3,2.0,,,,,
1608,01/07/24 16:55:00,,,,,,,,,10.6
1609,01/07/24 17:00:00,7.0,,0.3,1.7,,,,,
1610,01/07/24 17:55:00,,,,,,,,,10.6
1611,01/07/24 18:00:00,7.0,,0.3,1.7,,,,,
1612,01/07/24 18:55:00,,,,,,,,,10.6
1613,01/07/24 19:00:00,7.0,,0.3,1.7,,,,,
1614,01/07/24 19:55:00,,,,,,,,,11.1
1615,01/07/24 20:00:00,8.1,,0.3,1.7,,,,,
1616,01/07/24 20:55:00,,,,,,,,,11.1
1617,01/07/24 21:00:00,7.0,,0.3,1.7,,,,,
1618,01/07/24 21:55:00,,,,,,,,,11.1
1619,01/07/24 22:00:00,8.1,,0.7,2.0,,,,,
1620,01/07/24 22:55:00,,,,,,,,,11.6
1621,01/07/24 23:00:00,7.0,,0.7,1.7,,,,,
1622,01/07/24 23:55:00,,,,,,,,,11.6
1623,01/08/24 00:00:00,8.1,,0.7,1.7,,,,,
1624,01/08/24 00:55:00,,,,,,,,,11.1
1625,01/08/24 01:00:00,6.5,,0.3,1.3,,,,,
1626,01/08/24 01:55:00,,,,,,,,,10.6
1627,01/08/24 02:00:00,6.0,,0.3,1.3,,,,,
1628,01/08/24 02:55:00,,,,,,,,,10.1
1629,01/08/24 03:00:00,5.5,,0.3,1.3,,,,,
1630,01/08/24 03:55:00,,,,,,,,,9.6
1631,01/08/24 04:00:00,5.5,,0.3,1.0,,,,,
1632,01/08/24 04:55:00,,,,,,,,,8.6
1633,01/08/24 05:00:00,5.5,,0.3,1.0,,,,,
1634,01/08/24 05:55:00,,,,,,,,,8.6
1635,01/08/24 06:00:00,6.0,,0.3,1.3,,,,,
1636,01/08/24 06:55:00,,,,,,,,,9.1
1637,01/08/24 07:00:00,5.0,,0.3,1.0,,,,,
1638,01/08/24 07:55:00,,,,,,,,,9.1
1639,01/08/24 08:00:00,5.0,,0.3,1.0,,,,,
1640,01/08/24 08:55:00,,,,,,,,,9.6
1641,01/08/24 09:00:00,5.5,,0.3,1.0,,,,,
1642,01/08/24 09:55:00,,,,,,,,,9.1
1643,01/08/24 10:00:00,5.0,,0.3,1.0,,,,,
1644,01/08/24 10:55:00,,,,,,,,,7.5
1645,01/08/24 11:00:00,4.5,,0.0,0.7,,,,,
1646,01/08/24 11:55:00,,,,,,,,,6.5
1647,01/08/24 12:00:00,4.5,,0.0,1.0,,,,,
1648,01/08/24 12:55:00,,,,,,,,,7.0
1649,01/08/24 13:00:00,3.5,,0.0,0.7,,,,,
1650,01/08/24 13:55:00,,,,,,,,,6.5
1651,01/08/24 14:00:00,3.5,,0.0,0.3,,,,,
1652,01/08/24 14:55:00,,,,,,,,,6.5
1653,01/08/24 15:00:00,3.5,,0.0,0.3,,,,,
1654,01/08/24 15:55:00,,,,,,,,,6.0
1655,01/08/24 16:00:00,3.5,,0.0,0.0,,,,,
1656,01/08/24 16:55:00,,,,,,,,,5.0
1657,01/08/24 17:00:00,3.5,,0.0,0.3,,,,,
1658,01/08/24 17:55:00,,,,,,,,,4.5
1659,01/08/24 18:00:00,3.0,,0.0,0.3,,,,,
1660,01/08/24 18:55:00,,,,,,,,,4.0
1661,01/08/24 19:00:00,3.0,,0.0,0.0,,,,,
1662,01/08/24 19:55:00,,,,,,,,,3.5
1663,01/08/24 20:00:00,3.0,,0.0,0.0,,,,,
1664,01/08/24 20:55:00,,,,,,,,,4.0
1665,01/08/24 21:00:00,2.0,,0.3,0.3,,,,,
1666,01/08/24 21:55:00,,,,,,,,,5.5
1667,01/08/24 22:00:00,2.0,,1.0,0.7,,,,,
1668,01/08/24 22:55:00,,,,,,,,,7.5
1669,01/08/24 23:00:00,2.0,,0.7,0.7,,,,,
1670,01/08/24 23:55:00,,,,,,,,,7.5
1671,01/09/24 00:00:00,3.5,,0.3,0.7,,,,,
1672,01/09/24 00:55:00,,,,,,,,,7.5
1673,01/09/24 01:00:00,3.0,,1.3,0.7,,,,,
1674,01/09/24 01:55:00,,,,,,,,,6.5
1675,01/09/24 02:00:00,2.5,,1.7,0.7,,,,,
1676,01/09/24 02:55:00,,,,,,,,,6.5
1677,01/09/24 03:00:00,2.0,,1.0,0.7,,,,,
1678,01/09/24 03:55:00,,,,,,,,,7.0
1679,01/09/24 04:00:00,2.5,,0.7,0.7,,,,,
1680,01/09/24 04:55:00,,,,,,,,,6.5
1681,01/09/24 05:00:00,3.0,,0.3,0.3,,,,,
1682,01/09/24 05:55:00,,,,,,,,,6.0
1683,01/09/24 06:00:00,2.5,,0.7,0.7,,,,,
1684,01/09/24 06:55:00,,,,,,,,,5.5
1685,01/09/24 07:00:00,4.0,,0.0,0.0,,,,,
1686,01/09/24 07:55:00,,,,,,,,,6.0
1687,01/09/24 08:00:00,4.0,,0.0,0.0,,,,,
1688,01/09/24 08:55:00,,,,,,,,,5.5
1689,01/09/24 09:00:00,3.5,,0.0,0.0,,,,,
1690,01/09/24 09:55:00,,,,,,,,,5.5
1691,01/09/24 10:00:00,3.0,,0.3,0.0,,,,,
1692,01/09/24 10:55:00,,,,,,,,,6.0
1693,01/09/24 11:00:00,3.5,,0.0,0.0,,,,,
1694,01/09/24 11:55:00,,,,,,,,,6.5
1695,01/09/24 12:00:00,2.0,,1.0,0.0,,,,,
1696,01/09/24 12:55:00,,,,,,,,,5.5
1697,01/09/24 13:00:00,2.5,,0.3,0.0,,,,,
1698,01/09/24 13:55:00,,,,,,,,,5.5
1699,01/09/24 14:00:00,1.5,,0.3,0.0,,,,,
1700,01/09/24 14:55:00,,,,,,,,,4.5
1701,01/09/24 15:00:00,2.0,,0.3,0.0,,,,,
1702,01/09/24 15:55:00,,,,,,,,,3.5
1703,01/09/24 16:00:00,2.5,,0.0,0.0,,,,,
1704,01/09/24 16:55:00,,,,,,,,,3.5
1705,01/09/24 17:00:00,2.5,,0.0,0.0,,,,,
1706,01/09/24 17:55:00,,,,,,,,,4.5
1707,01/09/24 18:00:00,3.0,,0.0,0.0,,,,,
1708,01/09/24 18:55:00,,,,,,,,,4.0
1709,01/09/24 19:00:00,3.0,,0.0,0.0,,,,,
1710,01/09/24 19:55:00,,,,,,,,,3.5
1711,01/09/24 20:00:00,2.5,,0.0,0.0,,,,,
1712,01/09/24 20:55:00,,,,,,,,,5.0
1713,01/09/24 21:00:00,3.5,,0.0,0.0,,,,,
1714,01/09/24 21:55:00,,,,,,,,,7.0
1715,01/09/24 22:00:00,3.5,,1.0,0.0,,,,,
1716,01/09/24 22:55:00,,,,,,,,,7.0
1717,01/09/24 23:00:00,2.5,,1.0,0.0,,,,,
1718,01/09/24 23:55:00,,,,,,,,,6.0
1719,01/10/24 00:00:00,2.5,,0.3,0.0,,,,,
1720,01/10/24 00:55:00,,,,,,,,,3.5
1721,01/10/24 01:00:00,2.0,,0.0,0.0,,,,,
1722,01/10/24 01:55:00,,,,,,,,,2.5
1723,01/10/24 02:00:00,1.5,,0.0,0.0,,,,,
1724,01/10/24 02:55:00,,,,,,,,,3.5
1725,01/10/24 03:00:00,2.0,,0.0,0.0,,,,,
1726,01/10/24 03:55:00,,,,,,,,,5.0
1727,01/10/24 04:00:00,3.5,,0.0,0.0,,,,,
1728,01/10/24 04:55:00,,,,,,,,,3.5
1729,01/10/24 05:00:00,3.0,,0.0,0.0,,,,,
1730,01/10/24 05:55:00,,,,,,,,,3.0
1731,01/10/24 06:00:00,2.5,,0.0,0.3,,,,,
1732,01/10/24 06:55:00,,,,,,,,,3.5
1733,01/10/24 07:00:00,2.0,,0.3,0.3,,,,,
1734,01/10/24 07:55:00,,,,,,,,,7.0
1735,01/10/24 08:00:00,2.5,,1.0,0.7,,,,,
1736,01/10/24 08:55:00,,,,,,,,,7.5
1737,01/10/24 09:00:00,3.5,,2.3,1.0,,,,,
1738,01/10/24 09:55:00,,,,,,,,,7.0
1739,01/10/24 10:00:00,2.5,,1.0,0.7,,,,,
1740,01/10/24 10:55:00,,,,,,,,,6.5
1741,01/10/24 11:00:00,2.5,,1.7,1.0,,,,,
1742,01/10/24 11:55:00,,,,,,,,,7.0
1743,01/10/24 12:00:00,2.5,,2.0,1.3,,,,,
1744,01/10/24 12:55:00,,,,,,,,,8.1
1745,01/10/24 13:00:00,2.5,,2.0,1.3,,,,,
1746,01/10/24 13:55:00,,,,,,,,,8.1
1747,01/10/24 14:00:00,3.0,,2.7,1.3,,,,,
1748,01/10/24 14:55:00,,,,,,,,,8.1
1749,01/10/24 15:00:00,3.0,,2.0,1.0,,,,,
1750,01/10/24 15:55:00,,,,,,,,,6.5
1751,01/10/24 16:00:00,2.0,,1.3,0.7,,,,,
1752,01/10/24 16:55:00,,,,,,,,,5.5
1753,01/10/24 17:00:00,2.0,,1.0,0.3,,,,,
1754,01/10/24 17:55:00,,,,,,,,,5.0
1755,01/10/24 18:00:00,1.5,,1.0,0.3,,,,,
1756,01/10/24 18:55:00,,,,,,,,,6.0
1757,01/10/24 19:00:00,3.5,,0.3,0.3,,,,,
1758,01/10/24 19:55:00,,,,,,,,,6.5
1759,01/10/24 20:00:00,3.0,,0.7,0.7,,,,,
1760,01/10/24 20:55:00,,,,,,,,,6.0
1761,01/10/24 21:00:00,3.5,,0.3,0.3,,,,,
1762,01/10/24 21:55:00,,,,,,,,,6.0
1763,01/10/24 22:00:00,2.0,,0.7,0.7,,,,,
1764,01/10/24 22:55:00,,,,,,,,,5.5
1765,01/10/24 23:00:00,1.5,,1.0,0.7,,,,,
1766,01/10/24 23:55:00,,,,,,,,,6.0
1767,01/11/24 00:00:00,2.0,,1.3,0.7,,,,,
1768,01/11/24 00:55:00,,,,,,,,,5.0
1769,01/11/24 01:00:00,1.5,,1.0,0.3,,,,,
1770,01/11/24 01:55:00,,,,,,,,,4.0
1771,01/11/24 02:00:00,1.5,,0.3,0.3,,,,,
1772,01/11/24 02:55:00,,,,,,,,,4.0
1773,01/11/24 03:00:00,1.0,,0.3,0.3,,,,,
1774,01/11/24 03:55:00,,,,,,,,,4.0
1775,01/11/24 04:00:00,2.5,,0.3,0.3,,,,,
1776,01/11/24 04:55:00,,,,,,,,,4.0
1777,01/11/24 05:00:00,2.0,,0.3,0.0,,,,,
1778,01/11/24 05:55:00,,,,,,,,,6.0
1779,01/11/24 06:00:00,3.0,,0.3,0.3,,,,,
1780,01/11/24 06:55:00,,,,,,,,,5.0
1781,01/11/24 07:00:00,3.0,,0.0,0.0,,,,,
1782,01/11/24 07:55:00,,,,,,,,,4.0
1783,01/11/24 08:00:00,2.0,,0.0,0.0,,,,,
1784,01/11/24 08:55:00,,,,,,,,,4.5
1785,01/11/24 09:00:00,2.0,,0.0,0.0,,,,,
1786,01/11/24 09:55:00,,,,,,,,,4.0
1787,01/11/24 10:00:00,1.5,,0.0,0.3,,,,,
1788,01/11/24 10:55:00,,,,,,,,,3.5
1789,01/11/24 11:00:00,2.0,,0.0,0.3,,,,,
1790,01/11/24 11:55:00,,,,,,,,,4.0
1791,01/11/24 12:00:00,2.5,,0.0,0.3,,,,,
1792,01/11/24 12:55:00,,,,,,,,,3.0
1793,01/11/24 13:00:00,2.5,,0.0,0.3,,,,,
1794,01/11/24 13:55:00,,,,,,,,,3.5
1795,01/11/24 14:00:00,2.0,,0.0,0.3,,,,,
1796,01/11/24 14:55:00,,,,,,,,,4.0
1797,01/11/24 15:00:00,2.0,,0.0,0.3,,,,,
1798,01/11/24 15:55:00,,,,,,,,,3.5
1799,01/11/24 16:00:00,2.5,,0.0,0.3,,,,,
1800,01/11/24 16:55:00,,,,,,,,,4.5
1801,01/11/24 17:00:00,2.5,,0.0,0.3,,,,,
1802,01/11/24 17:55:00,,,,,,,,,5.5
1803,01/11/24 18:00:00,3.0,,0.0,0.7,,,,,
1804,01/11/24 18:55:00,,,,,,,,,6.0
1805,01/11/24 19:00:00,3.5,,0.3,0.7,,,,,
1806,01/11/24 19:55:00,,,,,,,,,6.0
1807,01/11/24 20:00:00,4.0,,0.3,0.3,,,,,
1808,01/11/24 20:55:00,,,,,,,,,7.0
1809,01/11/24 21:00:00,5.0,,0.3,0.3,,,,,
1810,01/11/24 21:55:00,,,,,,,,,7.5
1811,01/11/24 22:00:00,4.5,,0.3,0.7,,,,,
1812,01/11/24 22:55:00,,,,,,,,,7.5
1813,01/11/24 23:00:00,5.0,,0.3,0.7,,,,,
1814,01/11/24 23:55:00,,,,,,,,,7.5
1815,01/12/24 00:00:00,5.0,,0.3,0.3,,,,,
1816,01/12/24 00:55:00,,,,,,,,,8.1
1817,01/12/24 01:00:00,5.5,,0.7,0.7,,,,,
1818,01/12/24 01:55:00,,,,,,,,,8.6
1819,01/12/24 02:00:00,3.5,,0.7,0.7,,,,,
1820,01/12/24 02:55:00,,,,,,,,,9.1
1821,01/12/24 03:00:00,3.5,,1.3,1.0,,,,,
1822,01/12/24 03:55:00,,,,,,,,,10.1
1823,01/12/24 04:00:00,6.0,,0.7,0.7,,,,,
1824,01/12/24 04:55:00,,,,,,,,,11.1
1825,01/12/24 05:00:00,6.5,,1.0,1.0,,,,,
1826,01/12/24 05:55:00,,,,,,,,,11.6
1827,01/12/24 06:00:00,5.0,,1.7,1.3,,,,,
1828,01/12/24 06:55:00,,,,,,,,,11.6
1829,01/12/24 07:00:00,5.5,,1.7,1.3,,,,,
1830,01/12/24 07:55:00,,,,,,,,,10.6
1831,01/12/24 08:00:00,4.5,,3.0,1.3,,,,,
1832,01/12/24 08:55:00,,,,,,,,,9.6
1833,01/12/24 09:00:00,4.5,,3.0,1.3,,,,,
1834,01/12/24 09:55:00,,,,,,,,,9.6
1835,01/12/24 10:00:00,5.0,,1.3,1.0,,,,,
1836,01/12/24 10:55:00,,,,,,,,,10.1
1837,01/12/24 11:00:00,7.0,,1.0,0.7,,,,,
1838,01/12/24 11:55:00,,,,,,,,,11.6
1839,01/12/24 12:00:00,7.5,,1.3,1.0,,,,,
1840,01/12/24 12:55:00,,,,,,,,,11.6
1841,01/12/24 13:00:00,7.0,,1.3,1.0,,,,,
1842,01/12/24 13:55:00,,,,,,,,,9.1
1843,01/12/24 14:00:00,6.0,,1.0,0.7,,,,,
1844,01/12/24 14:55:00,,,,,,,,,11.1
1845,01/12/24 15:00:00,6.5,,1.3,1.0,,,,,
1846,01/12/24 15:55:00,,,,,,,,,9.6
1847,01/12/24 16:00:00,3.5,,2.0,1.0,,,,,
1848,01/12/24 16:55:00,,,,,,,,,9.1
1849,01/12/24 17:00:00,4.5,,1.3,0.7,,,,,
1850,01/12/24 17:55:00,,,,,,,,,8.6
1851,01/12/24 18:00:00,6.0,,1.0,0.3,,,,,
1852,01/12/24 18:55:00,,,,,,,,,8.6
1853,01/12/24 19:00:00,6.0,,1.0,0.7,,,,,
1854,01/12/24 19:55:00,,,,,,,,,9.1
1855,01/12/24 20:00:00,6.5,,1.0,0.7,,,,,
1856,01/12/24 20:55:00,,,,,,,,,9.1
1857,01/12/24 21:00:00,4.5,,1.3,0.7,,,,,
1858,01/12/24 21:55:00,,,,,,,,,9.1
1859,01/12/24 22:00:00,4.5,,1.3,1.0,,,,,
1860,01/12/24 22:55:00,,,,,,,,,9.6
1861,01/12/24 23:00:00,5.5,,1.3,0.7,,,,,
1862,01/12/24 23:55:00,,,,,,,,,10.1
1863,01/13/24 00:00:00,5.5,,1.0,1.0,,,,,
1864,01/13/24 00:55:00,,,,,,,,,9.6
1865,01/13/24 01:00:00,3.5,,2.3,1.0,,,,,
1866,01/13/24 01:55:00,,,,,,,,,9.6
1867,01/13/24 02:00:00,3.5,,3.0,1.3,,,,,
1868,01/13/24 02:55:00,,,,,,,,,9.6
1869,01/13/24 03:00:00,4.0,,1.7,1.0,,,,,
1870,01/13/24 03:55:00,,,,,,,,,9.1
1871,01/13/24 04:00:00,4.0,,2.0,1.0,,,,,
1872,01/13/24 04:55:00,,,,,,,,,9.1
1873,01/13/24 05:00:00,6.5,,1.0,0.7,,,,,
1874,01/13/24 05:55:00,,,,,,,,,9.6
1875,01/13/24 06:00:00,6.0,,1.0,0.7,,,,,
1876,01/13/24 06:55:00,,,,,,,,,9.6
1877,01/13/24 07:00:00,6.0,,1.0,0.7,,,,,
1878,01/13/24 07:55:00,,,,,,,,,9.1
1879,01/13/24 08:00:00,5.5,,1.0,0.7,,,,,
1880,01/13/24 08:55:00,,,,,,,,,7.0
1881,01/13/24 09:00:00,2.5,,2.3,1.0,,,,,
1882,01/13/24 09:55:00,,,,,,,,,5.5
1883,01/13/24 10:00:00,2.5,,2.0,0.7,,,,,
1884,01/13/24 10:55:00,,,,,,,,,6.0
1885,01/13/24 11:00:00,2.5,,2.3,1.0,,,,,
1886,01/13/24 11:55:00,,,,,,,,,6.5
1887,01/13/24 12:00:00,3.5,,1.0,0.7,,,,,
1888,01/13/24 12:55:00,,,,,,,,,8.1
1889,01/13/24 13:00:00,4.5,,0.7,0.3,,,,,
1890,01/13/24 13:55:00,,,,,,,,,9.1
1891,01/13/24 14:00:00,6.0,,1.0,0.7,,,,,
1892,01/13/24 14:55:00,,,,,,,,,9.1
1893,01/13/24 15:00:00,5.5,,1.0,1.3,,,,,
1894,01/13/24 15:55:00,,,,,,,,,10.1
1895,01/13/24 16:00:00,6.5,,1.3,1.0,,,,,
1896,01/13/24 16:55:00,,,,,,,,,9.6
1897,01/13/24 17:00:00,5.5,,1.0,1.3,,,,,
1898,01/13/24 17:55:00,,,,,,,,,10.6
1899,01/13/24 18:00:00,5.5,,1.0,1.3,,,,,
1900,01/13/24 18:55:00,,,,,,,,,11.1
1901,01/13/24 19:00:00,7.0,,1.3,1.3,,,,,
1902,01/13/24 19:55:00,,,,,,,,,11.6
1903,01/13/24 20:00:00,7.0,,1.3,1.7,,,,,
1904,01/13/24 20:55:00,,,,,,,,,12.6
1905,01/13/24 21:00:00,7.0,,1.3,1.7,,,,,
1906,01/13/24 21:55:00,,,,,,,,,13.1
1907,01/13/24 22:00:00,7.5,,1.3,2.0,,,,,
1908,01/13/24 22:55:00,,,,,,,,,13.6
1909,01/13/24 23:00:00,8.1,,1.7,2.0,,,,,
1910,01/13/24 23:55:00,,,,,,,,,14.6
1911,01/14/24 00:00:00,9.1,,1.7,2.3,,,,,
1912,01/14/24 00:55:00,,,,,,,,,15.6
1913,01/14/24 01:00:00,9.6,,2.0,2.7,,,,,
1914,01/14/24 01:55:00,,,,,,,,,17.1
1915,01/14/24 02:00:00,10.6,,2.0,3.4,,,,,
1916,01/14/24 02:55:00,,,,,,,,,16.6
1917,01/14/24 03:00:00,11.1,,2.0,3.7,,,,,
1918,01/14/24 03:55:00,,,,,,,,,16.1
1919,01/14/24 04:00:00,10.1,,1.7,3.7,,,,,
1920,01/14/24 04:55:00,,,,,,,,,14.6
1921,01/14/24 05:00:00,9.1,,1.3,4.0,,,,,
1922,01/14/24 05:55:00,,,,,,,,,13.1
1923,01/14/24 06:00:00,5.0,,1.0,6.0,,,,,
1924,01/14/24 07:00:00,5.0,,1.0,7.0,,,,,
1925,01/14/24 08:00:00,5.0,,0.7,6.0,,,,,
1926,01/14/24 09:00:00,4.5,,0.7,6.7,,,,,
1927,01/14/24 10:00:00,4.5,,0.7,6.4,,,,,
1928,01/14/24 11:00:00,5.0,,0.7,6.4,,,,,
1929,01/14/24 12:00:00,4.5,,0.3,6.7,,,,,
1930,01/14/24 13:00:00,4.5,,0.3,6.0,,,,,
1931,01/14/24 14:00:00,8.1,,0.3,3.4,,,,,
1932,01/14/24 15:00:00,8.1,,0.0,2.3,,,,,
1933,01/14/24 16:00:00,8.6,,0.0,2.7,,,,,
1934,01/14/24 17:00:00,8.1,,0.0,2.3,,,,,
1935,01/14/24 18:00:00,8.1,,0.0,2.3,,,,,
1936,01/14/24 19:00:00,7.5,,0.0,2.3,,,,,
1937,01/14/24 20:00:00,7.5,,0.0,1.7,,,,,
1938,01/14/24 21:00:00,7.0,,0.0,1.7,,,,,
1939,01/14/24 22:00:00,7.5,,0.0,1.3,,,,,
1940,01/14/24 23:00:00,8.1,,0.0,1.3,,,,,
1941,01/15/24 00:00:00,7.5,,0.3,1.0,,,,,
1942,01/15/24 01:00:00,5.5,,1.3,1.7,,,,,
1943,01/15/24 02:00:00,5.5,,2.3,2.0,,,,,
1944,01/15/24 03:00:00,5.0,,2.7,1.7,,,,,
1945,01/15/24 04:00:00,3.5,,2.0,1.7,,,,,
1946,01/15/24 05:00:00,2.0,,1.3,1.0,,,,,
1947,01/15/24 06:00:00,2.0,,1.3,0.3,,,,,
1948,01/15/24 07:00:00,2.0,,1.3,0.3,,,,,
1949,01/15/24 08:00:00,2.0,,1.0,0.3,,,,,
1950,01/15/24 09:00:00,1.5,,1.3,0.3,,,,,
1951,01/15/24 10:00:00,1.5,,1.0,0.0,,,,,
1952,01/15/24 11:00:00,0.5,,0.7,0.0,,,,,
1953,01/15/24 12:00:00,1.0,,0.7,0.3,,,,,
1954,01/15/24 13:00:00,1.0,,0.3,0.0,,,,,
1955,01/15/24 14:00:00,1.5,,0.3,0.3,,,,,
1956,01/15/24 15:00:00,1.5,,0.7,0.3,,,,,
1957,01/15/24 16:00:00,1.5,,0.3,0.3,,,,,
1958,01/15/24 17:00:00,1.5,,0.0,0.3,,,,,
1959,01/15/24 18:00:00,1.5,,0.7,0.7,,,,,
1960,01/15/24 19:00:00,1.0,,0.7,0.3,,,,,
1961,01/15/24 20:00:00,2.0,,0.3,0.0,,,,,
1962,01/15/24 21:00:00,2.0,,0.3,0.3,,,,,
1963,01/15/24 22:00:00,2.0,,0.3,0.3,,,,,
1964,01/15/24 23:00:00,2.0,,0.7,0.7,,,,,
1965,01/16/24 00:00:00,2.5,,1.0,1.0,,,,,
1966,01/16/24 01:00:00,3.0,,1.3,0.7,,,,,
1967,01/16/24 02:00:00,2.5,,1.7,1.3,,,,,
1968,01/16/24 03:00:00,2.0,,2.0,0.7,,,,,
1969,01/16/24 04:00:00,2.5,,2.0,0.3,,,,,
1970,01/16/24 05:00:00,2.5,,2.0,0.7,,,,,
1971,01/16/24 06:00:00,2.5,,2.7,0.3,,,,,
1972,01/16/24 07:00:00,2.5,,3.0,0.3,,,,,
1973,01/16/24 08:00:00,2.5,,2.0,0.3,,,,,
1974,01/16/24 09:00:00,2.0,,1.0,0.3,,,,,
1975,01/16/24 10:00:00,2.5,,0.7,1.7,,,,,
1976,01/16/24 11:00:00,2.0,,1.7,1.3,,,,,
1977,01/16/24 12:00:00,1.5,,2.7,1.3,,,,,
1978,01/16/24 13:00:00,2.0,,3.4,1.3,,,,,
1979,01/16/24 14:00:00,2.0,,4.4,1.7,,,,,
1980,01/16/24 15:00:00,2.5,,4.4,1.7,,,,,
1981,01/16/24 16:00:00,2.5,,4.7,1.7,,,,,
1982,01/16/24 17:00:00,2.5,,5.0,2.0,,,,,
1983,01/16/24 18:00:00,2.5,,5.0,2.3,,,,,
1984,01/16/24 19:00:00,2.0,,5.0,3.0,,,,,
1985,01/16/24 20:00:00,2.0,,5.0,2.7,,,,,
1986,01/16/24 21:00:00,2.0,,5.0,3.4,,,,,
1987,01/16/24 22:00:00,2.0,,4.7,3.7,,,,,
1988,01/16/24 23:00:00,2.0,,4.7,4.0,,,,,
1989,01/17/24 00:00:00,1.5,,4.7,6.0,,,,,
1990,01/17/24 01:00:00,1.5,,4.4,5.7,,,,,
1991,01/17/24 02:00:00,1.5,,4.7,6.0,,,,,
1992,01/17/24 03:00:00,1.5,,4.7,6.7,,,,,
1993,01/17/24 04:00:00,1.5,,4.7,7.0,,,,,
1994,01/17/24 05:00:00,1.5,,4.0,7.0,,,,,
1995,01/17/24 06:00:00,1.5,,4.0,7.4,,,,,
1996,01/17/24 07:00:00,1.0,,3.4,7.7,,,,,
1997,01/17/24 08:00:00,1.0,,3.4,8.0,,,,,
1998,01/17/24 09:00:00,1.0,,3.0,7.7,,,,,
1999,01/17/24 10:00:00,1.0,,2.7,6.4,,,,,
2000,01/17/24 11:00:00,0.5,,2.3,6.7,,,,,
2001,01/17/24 12:00:00,0.5,,2.0,5.0,,,,,
2002,01/17/24 13:00:00,0.0,,1.7,4.0,,,,,
2003,01/17/24 14:00:00,0.0,,1.7,2.0,,,,,
2004,01/17/24 15:00:00,0.0,,1.7,0.7,,,,,
2005,01/17/24 16:00:00,0.0,,0.7,0.7,,,,,
2006,01/17/24 17:00:00,0.0,,0.3,1.0,,,,,
2007,01/17/24 18:00:00,0.0,,0.3,1.0,,,,,
2008,01/17/24 19:00:00,0.0,,0.3,0.7,,,,,
2009,01/17/24 20:00:00,0.0,,0.3,0.7,,,,,
2010,01/17/24 21:00:00,0.0,,0.7,0.7,,,,,
2011,01/17/24 22:00:00,0.0,,0.7,0.7,,,,,
2012,01/17/24 23:00:00,0.0,,1.0,0.7,,,,,
2013,01/18/24 00:00:00,0.0,,1.7,0.7,,,,,
2014,01/18/24 01:00:00,0.0,,1.3,0.7,,,,,
2015,01/18/24 02:00:00,0.0,,1.7,0.7,,,,,
2016,01/18/24 03:00:00,0.0,,1.7,0.3,,,,,
2017,01/18/24 04:00:00,0.0,,1.7,0.7,,,,,
2018,01/18/24 05:00:00,0.0,,1.7,0.7,,,,,
2019,01/18/24 06:00:00,0.0,,1.7,0.7,,,,,
2020,01/18/24 07:00:00,0.0,,1.7,0.3,,,,,
2021,01/18/24 08:00:00,0.5,,2.0,0.7,,,,,
2022,01/18/24 09:00:00,1.0,,2.3,1.0,,,,,
2023,01/18/24 10:00:00,1.0,,2.7,1.0,,,,,
2024,01/18/24 11:00:00,1.0,,2.7,1.3,,,,,
2025,01/18/24 12:00:00,0.5,,2.3,3.0,,,,,
2026,01/18/24 13:00:00,0.5,,2.3,3.7,,,,,
2027,01/18/24 14:00:00,0.5,,2.3,4.4,,,,,
2028,01/18/24 15:00:00,0.0,,2.0,4.0,,,,,
2029,01/18/24 16:00:00,0.0,,2.0,5.0,,,,,
2030,01/18/24 17:00:00,0.0,,1.7,5.4,,,,,
2031,01/18/24 18:00:00,0.0,,1.0,5.4,,,,,
2032,01/18/24 19:00:00,0.5,,0.7,4.7,,,,,
2033,01/18/24 20:00:00,0.0,,0.3,4.4,,,,,
2034,01/18/24 21:00:00,0.5,,0.3,5.4,,,,,
2035,01/18/24 22:00:00,1.0,,0.3,5.4,,,,,
2036,01/18/24 23:00:00,0.5,,0.0,3.7,,,,,
2037,01/19/24 00:00:00,0.0,,0.0,3.0,,,,,
2038,01/19/24 01:00:00,0.0,,0.0,2.7,,,,,
2039,01/19/24 02:00:00,0.0,,0.3,2.0,,,,,
2040,01/19/24 03:00:00,0.0,,0.3,1.7,,,,,
2041,01/19/24 04:00:00,0.0,,0.0,1.3,,,,,
2042,01/19/24 05:00:00,0.0,,0.0,1.0,,,,,
2043,01/19/24 06:00:00,0.0,,0.0,1.3,,,,,
2044,01/19/24 07:00:00,0.0,,0.0,0.3,,,,,
2045,01/19/24 08:00:00,0.0,,0.0,0.7,,,,,
2046,01/19/24 09:00:00,0.0,,0.0,0.7,,,,,
2047,01/19/24 10:00:00,0.0,,0.0,0.0,,,,,
2048,01/19/24 11:00:00,0.0,,0.0,0.0,,,,,
2049,01/19/24 12:00:00,0.0,,0.0,1.7,,,,,
2050,01/19/24 13:00:00,0.0,,0.3,2.3,,,,,
2051,01/19/24 14:00:00,0.0,,0.3,3.4,,,,,
2052,01/19/24 15:00:00,0.5,,0.3,4.0,,,,,
2053,01/19/24 16:00:00,0.5,,0.0,3.7,,,,,
2054,01/19/24 17:00:00,0.5,,0.3,4.7,,,,,
2055,01/19/24 18:00:00,0.5,,0.0,4.7,,,,,
2056,01/19/24 19:00:00,0.5,,0.3,4.7,,,,,
2057,01/19/24 20:00:00,0.5,,0.3,4.7,,,,,
2058,01/19/24 21:00:00,0.5,,0.7,5.4,,,,,
2059,01/19/24 22:00:00,1.0,,0.3,5.7,,,,,
2060,01/19/24 23:00:00,1.0,,0.3,6.0,,,,,
2061,01/20/24 00:00:00,1.0,,0.3,5.7,,,,,
2062,01/20/24 01:00:00,1.0,,0.0,4.7,,,,,
2063,01/20/24 02:00:00,1.0,,0.0,4.7,,,,,
2064,01/20/24 03:00:00,1.0,,0.0,3.7,,,,,
2065,01/20/24 04:00:00,0.5,,0.0,2.7,,,,,
2066,01/20/24 05:00:00,0.5,,0.0,2.3,,,,,
2067,01/20/24 06:00:00,0.5,,0.0,2.0,,,,,
2068,01/20/24 07:00:00,0.0,,0.0,1.3,,,,,
2069,01/20/24 08:00:00,0.0,,0.3,1.0,,,,,
2070,01/20/24 09:00:00,0.0,,0.3,1.3,,,,,
2071,01/20/24 10:00:00,0.0,,0.0,1.0,,,,,
2072,01/20/24 11:00:00,0.0,,0.0,1.0,,,,,
2073,01/20/24 12:00:00,0.0,,0.0,1.0,,,,,
2074,01/20/24 13:00:00,0.0,,0.0,1.0,,,,,
2075,01/20/24 14:00:00,0.0,,0.0,1.0,,,,,
2076,01/20/24 15:00:00,0.0,,0.0,2.0,,,,,
2077,01/20/24 16:00:00,0.0,,0.0,1.0,,,,,
2078,01/20/24 17:00:00,0.0,,0.0,1.3,,,,,
2079,01/20/24 18:00:00,0.0,,0.0,0.7,,,,,
2080,01/20/24 19:00:00,0.0,,0.0,0.7,,,,,
2081,01/20/24 20:00:00,0.0,,0.0,0.7,,,,,
2082,01/20/24 21:00:00,0.0,,0.0,1.3,,,,,
2083,01/20/24 22:00:00,0.0,,0.0,1.3,,,,,
2084,01/20/24 23:00:00,0.0,,0.0,0.7,,,,,
2085,01/21/24 00:00:00,0.0,,0.0,1.0,,,,,
2086,01/21/24 01:00:00,0.0,,0.0,0.7,,,,,
2087,01/21/24 02:00:00,0.0,,0.0,1.3,,,,,
2088,01/21/24 03:00:00,0.0,,0.3,1.0,,,,,
2089,01/21/24 04:00:00,0.0,,0.0,1.0,,,,,
2090,01/21/24 05:00:00,0.0,,0.3,1.0,,,,,
2091,01/21/24 06:00:00,0.0,,0.3,0.7,,,,,
2092,01/21/24 07:00:00,0.0,,0.3,0.3,,,,,
2093,01/21/24 08:00:00,0.0,,0.3,0.3,,,,,
2094,01/21/24 09:00:00,0.0,,0.3,0.0,,,,,
2095,01/21/24 10:00:00,0.0,,0.3,0.7,,,,,
2096,01/21/24 11:00:00,0.0,,0.3,2.0,,,,,
2097,01/21/24 12:00:00,0.0,,0.3,1.7,,,,,
2098,01/21/24 13:00:00,0.0,,0.7,2.0,,,,,
2099,01/21/24 14:00:00,0.0,,0.3,2.3,,,,,
2100,01/21/24 15:00:00,0.0,,0.3,2.7,,,,,
2101,01/21/24 16:00:00,0.0,,0.0,2.7,,,,,
2102,01/21/24 17:00:00,0.0,,0.0,2.3,,,,,
2103,01/21/24 18:00:00,0.0,,0.0,2.0,,,,,
2104,01/21/24 19:00:00,0.0,,0.0,1.7,,,,,
2105,01/21/24 20:00:00,0.0,,0.0,1.0,,,,,
2106,01/21/24 21:00:00,0.0,,0.0,1.0,,,,,
2107,01/21/24 22:00:00,0.0,,0.0,1.0,,,,,
2108,01/21/24 23:00:00,0.0,,0.0,0.7,,,,,
2109,01/22/24 00:00:00,0.0,,0.0,0.3,,,,,
2110,01/22/24 01:00:00,0.0,,0.0,0.0,,,,,
2111,01/22/24 02:00:00,0.0,,0.0,0.3,,,,,
2112,01/22/24 03:00:00,0.0,,0.0,0.0,,,,,
2113,01/22/24 04:00:00,0.0,,0.0,0.0,,,,,
2114,01/22/24 05:00:00,0.0,,0.0,0.0,,,,,
2115,01/22/24 06:00:00,0.0,,0.0,0.0,,,,,
2116,01/22/24 07:00:00,0.0,,0.0,0.0,,,,,
2117,01/22/24 08:00:00,0.0,,0.0,0.0,,,,,
2118,01/22/24 09:00:00,0.0,,0.3,0.0,,,,,
2119,01/22/24 10:00:00,0.0,,0.0,0.0,,,,,
2120,01/22/24 11:00:00,0.0,,0.0,0.0,,,,,
2121,01/22/24 12:00:00,0.0,,0.3,0.0,,,,,
2122,01/22/24 13:00:00,0.0,,0.0,0.3,,,,,
2123,01/22/24 14:00:00,0.0,,0.3,0.0,,,,,
2124,01/22/24 15:00:00,0.0,,0.7,0.0,,,,,
2125,01/22/24 16:00:00,0.0,,0.7,0.0,,,,,
2126,01/22/24 17:00:00,0.0,,0.7,0.3,,,,,
2127,01/22/24 18:00:00,0.0,,0.7,0.3,,,,,
2128,01/22/24 19:00:00,0.0,,1.0,0.3,,,,,
2129,01/22/24 20:00:00,0.0,,1.0,0.3,,,,,
2130,01/22/24 21:00:00,0.0,,1.3,0.7,,,,,
2131,01/22/24 22:00:00,1.0,,1.7,1.0,,,,,
2132,01/22/24 23:00:00,1.5,,1.7,0.7,,,,,
2133,01/23/24 00:00:00,1.5,,1.7,0.7,,,,,
2134,01/23/24 01:00:00,1.5,,1.3,0.3,,,,,
2135,01/23/24 02:00:00,1.0,,0.7,0.0,,,,,
2136,01/23/24 03:00:00,1.0,,0.7,0.0,,,,,
2137,01/23/24 04:00:00,1.0,,0.7,0.3,,,,,
2138,01/23/24 05:00:00,1.0,,0.7,1.0,,,,,
2139,01/23/24 06:00:00,0.5,,0.7,0.7,,,,,
2140,01/23/24 07:00:00,0.5,,1.7,4.4,,,,,
2141,01/23/24 08:00:00,1.0,,1.3,8.4,,,,,
2142,01/23/24 09:00:00,1.0,,1.3,8.7,,,,,
2143,01/23/24 10:00:00,0.5,,1.3,7.7,,,,,
2144,01/23/24 11:00:00,0.5,,1.7,7.4,,,,,
2145,01/23/24 12:00:00,0.5,,1.7,7.4,,,,,
2146,01/23/24 13:00:00,0.0,,2.0,5.7,,,,,
2147,01/23/24 14:00:00,0.0,,1.7,6.0,,,,,
2148,01/23/24 15:00:00,0.0,,1.7,6.0,,,,,
2149,01/23/24 16:00:00,0.0,,1.7,5.4,,,,,
2150,01/23/24 17:00:00,0.0,,1.7,5.0,,,,,
2151,01/23/24 18:00:00,0.0,,1.3,5.7,,,,,
2152,01/23/24 19:00:00,0.0,,2.0,5.4,,,,,
2153,01/23/24 20:00:00,0.0,,1.7,5.0,,,,,
2154,01/23/24 21:00:00,0.0,,2.0,5.4,,,,,
2155,01/23/24 22:00:00,0.0,,2.3,4.4,,,,,
2156,01/23/24 23:00:00,0.0,,2.7,4.0,,,,,
2157,01/24/24 00:00:00,0.0,,2.0,4.4,,,,,
2158,01/24/24 01:00:00,0.0,,2.3,3.7,,,,,
2159,01/24/24 02:00:00,0.0,,2.0,3.7,,,,,
2160,01/24/24 03:00:00,0.0,,2.3,4.0,,,,,
2161,01/24/24 04:00:00,0.0,,2.3,3.0,,,,,
2162,01/24/24 05:00:00,0.0,,2.0,1.7,,,,,
2163,01/24/24 06:00:00,0.0,,2.3,1.7,,,,,
2164,01/24/24 07:00:00,0.5,,2.7,1.3,,,,,
2165,01/24/24 08:00:00,0.0,,2.3,1.3,,,,,
2166,01/24/24 09:00:00,0.5,,2.7,1.3,,,,,
2167,01/24/24 10:00:00,0.0,,2.7,3.0,,,,,
2168,01/24/24 11:00:00,0.5,,2.7,3.7,,,,,
2169,01/24/24 12:00:00,0.0,,2.7,3.7,,,,,
2170,01/24/24 13:00:00,0.0,,2.7,4.4,,,,,
2171,01/24/24 14:00:00,0.0,,2.3,3.7,,,,,
2172,01/24/24 15:00:00,0.0,,2.0,3.7,,,,,
2173,01/24/24 16:00:00,0.0,,2.3,3.4,,,,,
2174,01/24/24 17:00:00,0.0,,2.0,3.7,,,,,
2175,01/24/24 18:00:00,0.0,,1.7,4.0,,,,,
2176,01/24/24 19:00:00,0.0,,1.7,4.0,,,,,
2177,01/24/24 20:00:00,0.0,,1.7,4.7,,,,,
2178,01/24/24 21:00:00,0.0,,1.7,5.0,,,,,
2179,01/24/24 22:00:00,0.0,,1.3,4.4,,,,,
2180,01/24/24 23:00:00,0.0,,1.7,4.7,,,,,
2181,01/25/24 00:00:00,0.0,,2.0,5.0,,,,,
2182,01/25/24 01:00:00,0.0,,1.3,5.4,,,,,
2183,01/25/24 02:00:00,0.0,,1.3,6.4,,,,,
2184,01/25/24 03:00:00,0.0,,1.3,5.4,,,,,
2185,01/25/24 04:00:00,0.0,,1.0,5.7,,,,,
2186,01/25/24 05:00:00,0.0,,1.0,5.4,,,,,
2187,01/25/24 06:00:00,0.0,,0.7,5.0,,,,,
2188,01/25/24 07:00:00,0.0,,0.7,4.7,,,,,
2189,01/25/24 08:00:00,0.0,,0.7,5.4,,,,,
2190,01/25/24 09:00:00,0.0,,0.7,5.4,,,,,
2191,01/25/24 10:00:00,0.0,,0.7,5.0,,,,,
2192,01/25/24 11:00:00,0.0,,1.0,5.0,,,,,
2193,01/25/24 12:00:00,0.0,,0.7,5.0,,,,,
2194,01/25/24 13:00:00,0.0,,0.7,5.4,,,,,
2195,01/25/24 14:00:00,0.0,,0.7,5.0,,,,,
2196,01/25/24 15:00:00,0.0,,0.7,5.0,,,,,
2197,01/25/24 16:00:00,0.0,,0.7,4.4,,,,,
2198,01/25/24 17:00:00,0.0,,0.7,4.4,,,,,
2199,01/25/24 18:00:00,0.0,,0.7,4.4,,,,,
2200,01/25/24 19:00:00,0.0,,0.3,3.7,,,,,
2201,01/25/24 20:00:00,0.0,,0.3,4.4,,,,,
2202,01/25/24 21:00:00,0.0,,0.3,4.0,,,,,
2203,01/25/24 22:00:00,0.0,,0.3,4.0,,,,,
2204,01/25/24 23:00:00,0.0,,0.3,3.4,,,,,
2205,01/26/24 00:00:00,0.0,,0.7,3.4,,,,,
2206,01/26/24 01:00:00,0.0,,0.7,3.4,,,,,
2207,01/26/24 02:00:00,0.0,,0.7,3.0,,,,,
2208,01/26/24 03:00:00,0.0,,0.7,3.0,,,,,
2209,01/26/24 04:00:00,0.0,,0.7,2.7,,,,,
2210,01/26/24 05:00:00,0.0,,0.3,3.0,,,,,
2211,01/26/24 06:00:00,0.0,,0.3,2.7,,,,,
2212,01/26/24 07:00:00,0.0,,0.3,2.3,,,,,
2213,01/26/24 08:00:00,0.0,,0.7,2.3,,,,,
2214,01/26/24 09:00:00,0.0,,0.3,1.7,,,,,
2215,01/26/24 10:00:00,0.0,,0.7,1.3,,,,,
2216,01/26/24 11:00:00,0.0,,0.7,1.7,,,,,
2217,01/26/24 12:00:00,0.0,,0.7,1.3,,,,,
2218,01/26/24 13:00:00,0.0,,0.7,1.0,,,,,
2219,01/26/24 14:00:00,0.0,,0.7,0.3,,,,,
2220,01/26/24 15:00:00,0.0,,0.7,0.3,,,,,
2221,01/26/24 16:00:00,0.0,,1.0,0.7,,,,,
2222,01/26/24 17:00:00,0.0,,1.0,0.3,,,,,
2223,01/26/24 18:00:00,0.0,,1.0,0.3,,,,,
2224,01/26/24 19:00:00,0.0,,1.0,0.3,,,,,
2225,01/26/24 20:00:00,0.0,,1.0,0.3,,,,,
2226,01/26/24 21:00:00,0.0,,1.0,0.3,,,,,
2227,01/26/24 22:00:00,0.0,,0.7,0.3,,,,,
2228,01/26/24 23:00:00,0.0,,0.7,0.0,,,,,
2229,01/27/24 00:00:00,0.0,,0.3,0.3,,,,,
2230,01/27/24 01:00:00,0.0,,0.7,0.3,,,,,
2231,01/27/24 02:00:00,0.0,,1.0,0.3,,,,,
2232,01/27/24 03:00:00,0.0,,1.0,0.3,,,,,
2233,01/27/24 04:00:00,0.0,,0.7,0.3,,,,,
2234,01/27/24 05:00:00,0.0,,0.3,0.3,,,,,
2235,01/27/24 06:00:00,0.0,,0.3,0.7,,,,,
2236,01/27/24 07:00:00,0.0,,0.3,0.7,,,,,
2237,01/27/24 08:00:00,0.0,,0.3,0.7,,,,,
2238,01/27/24 09:00:00,0.0,,0.3,0.7,,,,,
2239,01/27/24 10:00:00,0.0,,0.3,0.7,,,,,
2240,01/27/24 11:00:00,0.0,,0.3,0.7,,,,,
2241,01/27/24 12:00:00,0.0,,0.3,0.7,,,,,
2242,01/27/24 13:00:00,0.0,,0.3,0.7,,,,,
2243,01/27/24 14:00:00,0.0,,0.3,0.7,,,,,
2244,01/27/24 15:00:00,0.0,,0.3,0.7,,,,,
2245,01/27/24 16:00:00,0.0,,0.3,0.7,,,,,
2246,01/27/24 17:00:00,0.0,,0.3,0.7,,,,,
2247,01/27/24 18:00:00,0.0,,0.3,0.3,,,,,
2248,01/27/24 19:00:00,0.0,,0.3,0.3,,,,,
2249,01/27/24 20:00:00,0.0,,0.3,0.3,,,,,
2250,01/27/24 21:00:00,0.0,,0.3,0.0,,,,,
2251,01/27/24 22:00:00,0.0,,0.3,0.0,,,,,
2252,01/27/24 23:00:00,0.0,,0.3,0.0,,,,,
2253,01/28/24 00:00:00,0.0,,0.0,0.0,,,,,
2254,01/28/24 01:00:00,0.0,,0.3,0.0,,,,,
2255,01/28/24 02:00:00,0.0,,0.7,0.0,,,,,
2256,01/28/24 03:00:00,0.0,,0.3,0.0,,,,,
2257,01/28/24 04:00:00,0.0,,0.3,0.0,,,,,
2258,01/28/24 05:00:00,0.0,,0.0,0.0,,,,,
2259,01/28/24 06:00:00,0.0,,0.3,0.0,,,,,
2260,01/28/24 07:00:00,0.0,,0.7,0.0,,,,,
2261,01/28/24 08:00:00,0.0,,0.7,0.0,,,,,
2262,01/28/24 09:00:00,0.0,,0.7,0.0,,,,,
2263,01/28/24 10:00:00,0.0,,0.3,0.0,,,,,
2264,01/28/24 11:00:00,0.0,,0.7,0.0,,,,,
2265,01/28/24 12:00:00,0.0,,0.7,0.0,,,,,
2266,01/28/24 13:00:00,0.0,,0.7,0.0,,,,,
2267,01/28/24 14:00:00,0.0,,0.3,0.0,,,,,
2268,01/28/24 15:00:00,0.0,,0.7,0.0,,,,,
2269,01/28/24 16:00:00,0.0,,0.7,0.0,,,,,
2270,01/28/24 17:00:00,0.0,,0.0,0.0,,,,,
2271,01/28/24 18:00:00,0.0,,0.0,0.0,,,,,
2272,01/28/24 19:00:00,0.0,,0.0,0.0,,,,,
2273,01/28/24 20:00:00,0.0,,0.0,0.0,,,,,
2274,01/28/24 21:00:00,0.0,,0.0,0.0,,,,,
2275,01/28/24 22:00:00,0.0,,0.0,0.0,,,,,
2276,01/28/24 23:00:00,0.0,,0.0,0.0,,,,,
2277,01/29/24 00:00:00,0.0,,0.0,0.0,,,,,
2278,01/29/24 01:00:00,0.0,,0.0,0.0,,,,,
2279,01/29/24 02:00:00,0.0,,0.0,0.3,,,,,
2280,01/29/24 03:00:00,0.0,,0.0,0.3,,,,,
2281,01/29/24 04:00:00,0.0,,0.0,0.7,,,,,
2282,01/29/24 05:00:00,0.0,,0.0,0.3,,,,,
2283,01/29/24 06:00:00,0.0,,0.0,0.7,,,,,
2284,01/29/24 07:00:00,0.0,,0.0,1.3,,,,,
2285,01/29/24 08:00:00,0.0,,0.0,1.7,,,,,
2286,01/29/24 09:00:00,0.0,,0.0,1.3,,,,,
2287,01/29/24 10:00:00,0.0,,0.0,1.7,,,,,
2288,01/29/24 11:00:00,0.0,,0.0,1.3,,,,,
2289,01/29/24 12:00:00,0.0,,0.0,1.7,,,,,
2290,01/29/24 13:00:00,0.0,,0.0,1.3,,,,,
2291,01/29/24 14:00:00,0.0,,0.0,1.7,,,,,
2292,01/29/24 15:00:00,0.0,,0.0,2.0,,,,,
2293,01/29/24 16:00:00,0.0,,0.0,2.0,,,,,
2294,01/29/24 17:00:00,0.0,,0.0,2.3,,,,,
2295,01/29/24 18:00:00,0.0,,0.0,3.4,,,,,
2296,01/29/24 19:00:00,0.5,,0.3,3.7,,,,,
2297,01/29/24 20:00:00,0.5,,0.3,4.0,,,,,
2298,01/29/24 21:00:00,0.5,,0.3,4.4,,,,,
2299,01/29/24 22:00:00,1.0,,0.7,5.0,,,,,
2300,01/29/24 23:00:00,1.5,,0.3,5.4,,,,,
2301,01/30/24 00:00:00,2.0,,0.3,5.4,,,,,
2302,01/30/24 01:00:00,3.5,,0.3,4.7,,,,,
2303,01/30/24 02:00:00,4.0,,0.3,4.4,,,,,
2304,01/30/24 03:00:00,5.0,,0.7,4.0,,,,,
2305,01/30/24 04:00:00,5.5,,0.7,3.0,,,,,
2306,01/30/24 05:00:00,5.5,,0.7,1.7,,,,,
2307,01/30/24 06:00:00,4.5,,0.7,1.0,,,,,
2308,01/30/24 07:00:00,4.5,,0.7,1.3,,,,,
2309,01/30/24 08:00:00,5.0,,0.7,1.7,,,,,
2310,01/30/24 09:00:00,5.0,,0.7,1.7,,,,,
2311,01/30/24 10:00:00,5.0,,0.7,2.0,,,,,
2312,01/30/24 11:00:00,5.0,,0.7,2.3,,,,,
2313,01/30/24 12:00:00,5.0,,0.7,2.7,,,,,
2314,01/30/24 13:00:00,4.5,,0.3,2.7,,,,,
2315,01/30/24 14:00:00,4.0,,0.3,2.0,,,,,
2316,01/30/24 15:00:00,3.5,,0.3,1.0,,,,,
2317,01/30/24 16:00:00,3.0,,0.3,0.7,,,,,
2318,01/30/24 17:00:00,2.0,,0.0,0.0,,,,,
2319,01/30/24 18:00:00,1.0,,0.0,0.0,,,,,
2320,01/30/24 19:00:00,0.0,,0.0,0.0,,,,,
2321,01/30/24 20:00:00,0.0,,0.0,0.0,,,,,
2322,01/30/24 21:00:00,0.0,,0.0,0.0,,,,,
2323,01/30/24 22:00:00,0.0,,0.0,0.0,,,,,
2324,01/30/24 23:00:00,0.0,,0.0,0.0,,,,,
2325,01/31/24 00:00:00,0.0,,0.0,0.0,,,,,
2326,01/31/24 01:00:00,0.0,,0.0,0.3,,,,,
2327,01/31/24 02:00:00,0.0,,0.7,0.7,,,,,
2328,01/31/24 03:00:00,0.0,,1.3,1.7,,,,,
2329,01/31/24 04:00:00,0.0,,1.3,1.7,,,,,
2330,01/31/24 05:00:00,0.0,,1.3,0.7,,,,,
2331,01/31/24 06:00:00,0.0,,1.3,0.3,,,,,
2332,01/31/24 07:00:00,0.0,,1.0,0.3,,,,,
2333,01/31/24 08:00:00,0.0,,0.7,0.3,,,,,
2334,01/31/24 09:00:00,0.0,,0.7,0.3,,,,,
2335,01/31/24 10:00:00,0.0,,0.7,0.7,,,,,
2336,01/31/24 11:00:00,0.0,,0.7,1.3,,,,,
2337,01/31/24 12:00:00,0.0,,0.7,2.0,,,,,
2338,01/31/24 13:00:00,0.0,,0.7,1.3,,,,,
2339,01/31/24 14:00:00,0.0,,0.7,1.0,,,,,
2340,01/31/24 15:00:00,0.0,,0.7,1.3,,,,,
2341,01/31/24 16:00:00,0.0,,0.3,2.3,,,,,
2342,01/31/24 17:00:00,0.0,,0.3,2.3,,,,,
2343,01/31/24 18:00:00,0.0,,0.3,2.3,,,,,
2344,01/31/24 19:00:00,0.0,,0.3,2.7,,,,,
2345,01/31/24 20:00:00,0.0,,0.0,3.0,,,,,
2346,01/31/24 21:00:00,0.0,,0.0,3.4,,,,,
2347,01/31/24 22:00:00,0.0,,0.0,3.4,,,,,
2348,01/31/24 23:00:00,0.0,,0.3,3.4,,,,,
2349,02/01/24 00:00:00,0.0,,0.0,2.7,,,,,
2350,02/01/24 01:00:00,0.0,,0.0,2.0,,,,,
2351,02/01/24 02:00:00,0.0,,0.0,2.7,,,,,
2352,02/01/24 03:00:00,0.0,,0.0,2.3,,,,,
2353,02/01/24 04:00:00,0.0,,0.0,2.3,,,,,
2354,02/01/24 05:00:00,0.0,,0.0,2.7,,,,,
2355,02/01/24 06:00:00,0.0,,0.0,2.0,,,,,
2356,02/01/24 07:00:00,0.0,,0.0,3.0,,,,,
2357,02/01/24 08:00:00,0.0,,0.0,3.0,,,,,
2358,02/01/24 09:00:00,0.0,,0.0,3.4,,,,,
2359,02/01/24 10:00:00,0.0,,0.0,3.0,,,,,
2360,02/01/24 11:00:00,0.0,,0.0,3.0,,,,,
2361,02/01/24 12:00:00,0.0,,0.0,3.0,,,,,
2362,02/01/24 13:00:00,0.0,,0.0,3.4,,,,,
2363,02/01/24 14:00:00,0.0,,0.0,3.4,,,,,
2364,02/01/24 15:00:00,0.0,,0.0,3.0,,,,,
2365,02/01/24 16:00:00,0.0,,0.0,3.4,,,,,
2366,02/01/24 17:00:00,0.0,,0.0,3.0,,,,,
2367,02/01/24 18:00:00,0.0,,0.0,3.0,,,,,
2368,02/01/24 19:00:00,0.0,,0.0,2.7,,,,,
2369,02/01/24 20:00:00,0.0,,0.0,3.0,,,,,
2370,02/01/24 21:00:00,0.0,,0.0,2.7,,,,,
2371,02/01/24 22:00:00,0.0,,0.0,2.0,,,,,
2372,02/01/24 23:00:00,0.0,,0.0,3.4,,,,,
2373,02/02/24 00:00:00,0.0,,0.3,4.0,,,,,
