Line#,Date,"Solar Radiation (S-LIB 21198259:21176526-1), W/m^2, RX3000_BRW1_TNHA","Solar Radiation (RXW-LIB 21198259:21362318-1), W/m^2, RX3000_BRW1_TNHA","Solar Radiation (RXW-LIB 21198259:21398620-1), W/m^2, RX3000_BRW1_TNHA","Solar Radiation (RXW-LIB 21198259:21362315-1), W/m^2, RX3000_BRW1_TNHA","Solar Radiation (RXW-LIB 21401801:21362319-1), W/m^2, RX3000_BRW4_SSMH","Solar Radiation (RXW-LIB 21401801:21398619-1), W/m^2, RX3000_BRW4_SSMH","Solar Radiation (RXW-LIB 21401801:21398622-1), W/m^2, RX3000_BRW4_SSMH","Solar Radiation (S-LIB 21401801:21390413-1), W/m^2, RX3000_BRW4_SSMH","Solar Radiation (S-LIB 21401803:21390415-1), W/m^2, RX3000_BRW6_BEO"
1,12/01/23 00:00:00,1,1,1,1,,,,1,
2,12/01/23 00:05:00,,,,,,,,1,
3,12/01/23 00:10:00,,,,,,,,1,1
4,12/01/23 00:15:00,,,,,,,,1,
5,12/01/23 00:20:00,,,,,,,,1,
6,12/01/23 00:25:00,,,,,,,,1,
7,12/01/23 00:30:00,,,,,,,,1,
8,12/01/23 00:35:00,,,,,,,,1,
9,12/01/23 00:40:00,,,,,,,,1,
10,12/01/23 00:45:00,,,,,,,,1,
11,12/01/23 00:50:00,,,,,,,,1,
12,12/01/23 00:55:00,,,,,,,,1,
13,12/01/23 01:00:00,1,1,1,1,,,,1,
14,12/01/23 01:05:00,,,,,,,,1,
15,12/01/23 01:10:00,,,,,,,,1,1
16,12/01/23 01:15:00,,,,,,,,1,
17,12/01/23 01:20:00,,,,,,,,1,
18,12/01/23 01:25:00,,,,,,,,1,
19,12/01/23 01:30:00,,,,,,,,1,
20,12/01/23 01:35:00,,,,,,,,1,
21,12/01/23 01:40:00,,,,,,,,1,
22,12/01/23 01:45:00,,,,,,,,1,
23,12/01/23 01:50:00,,,,,,,,1,
24,12/01/23 01:55:00,,,,,,,,1,
25,12/01/23 02:00:00,1,1,1,1,,,,1,
26,12/01/23 02:05:00,,,,,,,,1,
27,12/01/23 02:10:00,,,,,,,,1,1
28,12/01/23 02:15:00,,,,,,,,1,
29,12/01/23 02:20:00,,,,,,,,1,
30,12/01/23 02:25:00,,,,,,,,1,
31,12/01/23 02:30:00,,,,,,,,1,
32,12/01/23 02:35:00,,,,,,,,1,
33,12/01/23 02:40:00,,,,,,,,1,
34,12/01/23 02:45:00,,,,,,,,1,
35,12/01/23 02:50:00,,,,,,,,1,
36,12/01/23 02:55:00,,,,,,,,1,
37,12/01/23 03:00:00,1,1,1,1,,,,1,
38,12/01/23 03:05:00,,,,,,,,1,
39,12/01/23 03:10:00,,,,,,,,1,1
40,12/01/23 03:15:00,,,,,,,,1,
41,12/01/23 03:20:00,,,,,,,,1,
42,12/01/23 03:25:00,,,,,,,,1,
43,12/01/23 03:30:00,,,,,,,,1,
44,12/01/23 03:35:00,,,,,,,,1,
45,12/01/23 03:40:00,,,,,,,,1,
46,12/01/23 03:45:00,,,,,,,,1,
47,12/01/23 03:50:00,,,,,,,,1,
48,12/01/23 03:55:00,,,,,,,,1,
49,12/01/23 04:00:00,1,1,1,1,,,,1,
50,12/01/23 04:05:00,,,,,,,,1,
51,12/01/23 04:10:00,,,,,,,,1,1
52,12/01/23 04:15:00,,,,,,,,1,
53,12/01/23 04:20:00,,,,,,,,1,
54,12/01/23 04:25:00,,,,,,,,1,
55,12/01/23 04:30:00,,,,,,,,1,
56,12/01/23 04:35:00,,,,,,,,1,
57,12/01/23 04:40:00,,,,,,,,1,
58,12/01/23 04:45:00,,,,,,,,1,
59,12/01/23 04:50:00,,,,,,,,1,
60,12/01/23 04:55:00,,,,,,,,1,
61,12/01/23 05:00:00,1,1,1,1,,,,1,
62,12/01/23 05:05:00,,,,,,,,1,
63,12/01/23 05:10:00,,,,,,,,1,1
64,12/01/23 05:15:00,,,,,,,,1,
65,12/01/23 05:20:00,,,,,,,,1,
66,12/01/23 05:25:00,,,,,,,,1,
67,12/01/23 05:30:00,,,,,,,,1,
68,12/01/23 05:35:00,,,,,,,,1,
69,12/01/23 05:40:00,,,,,,,,1,
70,12/01/23 05:45:00,,,,,,,,1,
71,12/01/23 05:50:00,,,,,,,,1,
72,12/01/23 05:55:00,,,,,,,,1,
73,12/01/23 06:00:00,1,1,1,1,,,,1,
74,12/01/23 06:05:00,,,,,,,,1,
75,12/01/23 06:10:00,,,,,,,,1,1
76,12/01/23 06:15:00,,,,,,,,1,
77,12/01/23 06:20:00,,,,,,,,1,
78,12/01/23 06:25:00,,,,,,,,1,
79,12/01/23 06:30:00,,,,,,,,1,
80,12/01/23 06:35:00,,,,,,,,1,
81,12/01/23 06:40:00,,,,,,,,1,
82,12/01/23 06:45:00,,,,,,,,1,
83,12/01/23 06:50:00,,,,,,,,1,
84,12/01/23 06:55:00,,,,,,,,1,
85,12/01/23 07:00:00,1,1,1,1,,,,1,
86,12/01/23 07:05:00,,,,,,,,1,
87,12/01/23 07:10:00,,,,,,,,1,1
88,12/01/23 07:15:00,,,,,,,,1,
89,12/01/23 07:20:00,,,,,,,,1,
90,12/01/23 07:25:00,,,,,,,,1,
91,12/01/23 07:30:00,,,,,,,,1,
92,12/01/23 07:35:00,,,,,,,,1,
93,12/01/23 07:40:00,,,,,,,,1,
94,12/01/23 07:45:00,,,,,,,,1,
95,12/01/23 07:50:00,,,,,,,,1,
96,12/01/23 07:55:00,,,,,,,,1,
97,12/01/23 08:00:00,1,1,1,1,,,,1,
98,12/01/23 08:05:00,,,,,,,,1,
99,12/01/23 08:10:00,,,,,,,,1,1
100,12/01/23 08:15:00,,,,,,,,1,
101,12/01/23 08:20:00,,,,,,,,1,
102,12/01/23 08:25:00,,,,,,,,1,
103,12/01/23 08:30:00,,,,,,,,1,
104,12/01/23 08:35:00,,,,,,,,1,
105,12/01/23 08:40:00,,,,,,,,1,
106,12/01/23 08:45:00,,,,,,,,1,
107,12/01/23 08:50:00,,,,,,,,1,
108,12/01/23 08:55:00,,,,,,,,1,
109,12/01/23 09:00:00,1,1,1,1,,,,1,
110,12/01/23 09:05:00,,,,,,,,1,
111,12/01/23 09:10:00,,,,,,,,1,1
112,12/01/23 09:15:00,,,,,,,,1,
113,12/01/23 09:20:00,,,,,,,,1,
114,12/01/23 09:25:00,,,,,,,,1,
115,12/01/23 09:30:00,,,,,,,,1,
116,12/01/23 09:35:00,,,,,,,,1,
117,12/01/23 09:40:00,,,,,,,,1,
118,12/01/23 09:45:00,,,,,,,,1,
119,12/01/23 09:50:00,,,,,,,,1,
120,12/01/23 09:55:00,,,,,,,,1,
121,12/01/23 10:00:00,1,1,1,1,,,,1,
122,12/01/23 10:05:00,,,,,,,,1,
123,12/01/23 10:10:00,,,,,,,,1,1
124,12/01/23 10:15:00,,,,,,,,1,
125,12/01/23 10:20:00,,,,,,,,1,
126,12/01/23 10:25:00,,,,,,,,1,
127,12/01/23 10:30:00,,,,,,,,1,
128,12/01/23 10:35:00,,,,,,,,1,
129,12/01/23 10:40:00,,,,,,,,1,
130,12/01/23 10:45:00,,,,,,,,1,
131,12/01/23 10:50:00,,,,,,,,1,
132,12/01/23 10:55:00,,,,,,,,1,
133,12/01/23 11:00:00,1,1,1,1,,,,1,
134,12/01/23 11:05:00,,,,,,,,1,
135,12/01/23 11:10:00,,,,,,,,1,1
136,12/01/23 11:15:00,,,,,,,,1,
137,12/01/23 11:20:00,,,,,,,,1,
138,12/01/23 11:25:00,,,,,,,,1,
139,12/01/23 11:30:00,,,,,,,,1,
140,12/01/23 11:35:00,,,,,,,,1,
141,12/01/23 11:40:00,,,,,,,,1,
142,12/01/23 11:45:00,,,,,,,,1,
143,12/01/23 11:50:00,,,,,,,,1,
144,12/01/23 11:55:00,,,,,,,,1,
145,12/01/23 12:00:00,1,1,1,1,,,,1,
146,12/01/23 12:05:00,,,,,,,,1,
147,12/01/23 12:10:00,,,,,,,,1,1
148,12/01/23 12:15:00,,,,,,,,1,
149,12/01/23 12:20:00,,,,,,,,1,
150,12/01/23 12:25:00,,,,,,,,1,
151,12/01/23 12:30:00,,,,,,,,1,
152,12/01/23 12:35:00,,,,,,,,1,
153,12/01/23 12:40:00,,,,,,,,1,
154,12/01/23 12:45:00,,,,,,,,1,
155,12/01/23 12:50:00,,,,,,,,1,
156,12/01/23 12:55:00,,,,,,,,1,
157,12/01/23 13:00:00,1,1,1,1,,,,1,
158,12/01/23 13:05:00,,,,,,,,1,
159,12/01/23 13:10:00,,,,,,,,1,1
160,12/01/23 13:15:00,,,,,,,,1,
161,12/01/23 13:20:00,,,,,,,,1,
162,12/01/23 13:25:00,,,,,,,,1,
163,12/01/23 13:30:00,,,,,,,,1,
164,12/01/23 14:00:00,1,1,1,1,,,,,
165,12/01/23 14:10:00,,,,,,,,,1
166,12/01/23 15:00:00,1,1,1,1,,,,,
167,12/01/23 15:10:00,,,,,,,,,1
168,12/01/23 16:00:00,1,1,1,1,,,,,
169,12/01/23 16:10:00,,,,,,,,,1
170,12/01/23 17:00:00,1,1,1,1,,,,,
171,12/01/23 17:10:00,,,,,,,,,1
172,12/01/23 18:00:00,1,1,1,1,,,,,
173,12/01/23 18:10:00,,,,,,,,,1
174,12/01/23 19:00:00,1,1,1,1,,,,,
175,12/01/23 19:10:00,,,,,,,,,-888.88
176,12/01/23 20:00:00,1,1,1,1,,,,,
177,12/01/23 20:10:00,,,,,,,,,-888.88
178,12/01/23 21:00:00,1,1,1,1,,,,,
179,12/01/23 21:10:00,,,,,,,,,-888.88
180,12/01/23 22:00:00,1,1,1,1,,,,,
181,12/01/23 22:10:00,,,,,,,,,1
182,12/01/23 23:00:00,1,1,1,1,,,,,
183,12/01/23 23:10:00,,,,,,,,,-888.88
184,12/02/23 00:00:00,1,1,1,1,,,,,
185,12/02/23 00:10:00,,,,,,,,,1
186,12/02/23 01:00:00,1,1,1,1,,,,,
187,12/02/23 01:10:00,,,,,,,,,1
188,12/02/23 02:00:00,1,1,1,1,,,,,
189,12/02/23 03:00:00,1,1,1,1,,,,,
190,12/02/23 04:00:00,1,1,1,1,,,,,
191,12/02/23 04:20:00,,,,,1,,,,
192,12/02/23 05:00:00,1,1,1,1,,,,,
193,12/02/23 05:25:00,,,,,1,,,,
194,12/02/23 06:00:00,1,1,1,1,,1,,,
195,12/02/23 06:25:00,,,,,1,,,,
196,12/02/23 06:35:00,,,,,1,,,,
197,12/02/23 06:40:00,,,,,1,,,,
198,12/02/23 06:45:00,,,,,1,,,,
199,12/02/23 06:50:00,,,,,1,,,,
200,12/02/23 07:00:00,1,1,1,1,1,,,,
201,12/02/23 08:00:00,1,1,1,1,,,,,
202,12/02/23 09:00:00,1,1,1,1,,,,,
203,12/02/23 09:10:00,,,,,1,,,,
204,12/02/23 10:00:00,1,1,1,1,,,,,
205,12/02/23 11:00:00,1,1,1,1,,,,,
206,12/02/23 12:00:00,1,1,1,1,,,,,
207,12/02/23 13:00:00,1,1,1,1,,,,,
208,12/02/23 14:00:00,1,1,1,1,,,,,
209,12/02/23 15:00:00,1,1,1,1,,,,,
210,12/02/23 16:00:00,1,1,1,1,,,,,
211,12/02/23 17:00:00,1,1,1,1,,,,,
212,12/02/23 18:00:00,1,1,1,1,,,,,
213,12/02/23 19:00:00,1,1,1,1,,,,,
214,12/02/23 20:00:00,1,1,1,1,,,,,
215,12/02/23 21:00:00,1,1,1,1,,,,,
216,12/02/23 22:00:00,1,1,1,1,,,,,
217,12/02/23 23:00:00,1,1,1,1,,,,,
218,12/03/23 00:00:00,1,1,1,1,,,,,
219,12/03/23 01:00:00,1,1,1,1,,,,,
220,12/03/23 02:00:00,1,1,1,1,,,,,
221,12/03/23 03:00:00,1,1,1,1,,,,,
222,12/03/23 03:15:00,,,,,1,,,,
223,12/03/23 03:30:00,,,,,1,,,,
224,12/03/23 04:00:00,1,1,1,1,1,,,,
225,12/03/23 04:05:00,,,,,1,,,,
226,12/03/23 04:15:00,,,,,1,,,,
227,12/03/23 04:20:00,,,,,1,,,,
228,12/03/23 04:25:00,,,,,1,,,,
229,12/03/23 04:30:00,,,,,1,,,,
230,12/03/23 04:35:00,,,,,1,,,,
231,12/03/23 05:00:00,1,1,1,1,,,,,
232,12/03/23 05:25:00,,,,,1,,,,
233,12/03/23 05:35:00,,,,,1,,,,
234,12/03/23 06:00:00,1,1,1,1,1,,,,
235,12/03/23 06:15:00,,,,,1,,,,
236,12/03/23 06:35:00,,,,,1,,,,
237,12/03/23 06:40:00,,,,,1,,,,
238,12/03/23 06:45:00,,,,,1,,,,
239,12/03/23 06:50:00,,,,,1,,,,
240,12/03/23 07:00:00,1,1,1,1,,,,,
241,12/03/23 07:20:00,,,,,1,,,,
242,12/03/23 07:40:00,,,,,1,,,,
243,12/03/23 07:50:00,,,,,1,,,,
244,12/03/23 07:55:00,,,,,1,,,,
245,12/03/23 08:00:00,1,1,1,1,,,,,
246,12/03/23 08:05:00,,,,,1,,,,
247,12/03/23 08:35:00,,,,,1,,,,
248,12/03/23 08:40:00,,,,,1,,,,
249,12/03/23 08:50:00,,,,,1,,,,
250,12/03/23 08:55:00,,,,,1,,,,
251,12/03/23 09:00:00,1,1,1,1,1,,,,
252,12/03/23 09:15:00,,,,,1,,,,
253,12/03/23 09:25:00,,,,,1,,,,
254,12/03/23 09:35:00,,,,,1,,,,
255,12/03/23 09:40:00,,,,,1,,,,
256,12/03/23 10:00:00,1,1,1,1,,,,,
257,12/03/23 10:10:00,,,,,1,,,,
258,12/03/23 10:35:00,,,,,1,,,,
259,12/03/23 10:40:00,,,,,1,,,,
260,12/03/23 10:55:00,,,,,1,,,,
261,12/03/23 11:00:00,1,1,1,1,,,,,
262,12/03/23 11:05:00,,,,,1,,,,
263,12/03/23 11:10:00,,,,,1,,,,
264,12/03/23 11:25:00,,,,,1,,,,
265,12/03/23 12:00:00,1,1,1,1,,,,,
266,12/03/23 12:30:00,,,,,1,,,,
267,12/03/23 12:45:00,,,,,1,,,,
268,12/03/23 12:50:00,,,,,1,,,,
269,12/03/23 13:00:00,1,1,1,1,,,,,
270,12/03/23 13:15:00,,,,,1,,,,
271,12/03/23 13:35:00,,,,,1,,,,
272,12/03/23 13:40:00,,,,,1,,,,
273,12/03/23 13:50:00,,,,,1,,,,
274,12/03/23 13:55:00,,,,,1,,,,
275,12/03/23 14:00:00,1,1,1,1,,,,,
276,12/03/23 14:05:00,,,,,1,,,,
277,12/03/23 14:20:00,,,,,1,,,,
278,12/03/23 14:50:00,,,,,1,,,,
279,12/03/23 15:00:00,1,1,1,1,,,,,
280,12/03/23 15:05:00,,,,,1,,,,
281,12/03/23 15:10:00,,,,,1,,,,
282,12/03/23 15:15:00,,,,,1,,,,
283,12/03/23 15:25:00,,,,,1,,,,
284,12/03/23 15:45:00,,,,,1,,,,
285,12/03/23 16:00:00,1,1,1,1,1,,,,
286,12/03/23 16:10:00,,,,,1,,,,
287,12/03/23 16:15:00,,,,,1,,,,
288,12/03/23 17:00:00,1,1,1,1,,,,,
289,12/03/23 17:45:00,,,,,1,,,,
290,12/03/23 18:00:00,1,1,1,1,,,,,
291,12/03/23 19:00:00,1,1,1,1,,,,,
292,12/03/23 19:20:00,,,,,1,,,,
293,12/03/23 19:35:00,,,,,1,,,,
294,12/03/23 19:50:00,,,,,1,,,,
295,12/03/23 20:00:00,1,1,1,1,1,,,,
296,12/03/23 20:05:00,,,,,1,,,,
297,12/03/23 21:00:00,1,1,1,1,,,,,
298,12/03/23 22:00:00,1,1,1,1,,,,,
299,12/03/23 23:00:00,1,1,1,1,,,,,
300,12/04/23 00:00:00,1,1,1,1,,,,,
301,12/04/23 01:00:00,1,1,1,1,,,,,
302,12/04/23 02:00:00,1,1,1,1,,,,,
303,12/04/23 02:20:00,,,,,1,,,,
304,12/04/23 02:25:00,,,,,1,,,,
305,12/04/23 02:30:00,,,,,1,,,,
306,12/04/23 02:35:00,,,,,1,,,,
307,12/04/23 02:40:00,,,,,1,,,,
308,12/04/23 02:45:00,,,,,1,,,,
309,12/04/23 03:00:00,1,1,1,1,1,,,,
310,12/04/23 04:00:00,1,1,1,1,,,,,
311,12/04/23 04:40:00,,,,,1,,,,
312,12/04/23 04:45:00,,,,,1,,,,
313,12/04/23 05:00:00,1,1,1,1,1,,,,
314,12/04/23 05:05:00,,,,,1,,,,
315,12/04/23 05:15:00,,,,,1,,,,
316,12/04/23 05:25:00,,,,,1,,,,
317,12/04/23 05:40:00,,,,,1,,,,
318,12/04/23 06:00:00,1,1,1,1,1,,,,
319,12/04/23 06:45:00,,,,,1,,,,
320,12/04/23 06:55:00,,,,,1,,,,
321,12/04/23 07:00:00,1,1,1,1,1,,,,
322,12/04/23 07:10:00,,,,,1,,,,
323,12/04/23 07:25:00,,,,,1,,,,
324,12/04/23 07:30:00,,,,,1,,,,
325,12/04/23 08:00:00,1,1,1,1,,,,,
326,12/04/23 08:45:00,,,,,1,,,,
327,12/04/23 08:50:00,,,,,1,,,,
328,12/04/23 08:55:00,,,,,1,,,,
329,12/04/23 09:00:00,1,1,1,1,1,,,,
330,12/04/23 09:05:00,,,,,1,,,,
331,12/04/23 09:10:00,,,,,1,,,,
332,12/04/23 09:20:00,,,,,1,,,,
333,12/04/23 09:25:00,,,,,1,,,,
334,12/04/23 09:30:00,,,,,1,,,,
335,12/04/23 09:35:00,,,,,1,,,,
336,12/04/23 09:50:00,,,,,1,,,,
337,12/04/23 10:00:00,1,1,1,1,,,,,
338,12/04/23 10:10:00,,,,,1,,,,
339,12/04/23 11:00:00,1,1,1,1,,,,,
340,12/04/23 11:05:00,,,,,1,,,,
341,12/04/23 11:10:00,,,,,1,,,,
342,12/04/23 11:15:00,,,,,1,,,,
343,12/04/23 11:25:00,,,,,1,,,,
344,12/04/23 12:00:00,1,1,1,1,,,,,
345,12/04/23 13:00:00,1,1,1,1,,,,,
346,12/04/23 13:20:00,,,,,1,,,,
347,12/04/23 13:25:00,,,,,1,,,,
348,12/04/23 13:30:00,,,,,1,,,,
349,12/04/23 13:40:00,,,,,1,,,,
350,12/04/23 13:50:00,,,,,1,,,,
351,12/04/23 13:55:00,,,,,1,,,,
352,12/04/23 14:00:00,1,1,1,1,1,,,,
353,12/04/23 14:10:00,,,,,1,,,,
354,12/04/23 14:15:00,,,,,1,,,,
355,12/04/23 15:00:00,1,1,1,1,,,,,
356,12/04/23 15:15:00,,,,,1,,,,
357,12/04/23 15:20:00,,,,,1,,,,
358,12/04/23 15:45:00,,,,,1,,,,
359,12/04/23 15:50:00,,,,,1,,,,
360,12/04/23 15:55:00,,,,,1,,,,
361,12/04/23 16:00:00,1,1,1,1,1,,,,
362,12/04/23 16:20:00,,,,,1,,,,
363,12/04/23 17:00:00,1,1,1,1,,,,,
364,12/04/23 18:00:00,1,1,1,1,,,,,
365,12/04/23 19:00:00,1,1,1,1,,,,,
366,12/04/23 20:00:00,1,1,1,1,,,,,
367,12/04/23 21:00:00,1,1,1,1,,,,,
368,12/04/23 22:00:00,1,1,1,1,,,,,
369,12/04/23 23:00:00,1,1,1,1,,,,,
370,12/05/23 00:00:00,1,1,1,1,,,,,
371,12/05/23 01:00:00,1,1,1,1,,,,,
372,12/05/23 02:00:00,1,1,1,1,,,,,
373,12/05/23 03:00:00,1,1,1,1,,,,,
374,12/05/23 04:00:00,1,1,1,1,,,,,
375,12/05/23 05:00:00,1,1,1,1,,,,,
376,12/05/23 06:00:00,1,1,1,1,,,,,
377,12/05/23 07:00:00,1,1,1,1,,,,,
378,12/05/23 08:00:00,1,1,1,1,,,,,
379,12/05/23 09:00:00,1,1,1,1,,,,,
380,12/05/23 09:55:00,,,,,1,,,,
381,12/05/23 10:00:00,1,1,1,1,,,,,
382,12/05/23 11:00:00,1,1,1,1,,,,,
383,12/05/23 12:00:00,1,1,1,1,,,,,
384,12/05/23 13:00:00,1,1,1,1,,,,,
385,12/05/23 14:00:00,1,1,1,1,,,,,
386,12/05/23 15:00:00,1,1,1,1,,,,,
387,12/05/23 16:00:00,1,1,1,1,,,,,
388,12/05/23 17:00:00,1,1,1,1,,,,,
389,12/05/23 18:00:00,1,1,1,1,,,,,
390,12/05/23 19:00:00,1,1,1,1,,,,,
391,12/05/23 20:00:00,1,1,1,1,,,,,
392,12/05/23 21:00:00,1,1,1,1,,,,,
393,12/05/23 22:00:00,1,1,1,1,,,,,
394,12/05/23 23:00:00,1,1,1,1,,,,,
395,12/06/23 00:00:00,1,1,1,1,,,,,
396,12/06/23 01:00:00,1,1,1,1,,,,,
397,12/06/23 02:00:00,1,1,1,1,,,,,
398,12/06/23 03:00:00,1,1,1,1,,,,,
399,12/06/23 04:00:00,1,1,1,1,,,,,
400,12/06/23 05:00:00,1,1,1,1,,,,,
401,12/06/23 06:00:00,1,1,1,1,,,,,
402,12/06/23 07:00:00,1,1,1,1,,,,,
403,12/06/23 08:00:00,1,1,1,1,,,,,
404,12/06/23 09:00:00,1,1,1,1,,,,,
405,12/06/23 10:00:00,1,1,1,1,,,,,
406,12/06/23 11:00:00,1,1,1,1,,,,,
407,12/06/23 12:00:00,1,1,1,1,,,,,
408,12/06/23 13:00:00,1,1,1,1,,,,,
409,12/06/23 14:00:00,1,1,1,1,,,,,
410,12/06/23 15:00:00,1,1,1,1,,,,,
411,12/06/23 16:00:00,1,1,1,1,,,,,
412,12/06/23 17:00:00,1,1,1,1,,,,,
413,12/06/23 18:00:00,1,1,1,1,,,,,
414,12/06/23 19:00:00,1,1,1,1,,,,,
415,12/06/23 20:00:00,1,1,1,1,,,,,
416,12/06/23 21:00:00,1,1,1,1,,,,,
417,12/06/23 22:00:00,1,1,1,1,,,,,
418,12/06/23 23:00:00,1,1,1,1,,,,,
419,12/07/23 00:00:00,1,1,1,1,,,,,
420,12/07/23 01:00:00,1,1,1,1,,,,,
421,12/07/23 02:00:00,1,1,1,1,,,,,
422,12/07/23 03:00:00,1,1,1,1,,,,,
423,12/07/23 04:00:00,1,1,1,1,,,,,
424,12/07/23 05:00:00,1,1,1,1,,,,,
425,12/07/23 06:00:00,1,1,1,1,,,,,
426,12/07/23 07:00:00,1,1,1,1,,,,,
427,12/07/23 08:00:00,1,1,1,1,,,,,
428,12/07/23 09:00:00,1,1,1,1,,,,,
429,12/07/23 10:00:00,1,1,1,1,,,,,
430,12/07/23 11:00:00,1,1,1,1,,,,,
431,12/07/23 12:00:00,1,1,1,1,,,,,
432,12/07/23 13:00:00,1,1,1,1,,,,,
433,12/07/23 14:00:00,1,1,1,1,,,,,
434,12/07/23 15:00:00,1,1,1,1,,,,,
435,12/07/23 16:00:00,1,1,1,1,,,,,
436,12/07/23 17:00:00,1,1,1,1,,,,,
437,12/07/23 18:00:00,1,1,1,1,,,,,
438,12/07/23 19:00:00,1,1,1,1,,,,,
439,12/07/23 20:00:00,1,1,1,1,,,,,
440,12/07/23 21:00:00,1,1,1,1,,,,,
441,12/07/23 22:00:00,1,1,1,1,,,,,
442,12/07/23 23:00:00,1,1,1,1,,,,,
443,12/08/23 00:00:00,1,1,1,1,,,,,
444,12/08/23 01:00:00,1,1,1,1,,,,,
445,12/08/23 02:00:00,1,1,1,1,,,,,
446,12/08/23 03:00:00,1,1,1,1,,,,,
447,12/08/23 04:00:00,1,1,1,1,,,,,
448,12/08/23 05:00:00,1,1,1,1,,,,,
449,12/08/23 06:00:00,1,1,1,1,,,,,
450,12/08/23 07:00:00,1,1,1,1,,,,,
451,12/08/23 08:00:00,1,1,1,1,,,,,
452,12/08/23 09:00:00,1,1,1,1,,,,,
453,12/08/23 10:00:00,1,1,1,1,,,,,
454,12/08/23 11:00:00,1,1,1,1,,,,,
455,12/08/23 12:00:00,1,1,1,1,,,,,
456,12/08/23 13:00:00,1,1,1,1,,,,,
457,12/08/23 14:00:00,1,1,1,1,,,,,
458,12/08/23 15:00:00,1,1,1,1,,,,,
459,12/08/23 16:00:00,1,1,1,1,,,,,
460,12/08/23 17:00:00,1,1,1,1,,,,,
461,12/08/23 18:00:00,1,1,1,1,,,,,
462,12/08/23 19:00:00,1,1,1,1,,,,,
463,12/08/23 20:00:00,1,1,1,1,,,,,
464,12/08/23 21:00:00,1,1,1,1,,,,,
465,12/08/23 22:00:00,1,1,1,1,,,,,
466,12/08/23 23:00:00,1,1,1,1,,,,,
467,12/09/23 00:00:00,1,1,1,1,,,,,
468,12/09/23 01:00:00,1,1,1,1,,,,,
469,12/09/23 02:00:00,1,1,1,1,,,,,
470,12/09/23 03:00:00,1,1,1,1,,,,,
471,12/09/23 04:00:00,1,1,1,1,,,,,
472,12/09/23 05:00:00,1,1,1,1,,,,,
473,12/09/23 06:00:00,1,1,1,1,,,,,
474,12/09/23 07:00:00,1,1,1,1,,,,,
475,12/09/23 08:00:00,1,1,1,1,,,,,
476,12/09/23 09:00:00,1,1,1,1,,,,,
477,12/09/23 10:00:00,1,1,1,1,,,,,
478,12/09/23 11:00:00,1,1,1,1,,,,,
479,12/09/23 12:00:00,1,1,1,1,,,,,
480,12/09/23 13:00:00,1,1,1,1,,,,,
481,12/09/23 14:00:00,1,1,1,1,,,,,
482,12/09/23 15:00:00,1,1,1,1,,,,,
483,12/09/23 16:00:00,1,1,1,1,,,,,
484,12/09/23 17:00:00,1,1,1,1,,,,,
485,12/09/23 18:00:00,1,1,1,1,,,,,
486,12/09/23 19:00:00,1,1,1,1,,,,,
487,12/09/23 20:00:00,1,1,1,1,,,,,
488,12/09/23 21:00:00,1,1,1,1,,,,,
489,12/09/23 22:00:00,1,1,1,1,,,,,
490,12/09/23 23:00:00,1,1,1,1,,,,,
491,12/10/23 00:00:00,1,1,1,1,,,,,
492,12/10/23 01:00:00,1,1,1,1,,,,,
493,12/10/23 02:00:00,1,1,1,1,,,,,
494,12/10/23 03:00:00,1,1,1,1,,,,,
495,12/10/23 04:00:00,1,1,1,1,,,,,
496,12/10/23 05:00:00,1,1,1,1,,,,,
497,12/10/23 06:00:00,1,1,1,1,,,,,
498,12/10/23 07:00:00,1,1,1,1,,,,,
499,12/10/23 08:00:00,1,1,1,1,,,,,
500,12/10/23 09:00:00,1,1,1,1,,,,,
501,12/10/23 10:00:00,1,1,1,1,,,,,
502,12/10/23 11:00:00,1,1,1,1,,,,,
503,12/10/23 12:00:00,1,1,1,1,,,,,
504,12/10/23 13:00:00,1,1,1,1,,,,,
505,12/10/23 14:00:00,1,1,1,1,,,,,
506,12/10/23 15:00:00,1,1,1,1,,,,,
507,12/10/23 16:00:00,1,1,1,1,,,,,
508,12/10/23 17:00:00,1,1,1,1,,,,,
509,12/10/23 18:00:00,1,1,1,1,,,,,
510,12/10/23 19:00:00,1,1,1,1,,,,,
511,12/10/23 20:00:00,1,1,1,1,,,,,
512,12/10/23 21:00:00,1,1,1,1,,,,,
513,12/10/23 22:00:00,1,1,1,1,,,,,
514,12/10/23 23:00:00,1,1,1,1,,,,,
515,12/11/23 00:00:00,1,1,1,1,,,,,
516,12/11/23 01:00:00,1,1,1,1,,,,,
517,12/11/23 02:00:00,1,1,1,1,,,,,
518,12/11/23 03:00:00,1,1,1,1,,,,,
519,12/11/23 04:00:00,1,1,1,1,,,,,
520,12/11/23 05:00:00,1,1,1,1,,,,,
521,12/11/23 06:00:00,1,1,1,1,,,,,
522,12/11/23 07:00:00,1,1,1,1,,,,,
523,12/11/23 08:00:00,1,1,1,1,,,,,
524,12/11/23 09:00:00,1,1,1,1,,,,,
525,12/11/23 10:00:00,1,1,1,1,,,,,
526,12/11/23 11:00:00,1,1,1,1,,,,,
527,12/11/23 12:00:00,1,1,1,1,,,,,
528,12/11/23 13:00:00,1,1,1,1,,,,,
529,12/11/23 14:00:00,1,1,1,1,,,,,
530,12/11/23 15:00:00,1,1,1,1,,,,,
531,12/11/23 16:00:00,1,1,1,1,,,,,
532,12/11/23 17:00:00,1,1,1,1,,,,,
533,12/11/23 18:00:00,1,1,1,1,,,,,
534,12/11/23 19:00:00,1,1,1,1,,,,,
535,12/11/23 20:00:00,1,1,1,1,,,,,
536,12/11/23 21:00:00,1,1,1,1,,,,,
537,12/11/23 22:00:00,1,1,1,1,,,,,
538,12/11/23 23:00:00,1,1,1,1,,,,,
539,12/12/23 00:00:00,1,1,1,1,,,,,
540,12/12/23 01:00:00,1,1,1,1,,,,,
541,12/12/23 02:00:00,1,1,1,1,,,,,
542,12/12/23 03:00:00,1,1,1,1,,,,,
543,12/12/23 04:00:00,1,1,1,1,,,,,
544,12/12/23 05:00:00,1,1,1,1,,,,,
545,12/12/23 06:00:00,1,1,1,1,,,,,
546,12/12/23 07:00:00,1,1,1,1,,,,,
547,12/12/23 08:00:00,1,1,1,1,,,,,
548,12/12/23 09:00:00,1,1,1,1,,,,,
549,12/12/23 10:00:00,1,1,1,1,,,,,
550,12/12/23 11:00:00,1,1,1,1,,,,,
551,12/12/23 12:00:00,1,1,1,1,,,,,
552,12/12/23 13:00:00,1,1,1,1,,,,,
553,12/12/23 14:00:00,1,1,1,1,,,,,
554,12/12/23 15:00:00,1,1,1,1,,,,,
555,12/12/23 16:00:00,1,1,1,1,,,,,
556,12/12/23 17:00:00,1,1,1,1,,,,,
557,12/12/23 18:00:00,1,1,1,1,,,,,
558,12/12/23 19:00:00,1,1,1,1,,,,,
559,12/12/23 20:00:00,1,1,1,1,,,,,
560,12/12/23 21:00:00,1,1,1,1,,,,,
561,12/12/23 22:00:00,1,1,1,1,,,,,
562,12/12/23 23:00:00,1,1,1,1,,,,,
563,12/13/23 00:00:00,1,1,1,1,,,,,
564,12/13/23 01:00:00,1,1,1,1,,,,,
565,12/13/23 02:00:00,1,1,1,1,,,,,
566,12/13/23 03:00:00,1,1,1,1,,,,,
567,12/13/23 04:00:00,1,1,1,1,,,,,
568,12/13/23 05:00:00,1,1,1,1,,,,,
569,12/13/23 06:00:00,1,1,1,1,,,,,
570,12/13/23 07:00:00,1,1,1,1,,,,,
571,12/13/23 08:00:00,1,1,1,1,,,,,
572,12/13/23 09:00:00,1,1,1,1,,,,,
573,12/13/23 10:00:00,1,1,1,1,,,,,
574,12/13/23 11:00:00,1,1,1,1,,,,,
575,12/13/23 12:00:00,1,1,1,1,,,,,
576,12/13/23 13:00:00,1,1,1,1,,,,,
577,12/13/23 14:00:00,1,1,1,1,,,,,
578,12/13/23 15:00:00,1,1,1,1,,,,,
579,12/13/23 16:00:00,1,1,1,1,,,,,
580,12/13/23 17:00:00,1,1,1,1,,,,,
581,12/13/23 18:00:00,1,1,1,1,,,,,
582,12/13/23 19:00:00,1,1,1,1,,,,,
583,12/13/23 20:00:00,1,1,1,1,,,,,
584,12/13/23 21:00:00,1,1,1,1,,,,,
585,12/13/23 22:00:00,1,1,1,1,,,,,
586,12/13/23 23:00:00,1,1,1,1,,,,,
587,12/14/23 00:00:00,1,1,1,1,,,,,
588,12/14/23 01:00:00,1,1,1,1,,,,,
589,12/14/23 02:00:00,1,1,1,1,,,,,
590,12/14/23 03:00:00,1,1,1,1,,,,,
591,12/14/23 04:00:00,1,1,1,1,,,,,
592,12/14/23 05:00:00,1,1,1,1,,,,,
593,12/14/23 06:00:00,1,1,1,1,,,,,
594,12/14/23 07:00:00,1,1,1,1,,,,,
595,12/14/23 08:00:00,1,1,1,1,,,,,
596,12/14/23 09:00:00,1,1,1,1,,,,,
597,12/14/23 10:00:00,1,1,1,1,,,,,
598,12/14/23 11:00:00,1,1,1,1,,,,,
599,12/14/23 12:00:00,1,1,1,1,,,,,
600,12/14/23 13:00:00,1,1,1,1,,,,,
601,12/14/23 14:00:00,1,1,1,1,,,,,
602,12/14/23 15:00:00,1,1,1,1,,,,,
603,12/14/23 16:00:00,1,1,1,1,,,,,
604,12/14/23 17:00:00,1,1,1,1,,,,,
605,12/14/23 18:00:00,1,1,1,1,,,,,
606,12/14/23 19:00:00,1,1,1,1,,,,,
607,12/14/23 20:00:00,1,1,1,1,,,,,
608,12/14/23 21:00:00,1,1,1,1,,,,,
609,12/14/23 22:00:00,1,1,1,1,,,,,
610,12/14/23 23:00:00,1,1,1,1,,,,,
611,12/15/23 00:00:00,1,1,1,1,,,,,
612,12/15/23 01:00:00,1,1,1,1,,,,,
613,12/15/23 02:00:00,1,1,1,1,,,,,
614,12/15/23 03:00:00,1,1,1,1,,,,,
615,12/15/23 04:00:00,1,1,1,1,,,,,
616,12/15/23 05:00:00,1,1,1,1,,,,,
617,12/15/23 06:00:00,1,1,1,1,,,,,
618,12/15/23 07:00:00,1,1,1,1,,,,,
619,12/15/23 08:00:00,1,1,1,1,,,,,
620,12/15/23 09:00:00,1,1,1,1,,,,,
621,12/15/23 10:00:00,1,1,1,1,,,,,
622,12/15/23 11:00:00,1,1,1,1,,,,,
623,12/15/23 12:00:00,1,1,1,1,,,,,
624,12/15/23 13:00:00,1,1,1,1,,,,,
625,12/15/23 14:00:00,1,1,1,1,,,,,
626,12/15/23 15:00:00,1,1,1,1,,,,,
627,12/15/23 16:00:00,1,1,1,1,,,,,
628,12/15/23 17:00:00,1,1,1,1,,,,,
629,12/15/23 18:00:00,1,1,1,1,,,,,
630,12/15/23 19:00:00,1,1,1,1,,,,,
631,12/15/23 20:00:00,1,1,1,1,,,,,
632,12/15/23 21:00:00,1,1,1,1,,,,,
633,12/15/23 22:00:00,1,1,1,1,,,,,
634,12/15/23 23:00:00,1,1,1,1,,,,,
635,12/16/23 00:00:00,1,1,1,1,,,,,
636,12/16/23 01:00:00,1,1,1,1,,,,,
637,12/16/23 02:00:00,1,1,1,1,,,,,
638,12/16/23 03:00:00,1,1,1,1,,,,,
639,12/16/23 04:00:00,1,1,1,1,,,,,
640,12/16/23 05:00:00,1,1,1,1,,,,,
641,12/16/23 06:00:00,1,1,1,1,,,,,
642,12/16/23 07:00:00,1,1,1,1,,,,,
643,12/16/23 08:00:00,1,1,1,1,,,,,
644,12/16/23 09:00:00,1,1,1,1,,,,,
645,12/16/23 10:00:00,1,1,1,1,,,,,
646,12/16/23 11:00:00,1,1,1,1,,,,,
647,12/16/23 12:00:00,1,1,1,1,,,,,
648,12/16/23 13:00:00,1,1,1,1,,,,,
649,12/16/23 14:00:00,1,1,1,1,,,,,
650,12/16/23 15:00:00,1,1,1,1,,,,,
651,12/16/23 16:00:00,1,1,1,1,,,,,
652,12/16/23 17:00:00,1,1,1,1,,,,,
653,12/16/23 18:00:00,1,1,1,1,,,,,
654,12/16/23 19:00:00,1,1,1,1,,,,,
655,12/16/23 20:00:00,1,1,1,1,,,,,
656,12/16/23 21:00:00,1,1,1,1,,,,,
657,12/16/23 22:00:00,1,1,1,1,,,,,
658,12/16/23 23:00:00,1,1,1,1,,,,,
659,12/17/23 00:00:00,1,1,1,1,,,,,
660,12/17/23 01:00:00,1,1,1,1,,,,,
661,12/17/23 02:00:00,1,1,1,1,,,,,
662,12/17/23 03:00:00,1,1,1,1,,,,,
663,12/17/23 04:00:00,1,1,1,1,,,,,
664,12/17/23 05:00:00,1,1,1,1,,,,,
665,12/17/23 06:00:00,1,1,1,1,,,,,
666,12/17/23 07:00:00,1,1,1,1,,,,,
667,12/17/23 08:00:00,1,1,1,1,,,,,
668,12/17/23 09:00:00,1,1,1,1,,,,,
669,12/17/23 10:00:00,1,1,1,1,,,,,
670,12/17/23 11:00:00,1,1,1,1,,,,,
671,12/17/23 12:00:00,1,1,1,1,,,,,
672,12/17/23 13:00:00,1,1,1,1,,,,,
673,12/17/23 14:00:00,1,1,1,1,,,,,
674,12/17/23 15:00:00,1,1,1,1,,,,,
675,12/17/23 16:00:00,1,1,1,1,,,,,
676,12/17/23 17:00:00,1,1,1,1,,,,,
677,12/17/23 18:00:00,1,1,1,1,,,,,
678,12/17/23 19:00:00,1,1,1,1,,,,,
679,12/17/23 20:00:00,1,1,1,1,,,,,
680,12/17/23 21:00:00,1,1,1,1,,,,,
681,12/17/23 22:00:00,1,1,1,1,,,,,
682,12/17/23 23:00:00,1,1,1,1,,,,,
683,12/18/23 00:00:00,1,1,1,1,,,,,
684,12/18/23 01:00:00,1,1,1,1,,,,,
685,12/18/23 02:00:00,1,1,1,1,,,,,
686,12/18/23 03:00:00,1,1,1,1,,,,,
687,12/18/23 04:00:00,1,1,1,1,,,,,
688,12/18/23 05:00:00,1,1,1,1,,,,,
689,12/18/23 06:00:00,1,1,1,1,,,,,
690,12/18/23 07:00:00,1,1,1,1,,,,,
691,12/18/23 08:00:00,1,1,1,1,,,,,
692,12/18/23 09:00:00,1,1,1,1,,,,,
693,12/18/23 10:00:00,1,1,1,1,,,,,
694,12/18/23 11:00:00,1,1,1,1,,,,,
695,12/18/23 12:00:00,1,1,1,1,,,,,
696,12/18/23 13:00:00,1,1,1,1,,,,,
697,12/18/23 14:00:00,1,1,1,1,,,,,
698,12/18/23 15:00:00,1,1,1,1,,,,,
699,12/18/23 16:00:00,1,1,1,1,,,,,
700,12/18/23 17:00:00,1,1,1,1,,,,,
701,12/18/23 18:00:00,1,1,1,1,,,,,
702,12/18/23 19:00:00,1,1,1,1,,,,,
703,12/18/23 20:00:00,1,1,1,1,,,,,
704,12/18/23 21:00:00,1,1,1,1,,,,,
705,12/18/23 22:00:00,1,1,1,1,,,,,
706,12/18/23 23:00:00,1,1,1,1,,,,,
707,12/19/23 00:00:00,1,1,1,1,,,,,
708,12/19/23 01:00:00,1,1,1,1,,,,,
709,12/19/23 02:00:00,1,1,1,1,,,,,
710,12/19/23 03:00:00,1,1,1,1,,,,,
711,12/19/23 04:00:00,1,1,1,1,,,,,
712,12/19/23 05:00:00,1,1,1,1,,,,,
713,12/19/23 06:00:00,1,1,1,1,,,,,
714,12/19/23 07:00:00,1,1,1,1,,,,,
715,12/19/23 08:00:00,1,1,1,1,,,,,
716,12/19/23 09:00:00,1,1,1,1,,,,,
717,12/19/23 10:00:00,1,1,1,1,,,,,
718,12/19/23 11:00:00,1,1,1,1,,,,,
719,12/19/23 12:00:00,1,1,1,1,,,,,
720,12/19/23 13:00:00,1,1,1,1,,,,,
721,12/19/23 14:00:00,1,1,1,1,,,,,
722,12/19/23 15:00:00,1,1,1,1,,,,,
723,12/19/23 16:00:00,1,1,1,1,,,,,
724,12/19/23 17:00:00,1,1,1,1,,,,,
725,12/19/23 18:00:00,1,1,1,1,,,,,
726,12/19/23 19:00:00,1,1,1,1,,,,,
727,12/19/23 20:00:00,1,1,1,1,,,,,
728,12/19/23 21:00:00,1,1,1,1,,,,,
729,12/19/23 22:00:00,1,1,1,1,,,,,
730,12/19/23 23:00:00,1,1,1,1,,,,,
731,12/20/23 00:00:00,1,1,1,1,,,,,
732,12/20/23 01:00:00,1,1,1,1,,,,,
733,12/20/23 02:00:00,1,1,1,1,,,,,
734,12/20/23 03:00:00,1,1,1,1,,,,,
735,12/20/23 04:00:00,1,1,1,1,,,,,
736,12/20/23 05:00:00,1,1,1,1,,,,,
737,12/20/23 06:00:00,1,1,1,1,,,,,
738,12/20/23 07:00:00,1,1,1,1,,,,,
739,12/20/23 08:00:00,1,1,1,1,,,,,
740,12/20/23 08:50:00,,,,,,,,,1
741,12/20/23 09:00:00,1,1,1,1,,,,,
742,12/20/23 09:55:00,,,,,,,,,1
743,12/20/23 10:00:00,1,1,1,1,,,,,
744,12/20/23 10:25:00,,,,,,,,,1
745,12/20/23 11:00:00,1,1,1,1,,,,,
746,12/20/23 12:00:00,1,1,1,1,,,,,
747,12/20/23 12:30:00,,,,,,,,,1
748,12/20/23 13:00:00,1,1,1,1,,,,,
749,12/20/23 14:00:00,1,1,1,1,,,,,
750,12/20/23 15:00:00,1,1,1,1,,,,,
751,12/20/23 16:00:00,1,1,1,1,,,,,
752,12/20/23 17:00:00,1,1,1,1,,,,,
753,12/20/23 18:00:00,1,1,1,1,,,,,
754,12/20/23 19:00:00,1,1,1,1,,,,,
755,12/20/23 20:00:00,1,1,1,1,,,,,
756,12/20/23 21:00:00,1,1,1,1,,,,,
757,12/20/23 22:00:00,1,1,1,1,,,,,
758,12/20/23 23:00:00,1,1,1,1,,,,,
759,12/21/23 00:00:00,1,1,1,1,,,,,
760,12/21/23 01:00:00,1,1,1,1,,,,,
761,12/21/23 02:00:00,1,1,1,1,,,,,
762,12/21/23 03:00:00,1,1,1,1,,,,,
763,12/21/23 04:00:00,1,1,1,1,,,,,
764,12/21/23 05:00:00,1,1,1,1,,,,,
765,12/21/23 06:00:00,1,1,1,1,,,,,
766,12/21/23 07:00:00,1,1,1,1,,,,,
767,12/21/23 08:00:00,1,1,1,1,,,,,
768,12/21/23 09:00:00,1,1,1,1,,,,,
769,12/21/23 10:00:00,1,1,1,1,,,,,
770,12/21/23 11:00:00,1,1,1,1,,,,,
771,12/21/23 12:00:00,1,1,1,1,,,,,
772,12/21/23 13:00:00,1,1,1,1,,,,,
773,12/21/23 14:00:00,1,1,1,1,,,,,
774,12/21/23 15:00:00,1,1,1,1,,,,,
775,12/21/23 16:00:00,1,1,1,1,,,,,
776,12/21/23 17:00:00,1,1,1,1,,,,,
777,12/21/23 18:00:00,1,1,1,1,,,,,
778,12/21/23 19:00:00,1,1,1,1,,,,,
779,12/21/23 20:00:00,1,1,1,1,,,,,
780,12/21/23 21:00:00,1,1,1,1,,,,,
781,12/21/23 22:00:00,1,1,1,1,,,,,
782,12/21/23 23:00:00,1,1,1,1,,,,,
783,12/22/23 00:00:00,1,1,1,1,,,,,
784,12/22/23 01:00:00,1,1,1,1,,,,,
785,12/22/23 01:30:00,,,,,,,,,1
786,12/22/23 02:00:00,1,1,1,1,,,,,
787,12/22/23 03:00:00,1,1,1,1,,,,,
788,12/22/23 04:00:00,1,1,1,1,,,,,
789,12/22/23 05:00:00,1,1,1,1,,,,,
790,12/22/23 06:00:00,1,1,1,1,,,,,
791,12/22/23 07:00:00,1,1,1,1,,,,,
792,12/22/23 08:00:00,1,1,1,1,,,,,
793,12/22/23 09:00:00,1,1,1,1,,,,,
794,12/22/23 09:25:00,,,,,,,,,1
795,12/22/23 10:00:00,1,1,1,1,,,,,
796,12/22/23 10:55:00,,,,,,,,,1
797,12/22/23 11:00:00,1,1,1,1,,,,,
798,12/22/23 12:00:00,1,1,1,1,,,,,
799,12/22/23 13:00:00,1,1,1,1,,,,,
800,12/22/23 13:05:00,,,,,,,,,1
801,12/22/23 14:00:00,1,1,1,1,,,,,
802,12/22/23 14:15:00,,,,,,,,,1
803,12/22/23 14:35:00,,,,,,,,,1
804,12/22/23 15:00:00,1,1,1,1,,,,,
805,12/22/23 15:30:00,,,,,,,,,1
806,12/22/23 15:50:00,,,,,,,,,1
807,12/22/23 16:00:00,1,1,1,1,,,,,
808,12/22/23 17:00:00,1,1,1,1,,,,,
809,12/22/23 17:55:00,,,,,,,,,1
810,12/22/23 18:00:00,1,1,1,1,,,,,
811,12/22/23 19:00:00,1,1,1,1,,,,,
812,12/22/23 19:20:00,,,,,,,,,1
813,12/22/23 19:45:00,,,,,,,,,1
814,12/22/23 20:00:00,1,1,1,1,,,,,
815,12/22/23 21:00:00,1,1,1,1,,,,,
816,12/22/23 21:05:00,,,,,,,,,1
817,12/22/23 22:00:00,1,1,1,1,,,,,
818,12/22/23 23:00:00,1,1,1,1,,,,,
819,12/23/23 00:00:00,1,1,1,1,,,,,
820,12/23/23 01:00:00,1,1,1,1,,,,,
821,12/23/23 02:00:00,1,1,1,1,,,,,
822,12/23/23 02:45:00,,,,,,,,,1
823,12/23/23 03:00:00,1,1,1,1,,,,,
824,12/23/23 04:00:00,1,1,1,1,,,,,
825,12/23/23 05:00:00,1,1,1,1,,,,,
826,12/23/23 06:00:00,1,1,1,1,,,,,
827,12/23/23 07:00:00,1,1,1,1,,,,,
828,12/23/23 08:00:00,1,1,1,1,,,,,
829,12/23/23 09:00:00,1,1,1,1,,,,,
830,12/23/23 10:00:00,1,1,1,1,,,,,
831,12/23/23 11:00:00,1,1,1,1,,,,,
832,12/23/23 12:00:00,1,1,1,1,,,,,
833,12/23/23 13:00:00,1,1,1,1,,,,,
834,12/23/23 14:00:00,1,1,1,1,,,,,
835,12/23/23 15:00:00,1,1,1,1,,,,,
836,12/23/23 16:00:00,1,1,1,1,,,,,
837,12/23/23 17:00:00,1,1,1,1,,,,,
838,12/23/23 18:00:00,1,1,1,1,,,,,
839,12/23/23 19:00:00,1,1,1,1,,,,,
840,12/23/23 20:00:00,1,1,1,1,,,,,
841,12/23/23 21:00:00,1,1,1,1,,,,,
842,12/23/23 22:00:00,1,1,1,1,,,,,
843,12/23/23 23:00:00,1,1,1,1,,,,,
844,12/24/23 00:00:00,1,1,1,1,,,,,
845,12/24/23 01:00:00,1,1,1,1,,,,,
846,12/24/23 02:00:00,1,1,1,1,,,,,
847,12/24/23 03:00:00,1,1,1,1,,,,,
848,12/24/23 04:00:00,1,1,1,1,,,,,
849,12/24/23 05:00:00,1,1,1,1,,,,,
850,12/24/23 06:00:00,1,1,1,1,,,,,
851,12/24/23 07:00:00,1,1,1,1,,,,,
852,12/24/23 08:00:00,1,1,1,1,,,,,
853,12/24/23 09:00:00,1,1,1,1,,,,,
854,12/24/23 10:00:00,1,1,1,1,,,,,
855,12/24/23 11:00:00,1,1,1,1,,,,,
856,12/24/23 12:00:00,1,1,1,1,,,,,
857,12/24/23 13:00:00,1,1,1,1,,,,,
858,12/24/23 14:00:00,1,1,1,1,,,,,
859,12/24/23 15:00:00,1,1,1,1,,,,,
860,12/24/23 16:00:00,1,1,1,1,,,,,
861,12/24/23 17:00:00,1,1,1,1,,,,,
862,12/24/23 18:00:00,1,1,1,1,,,,,
863,12/24/23 19:00:00,1,1,1,1,,,,,
864,12/24/23 20:00:00,1,1,1,1,,,,,
865,12/24/23 21:00:00,1,1,1,1,,,,,
866,12/24/23 21:55:00,,,,,,,,,1
867,12/24/23 22:00:00,1,1,1,1,,,,,
868,12/24/23 22:55:00,,,,,,,,,1
869,12/24/23 23:00:00,1,1,1,1,,,,,
870,12/24/23 23:55:00,,,,,,,,,1
871,12/25/23 00:00:00,1,1,1,1,,,,,
872,12/25/23 00:55:00,,,,,,,,,1
873,12/25/23 01:00:00,1,1,1,1,,,,,
874,12/25/23 01:55:00,,,,,,,,,1
875,12/25/23 02:00:00,1,1,1,1,,,,,
876,12/25/23 02:55:00,,,,,,,,,1
877,12/25/23 03:00:00,1,1,1,1,,,,,
878,12/25/23 03:55:00,,,,,,,,,1
879,12/25/23 04:00:00,1,1,1,1,,,,,
880,12/25/23 04:55:00,,,,,,,,,1
881,12/25/23 05:00:00,1,1,1,1,,,,,
882,12/25/23 05:55:00,,,,,,,,,1
883,12/25/23 06:00:00,1,1,1,1,,,,,
884,12/25/23 06:55:00,,,,,,,,,1
885,12/25/23 07:00:00,1,1,1,1,,,,,
886,12/25/23 07:55:00,,,,,,,,,1
887,12/25/23 08:00:00,1,1,1,1,,,,,
888,12/25/23 08:55:00,,,,,,,,,1
889,12/25/23 09:00:00,1,1,1,1,,,,,
890,12/25/23 09:55:00,,,,,,,,,1
891,12/25/23 10:00:00,1,1,1,1,,,,,
892,12/25/23 10:55:00,,,,,,,,,1
893,12/25/23 11:00:00,1,1,1,1,,,,,
894,12/25/23 11:55:00,,,,,,,,,1
895,12/25/23 12:00:00,1,1,1,1,,,,,
896,12/25/23 12:55:00,,,,,,,,,1
897,12/25/23 13:00:00,1,1,1,1,,,,,
898,12/25/23 13:55:00,,,,,,,,,1
899,12/25/23 14:00:00,1,1,1,1,,,,,
900,12/25/23 14:55:00,,,,,,,,,1
901,12/25/23 15:00:00,1,1,1,1,,,,,
902,12/25/23 15:55:00,,,,,,,,,1
903,12/25/23 16:00:00,1,1,1,1,,,,,
904,12/25/23 16:55:00,,,,,,,,,1
905,12/25/23 17:00:00,1,1,1,1,,,,,
906,12/25/23 17:55:00,,,,,,,,,1
907,12/25/23 18:00:00,1,1,1,1,,,,,
908,12/25/23 18:55:00,,,,,,,,,1
909,12/25/23 19:00:00,1,1,1,1,,,,,
910,12/25/23 19:55:00,,,,,,,,,1
911,12/25/23 20:00:00,1,1,1,1,,,,,
912,12/25/23 20:55:00,,,,,,,,,1
913,12/25/23 21:00:00,1,1,1,1,,,,,
914,12/25/23 21:55:00,,,,,,,,,1
915,12/25/23 22:00:00,1,1,1,1,,,,,
916,12/25/23 22:55:00,,,,,,,,,1
917,12/25/23 23:00:00,1,1,1,1,,,,,
918,12/25/23 23:55:00,,,,,,,,,1
919,12/26/23 00:00:00,1,1,1,1,,,,,
920,12/26/23 00:55:00,,,,,,,,,1
921,12/26/23 01:00:00,1,1,1,1,,,,,
922,12/26/23 01:55:00,,,,,,,,,1
923,12/26/23 02:00:00,1,1,1,1,,,,,
924,12/26/23 02:55:00,,,,,,,,,1
925,12/26/23 03:00:00,1,1,1,1,,,,,
926,12/26/23 03:55:00,,,,,,,,,1
927,12/26/23 04:00:00,1,1,1,1,,,,,
928,12/26/23 04:55:00,,,,,,,,,1
929,12/26/23 05:00:00,1,1,1,1,,,,,
930,12/26/23 05:55:00,,,,,,,,,1
931,12/26/23 06:00:00,1,1,1,1,,,,,
932,12/26/23 06:55:00,,,,,,,,,1
933,12/26/23 07:00:00,1,1,1,1,,,,,
934,12/26/23 07:55:00,,,,,,,,,1
935,12/26/23 08:00:00,1,1,1,1,,,,,
936,12/26/23 08:55:00,,,,,,,,,1
937,12/26/23 09:00:00,1,1,1,1,,,,,
938,12/26/23 09:55:00,,,,,,,,,1
939,12/26/23 10:00:00,1,1,1,1,,,,,
940,12/26/23 10:55:00,,,,,,,,,1
941,12/26/23 11:00:00,1,1,1,1,,,,,
942,12/26/23 11:55:00,,,,,,,,,1
943,12/26/23 12:00:00,1,1,1,1,,,,,
944,12/26/23 12:55:00,,,,,,,,,1
945,12/26/23 13:00:00,1,1,1,1,,,,,
946,12/26/23 13:55:00,,,,,,,,,1
947,12/26/23 14:00:00,1,1,1,1,,,,,
948,12/26/23 14:55:00,,,,,,,,,1
949,12/26/23 15:00:00,1,1,1,1,,,,,
950,12/26/23 15:55:00,,,,,,,,,1
951,12/26/23 16:00:00,1,1,1,1,,,,,
952,12/26/23 16:55:00,,,,,,,,,1
953,12/26/23 17:00:00,1,1,1,1,,,,,
954,12/26/23 17:55:00,,,,,,,,,1
955,12/26/23 18:00:00,1,1,1,1,,,,,
956,12/26/23 18:55:00,,,,,,,,,1
957,12/26/23 19:00:00,1,1,1,1,,,,,
958,12/26/23 19:55:00,,,,,,,,,1
959,12/26/23 20:00:00,1,1,1,1,,,,,
960,12/26/23 20:55:00,,,,,,,,,1
961,12/26/23 21:00:00,1,1,1,1,,,,,
962,12/26/23 21:55:00,,,,,,,,,1
963,12/26/23 22:00:00,1,1,1,1,,,,,
964,12/26/23 22:55:00,,,,,,,,,1
965,12/26/23 23:00:00,1,1,1,1,,,,,
966,12/26/23 23:55:00,,,,,,,,,1
967,12/27/23 00:00:00,1,1,1,1,,,,,
968,12/27/23 00:55:00,,,,,,,,,1
969,12/27/23 01:00:00,1,1,1,1,,,,,
970,12/27/23 01:55:00,,,,,,,,,1
971,12/27/23 02:00:00,1,1,1,1,,,,,
972,12/27/23 02:55:00,,,,,,,,,1
973,12/27/23 03:00:00,1,1,1,1,,,,,
974,12/27/23 03:55:00,,,,,,,,,1
975,12/27/23 04:00:00,1,1,1,1,,,,,
976,12/27/23 04:55:00,,,,,,,,,1
977,12/27/23 05:00:00,1,1,1,1,,,,,
978,12/27/23 05:55:00,,,,,,,,,1
979,12/27/23 06:00:00,1,1,1,1,,,,,
980,12/27/23 06:55:00,,,,,,,,,1
981,12/27/23 07:00:00,1,1,1,1,,,,,
982,12/27/23 07:55:00,,,,,,,,,1
983,12/27/23 08:00:00,1,1,1,1,,,,,
984,12/27/23 08:55:00,,,,,,,,,1
985,12/27/23 09:00:00,1,1,1,1,,,,,
986,12/27/23 09:55:00,,,,,,,,,1
987,12/27/23 10:00:00,1,1,1,1,,,,,
988,12/27/23 10:55:00,,,,,,,,,1
989,12/27/23 11:00:00,1,1,1,1,,,,,
990,12/27/23 11:55:00,,,,,,,,,1
991,12/27/23 12:00:00,1,1,1,1,,,,,
992,12/27/23 12:55:00,,,,,,,,,1
993,12/27/23 13:00:00,1,1,1,1,,,,,
994,12/27/23 13:55:00,,,,,,,,,1
995,12/27/23 14:00:00,1,1,1,1,,,,,
996,12/27/23 14:55:00,,,,,,,,,1
997,12/27/23 15:00:00,1,1,1,1,,,,,
998,12/27/23 15:55:00,,,,,,,,,1
999,12/27/23 16:00:00,1,1,1,1,,,,,
1000,12/27/23 16:55:00,,,,,,,,,1
1001,12/27/23 17:00:00,1,1,1,1,,,,,
1002,12/27/23 17:55:00,,,,,,,,,1
1003,12/27/23 18:00:00,1,1,1,1,,,,,
1004,12/27/23 18:55:00,,,,,,,,,1
1005,12/27/23 19:00:00,1,1,1,1,,,,,
1006,12/27/23 19:55:00,,,,,,,,,1
1007,12/27/23 20:00:00,1,1,1,1,,,,,
1008,12/27/23 20:55:00,,,,,,,,,1
1009,12/27/23 21:00:00,1,1,1,1,,,,,
1010,12/27/23 21:55:00,,,,,,,,,1
1011,12/27/23 22:00:00,1,1,1,1,,,,,
1012,12/27/23 22:55:00,,,,,,,,,1
1013,12/27/23 23:00:00,1,1,1,1,,,,,
1014,12/27/23 23:55:00,,,,,,,,,1
1015,12/28/23 00:00:00,1,1,1,1,,,,,
1016,12/28/23 00:55:00,,,,,,,,,1
1017,12/28/23 01:00:00,1,1,1,1,,,,,
1018,12/28/23 01:55:00,,,,,,,,,1
1019,12/28/23 02:00:00,1,1,1,1,,,,,
1020,12/28/23 02:55:00,,,,,,,,,1
1021,12/28/23 03:00:00,1,1,1,1,,,,,
1022,12/28/23 03:55:00,,,,,,,,,1
1023,12/28/23 04:00:00,1,1,1,1,,,,,
1024,12/28/23 04:55:00,,,,,,,,,1
1025,12/28/23 05:00:00,1,1,1,1,,,,,
1026,12/28/23 05:55:00,,,,,,,,,1
1027,12/28/23 06:00:00,1,1,1,1,,,,,
1028,12/28/23 06:55:00,,,,,,,,,1
1029,12/28/23 07:00:00,1,1,1,1,,,,,
1030,12/28/23 07:55:00,,,,,,,,,1
1031,12/28/23 08:00:00,1,1,1,1,,,,,
1032,12/28/23 08:55:00,,,,,,,,,1
1033,12/28/23 09:00:00,1,1,1,1,,,,,
1034,12/28/23 09:55:00,,,,,,,,,1
1035,12/28/23 10:00:00,1,1,1,1,,,,,
1036,12/28/23 10:55:00,,,,,,,,,1
1037,12/28/23 11:00:00,1,1,1,1,,,,,
1038,12/28/23 11:55:00,,,,,,,,,1
1039,12/28/23 12:00:00,1,1,1,1,,,,,
1040,12/28/23 12:55:00,,,,,,,,,1
1041,12/28/23 13:00:00,1,1,1,1,,,,,
1042,12/28/23 13:55:00,,,,,,,,,1
1043,12/28/23 14:00:00,1,1,1,1,,,,,
1044,12/28/23 14:55:00,,,,,,,,,1
1045,12/28/23 15:00:00,1,1,1,1,,,,,
1046,12/28/23 15:55:00,,,,,,,,,1
1047,12/28/23 16:00:00,1,1,1,1,,,,,
1048,12/28/23 16:55:00,,,,,,,,,1
1049,12/28/23 17:00:00,1,1,1,1,,,,,
1050,12/28/23 17:55:00,,,,,,,,,1
1051,12/28/23 18:00:00,1,1,1,1,,,,,
1052,12/28/23 18:55:00,,,,,,,,,1
1053,12/28/23 19:00:00,1,1,1,1,,,,,
1054,12/28/23 19:55:00,,,,,,,,,1
1055,12/28/23 20:00:00,1,1,1,1,,,,,
1056,12/28/23 20:55:00,,,,,,,,,1
1057,12/28/23 21:00:00,1,1,1,1,,,,,
1058,12/28/23 21:55:00,,,,,,,,,1
1059,12/28/23 22:00:00,1,1,1,1,,,,,
1060,12/28/23 22:55:00,,,,,,,,,1
1061,12/28/23 23:00:00,1,1,1,1,,,,,
1062,12/28/23 23:55:00,,,,,,,,,1
1063,12/29/23 00:00:00,1,1,1,1,,,,,
1064,12/29/23 00:55:00,,,,,,,,,1
1065,12/29/23 01:00:00,1,1,1,1,,,,,
1066,12/29/23 01:55:00,,,,,,,,,1
1067,12/29/23 02:00:00,1,1,1,1,,,,,
1068,12/29/23 02:55:00,,,,,,,,,1
1069,12/29/23 03:00:00,1,1,1,1,,,,,
1070,12/29/23 03:55:00,,,,,,,,,1
1071,12/29/23 04:00:00,1,1,1,1,,,,,
1072,12/29/23 04:55:00,,,,,,,,,1
1073,12/29/23 05:00:00,1,1,1,1,,,,,
1074,12/29/23 05:55:00,,,,,,,,,1
1075,12/29/23 06:00:00,1,1,1,1,,,,,
1076,12/29/23 06:55:00,,,,,,,,,1
1077,12/29/23 07:00:00,1,1,1,1,,,,,
1078,12/29/23 07:55:00,,,,,,,,,1
1079,12/29/23 08:00:00,1,1,1,1,,,,,
1080,12/29/23 08:55:00,,,,,,,,,1
1081,12/29/23 09:00:00,1,1,1,1,,,,,
1082,12/29/23 09:55:00,,,,,,,,,1
1083,12/29/23 10:00:00,1,1,1,1,,,,,
1084,12/29/23 10:55:00,,,,,,,,,1
1085,12/29/23 11:00:00,1,1,1,1,,,,,
1086,12/29/23 11:55:00,,,,,,,,,1
1087,12/29/23 12:00:00,1,1,1,1,,,,,
1088,12/29/23 12:55:00,,,,,,,,,1
1089,12/29/23 13:00:00,1,1,1,1,,,,,
1090,12/29/23 13:55:00,,,,,,,,,1
1091,12/29/23 14:00:00,1,1,1,1,,,,,
1092,12/29/23 14:55:00,,,,,,,,,1
1093,12/29/23 15:00:00,1,1,1,1,,,,,
1094,12/29/23 15:55:00,,,,,,,,,1
1095,12/29/23 16:00:00,1,1,1,1,,,,,
1096,12/29/23 16:55:00,,,,,,,,,1
1097,12/29/23 17:00:00,1,1,1,1,,,,,
1098,12/29/23 17:55:00,,,,,,,,,1
1099,12/29/23 18:00:00,1,1,1,1,,,,,
1100,12/29/23 18:55:00,,,,,,,,,1
1101,12/29/23 19:00:00,1,1,1,1,,,,,
1102,12/29/23 19:55:00,,,,,,,,,1
1103,12/29/23 20:00:00,1,1,1,1,,,,,
1104,12/29/23 20:55:00,,,,,,,,,1
1105,12/29/23 21:00:00,1,1,1,1,,,,,
1106,12/29/23 21:55:00,,,,,,,,,1
1107,12/29/23 22:00:00,1,1,1,1,,,,,
1108,12/29/23 22:55:00,,,,,,,,,1
1109,12/29/23 23:00:00,1,1,1,1,,,,,
1110,12/29/23 23:55:00,,,,,,,,,1
1111,12/30/23 00:00:00,1,1,1,1,,,,,
1112,12/30/23 00:55:00,,,,,,,,,1
1113,12/30/23 01:00:00,1,1,1,1,,,,,
1114,12/30/23 01:55:00,,,,,,,,,1
1115,12/30/23 02:00:00,1,1,1,1,,,,,
1116,12/30/23 02:55:00,,,,,,,,,1
1117,12/30/23 03:00:00,1,1,1,1,,,,,
1118,12/30/23 03:55:00,,,,,,,,,1
1119,12/30/23 04:00:00,1,1,1,1,,,,,
1120,12/30/23 04:55:00,,,,,,,,,1
1121,12/30/23 05:00:00,1,1,1,1,,,,,
1122,12/30/23 05:55:00,,,,,,,,,1
1123,12/30/23 06:00:00,1,1,1,1,,,,,
1124,12/30/23 06:55:00,,,,,,,,,1
1125,12/30/23 07:00:00,1,1,1,1,,,,,
1126,12/30/23 07:55:00,,,,,,,,,1
1127,12/30/23 08:00:00,1,1,1,1,,,,,
1128,12/30/23 08:55:00,,,,,,,,,1
1129,12/30/23 09:00:00,1,1,1,1,,,,,
1130,12/30/23 09:55:00,,,,,,,,,1
1131,12/30/23 10:00:00,1,1,1,1,,,,,
1132,12/30/23 10:55:00,,,,,,,,,1
1133,12/30/23 11:00:00,1,1,1,1,,,,,
1134,12/30/23 11:55:00,,,,,,,,,1
1135,12/30/23 12:00:00,1,1,1,1,,,,,
1136,12/30/23 12:55:00,,,,,,,,,1
1137,12/30/23 13:00:00,1,1,1,1,,,,,
1138,12/30/23 13:55:00,,,,,,,,,1
1139,12/30/23 14:00:00,1,1,1,1,,,,,
1140,12/30/23 14:55:00,,,,,,,,,1
1141,12/30/23 15:00:00,1,1,1,1,,,,,
1142,12/30/23 15:55:00,,,,,,,,,1
1143,12/30/23 16:00:00,1,1,1,1,,,,,
1144,12/30/23 16:55:00,,,,,,,,,1
1145,12/30/23 17:00:00,1,1,1,1,,,,,
1146,12/30/23 17:55:00,,,,,,,,,1
1147,12/30/23 18:00:00,1,1,1,1,,,,,
1148,12/30/23 18:55:00,,,,,,,,,1
1149,12/30/23 19:00:00,1,1,1,1,,,,,
1150,12/30/23 19:55:00,,,,,,,,,1
1151,12/30/23 20:00:00,1,1,1,1,,,,,
1152,12/30/23 20:55:00,,,,,,,,,1
1153,12/30/23 21:00:00,1,1,1,1,,,,,
1154,12/30/23 21:55:00,,,,,,,,,1
1155,12/30/23 22:00:00,1,1,1,1,,,,,
1156,12/30/23 22:55:00,,,,,,,,,1
1157,12/30/23 23:00:00,1,1,1,1,,,,,
1158,12/30/23 23:55:00,,,,,,,,,1
1159,12/31/23 00:00:00,1,1,1,1,,,,,
1160,12/31/23 00:55:00,,,,,,,,,1
1161,12/31/23 01:00:00,1,1,1,1,,,,,
1162,12/31/23 01:55:00,,,,,,,,,1
1163,12/31/23 02:00:00,1,1,1,1,,,,,
1164,12/31/23 02:55:00,,,,,,,,,1
1165,12/31/23 03:00:00,1,1,1,1,,,,,
1166,12/31/23 03:55:00,,,,,,,,,1
1167,12/31/23 04:00:00,1,1,1,1,,,,,
1168,12/31/23 04:55:00,,,,,,,,,1
1169,12/31/23 05:00:00,1,1,1,1,,,,,
1170,12/31/23 05:55:00,,,,,,,,,1
1171,12/31/23 06:00:00,1,1,1,1,,,,,
1172,12/31/23 06:55:00,,,,,,,,,1
1173,12/31/23 07:00:00,1,1,1,1,,,,,
1174,12/31/23 07:55:00,,,,,,,,,1
1175,12/31/23 08:00:00,1,1,1,1,,,,,
1176,12/31/23 08:55:00,,,,,,,,,1
1177,12/31/23 09:00:00,1,1,1,1,,,,,
1178,12/31/23 09:55:00,,,,,,,,,1
1179,12/31/23 10:00:00,1,1,1,1,,,,,
1180,12/31/23 10:55:00,,,,,,,,,1
1181,12/31/23 11:00:00,1,1,1,1,,,,,
1182,12/31/23 11:55:00,,,,,,,,,1
1183,12/31/23 12:00:00,1,1,1,1,,,,,
1184,12/31/23 12:55:00,,,,,,,,,1
1185,12/31/23 13:00:00,1,1,1,1,,,,,
1186,12/31/23 13:55:00,,,,,,,,,1
1187,12/31/23 14:00:00,1,1,1,1,,,,,
1188,12/31/23 14:55:00,,,,,,,,,1
1189,12/31/23 15:00:00,1,1,1,1,,,,,
1190,12/31/23 15:55:00,,,,,,,,,1
1191,12/31/23 16:00:00,1,1,1,1,,,,,
1192,12/31/23 16:55:00,,,,,,,,,1
1193,12/31/23 17:00:00,1,1,1,1,,,,,
1194,12/31/23 17:55:00,,,,,,,,,1
1195,12/31/23 18:00:00,1,1,1,1,,,,,
1196,12/31/23 18:55:00,,,,,,,,,1
1197,12/31/23 19:00:00,1,1,1,1,,,,,
1198,12/31/23 19:55:00,,,,,,,,,1
1199,12/31/23 20:00:00,1,1,1,1,,,,,
1200,12/31/23 20:55:00,,,,,,,,,1
1201,12/31/23 21:00:00,1,1,1,1,,,,,
1202,12/31/23 21:55:00,,,,,,,,,1
1203,12/31/23 22:00:00,1,1,1,1,,,,,
1204,12/31/23 22:55:00,,,,,,,,,1
1205,12/31/23 23:00:00,1,1,1,1,,,,,
1206,12/31/23 23:55:00,,,,,,,,,1
1207,01/01/24 00:00:00,1,1,1,1,,,,,
1208,01/01/24 00:55:00,,,,,,,,,1
1209,01/01/24 01:00:00,1,1,1,1,,,,,
1210,01/01/24 01:55:00,,,,,,,,,1
1211,01/01/24 02:00:00,1,1,1,1,,,,,
1212,01/01/24 02:55:00,,,,,,,,,1
1213,01/01/24 03:00:00,1,1,1,1,,,,,
1214,01/01/24 03:55:00,,,,,,,,,1
1215,01/01/24 04:00:00,1,1,1,1,,,,,
1216,01/01/24 04:55:00,,,,,,,,,1
1217,01/01/24 05:00:00,1,1,1,1,,,,,
1218,01/01/24 05:55:00,,,,,,,,,1
1219,01/01/24 06:00:00,1,1,1,1,,,,,
1220,01/01/24 06:55:00,,,,,,,,,1
1221,01/01/24 07:00:00,1,1,1,1,,,,,
1222,01/01/24 07:55:00,,,,,,,,,1
1223,01/01/24 08:00:00,1,1,1,1,,,,,
1224,01/01/24 08:55:00,,,,,,,,,1
1225,01/01/24 09:00:00,1,1,1,1,,,,,
1226,01/01/24 09:55:00,,,,,,,,,1
1227,01/01/24 10:00:00,1,1,1,1,,,,,
1228,01/01/24 10:55:00,,,,,,,,,1
1229,01/01/24 11:00:00,1,1,1,1,,,,,
1230,01/01/24 11:55:00,,,,,,,,,1
1231,01/01/24 12:00:00,1,1,1,1,,,,,
1232,01/01/24 12:55:00,,,,,,,,,1
1233,01/01/24 13:00:00,1,1,1,1,,,,,
1234,01/01/24 13:55:00,,,,,,,,,1
1235,01/01/24 14:00:00,1,1,1,1,,,,,
1236,01/01/24 14:55:00,,,,,,,,,1
1237,01/01/24 15:00:00,1,1,1,1,,,,,
1238,01/01/24 15:55:00,,,,,,,,,1
1239,01/01/24 16:00:00,1,1,1,1,,,,,
1240,01/01/24 16:55:00,,,,,,,,,1
1241,01/01/24 17:00:00,1,1,1,1,,,,,
1242,01/01/24 17:55:00,,,,,,,,,1
1243,01/01/24 18:00:00,1,1,1,1,,,,,
1244,01/01/24 18:55:00,,,,,,,,,1
1245,01/01/24 19:00:00,1,1,1,1,,,,,
1246,01/01/24 19:55:00,,,,,,,,,1
1247,01/01/24 20:00:00,1,1,1,1,,,,,
1248,01/01/24 20:55:00,,,,,,,,,1
1249,01/01/24 21:00:00,1,1,1,1,,,,,
1250,01/01/24 21:55:00,,,,,,,,,1
1251,01/01/24 22:00:00,1,1,1,1,,,,,
1252,01/01/24 22:55:00,,,,,,,,,1
1253,01/01/24 23:00:00,1,1,1,1,,,,,
1254,01/01/24 23:55:00,,,,,,,,,1
1255,01/02/24 00:00:00,1,1,1,1,,,,,
1256,01/02/24 00:55:00,,,,,,,,,1
1257,01/02/24 01:00:00,1,1,1,1,,,,,
1258,01/02/24 01:55:00,,,,,,,,,1
1259,01/02/24 02:00:00,1,1,1,1,,,,,
1260,01/02/24 02:55:00,,,,,,,,,1
1261,01/02/24 03:00:00,1,1,1,1,,,,,
1262,01/02/24 03:55:00,,,,,,,,,1
1263,01/02/24 04:00:00,1,1,1,1,,,,,
1264,01/02/24 04:55:00,,,,,,,,,1
1265,01/02/24 05:00:00,1,1,1,1,,,,,
1266,01/02/24 05:55:00,,,,,,,,,1
1267,01/02/24 06:00:00,1,1,1,1,,,,,
1268,01/02/24 06:55:00,,,,,,,,,1
1269,01/02/24 07:00:00,1,1,1,1,,,,,
1270,01/02/24 07:55:00,,,,,,,,,1
1271,01/02/24 08:00:00,1,1,1,1,,,,,
1272,01/02/24 08:55:00,,,,,,,,,1
1273,01/02/24 09:00:00,1,1,1,1,,,,,
1274,01/02/24 09:55:00,,,,,,,,,1
1275,01/02/24 10:00:00,1,1,1,1,,,,,
1276,01/02/24 10:55:00,,,,,,,,,1
1277,01/02/24 11:00:00,1,1,1,1,,,,,
1278,01/02/24 11:55:00,,,,,,,,,1
1279,01/02/24 12:00:00,1,1,1,1,,,,,
1280,01/02/24 12:55:00,,,,,,,,,1
1281,01/02/24 13:00:00,1,1,1,1,,,,,
1282,01/02/24 13:55:00,,,,,,,,,1
1283,01/02/24 14:00:00,1,1,1,1,,,,,
1284,01/02/24 14:55:00,,,,,,,,,1
1285,01/02/24 15:00:00,1,1,1,1,,,,,
1286,01/02/24 15:55:00,,,,,,,,,1
1287,01/02/24 16:00:00,1,1,1,1,,,,,
1288,01/02/24 16:55:00,,,,,,,,,1
1289,01/02/24 17:00:00,1,1,1,1,,,,,
1290,01/02/24 17:55:00,,,,,,,,,1
1291,01/02/24 18:00:00,1,1,1,1,,,,,
1292,01/02/24 18:55:00,,,,,,,,,1
1293,01/02/24 19:00:00,1,1,1,1,,,,,
1294,01/02/24 19:55:00,,,,,,,,,1
1295,01/02/24 20:00:00,1,1,1,1,,,,,
1296,01/02/24 20:55:00,,,,,,,,,1
1297,01/02/24 21:00:00,1,1,1,1,,,,,
1298,01/02/24 21:55:00,,,,,,,,,1
1299,01/02/24 22:00:00,1,1,1,1,,,,,
1300,01/02/24 22:55:00,,,,,,,,,1
1301,01/02/24 23:00:00,1,1,1,1,,,,,
1302,01/02/24 23:55:00,,,,,,,,,1
1303,01/03/24 00:00:00,1,1,1,1,,,,,
1304,01/03/24 00:55:00,,,,,,,,,1
1305,01/03/24 01:00:00,1,1,1,1,,,,,
1306,01/03/24 01:55:00,,,,,,,,,1
1307,01/03/24 02:00:00,1,1,1,1,,,,,
1308,01/03/24 02:55:00,,,,,,,,,1
1309,01/03/24 03:00:00,1,1,1,1,,,,,
1310,01/03/24 03:55:00,,,,,,,,,1
1311,01/03/24 04:00:00,1,1,1,1,,,,,
1312,01/03/24 04:55:00,,,,,,,,,1
1313,01/03/24 05:00:00,1,1,1,1,,,,,
1314,01/03/24 05:55:00,,,,,,,,,1
1315,01/03/24 06:00:00,1,1,1,1,,,,,
1316,01/03/24 06:55:00,,,,,,,,,1
1317,01/03/24 07:00:00,1,1,1,1,,,,,
1318,01/03/24 07:55:00,,,,,,,,,1
1319,01/03/24 08:00:00,1,1,1,1,,,,,
1320,01/03/24 08:55:00,,,,,,,,,1
1321,01/03/24 09:00:00,1,1,1,1,,,,,
1322,01/03/24 09:55:00,,,,,,,,,1
1323,01/03/24 10:00:00,1,1,1,1,,,,,
1324,01/03/24 10:55:00,,,,,,,,,1
1325,01/03/24 11:00:00,1,1,1,1,,,,,
1326,01/03/24 11:55:00,,,,,,,,,1
1327,01/03/24 12:00:00,1,1,1,1,,,,,
1328,01/03/24 12:55:00,,,,,,,,,1
1329,01/03/24 13:00:00,1,1,1,1,,,,,
1330,01/03/24 13:55:00,,,,,,,,,1
1331,01/03/24 14:00:00,1,1,1,1,,,,,
1332,01/03/24 14:55:00,,,,,,,,,1
1333,01/03/24 15:00:00,1,1,1,1,,,,,
1334,01/03/24 15:55:00,,,,,,,,,1
1335,01/03/24 16:00:00,1,1,1,1,,,,,
1336,01/03/24 16:55:00,,,,,,,,,1
1337,01/03/24 17:00:00,1,1,1,1,,,,,
1338,01/03/24 17:55:00,,,,,,,,,1
1339,01/03/24 18:00:00,1,1,1,1,,,,,
1340,01/03/24 18:55:00,,,,,,,,,1
1341,01/03/24 19:00:00,1,1,1,1,,,,,
1342,01/03/24 19:55:00,,,,,,,,,1
1343,01/03/24 20:00:00,1,1,1,1,,,,,
1344,01/03/24 20:55:00,,,,,,,,,1
1345,01/03/24 21:00:00,1,1,1,1,,,,,
1346,01/03/24 21:55:00,,,,,,,,,1
1347,01/03/24 22:00:00,1,1,1,1,,,,,
1348,01/03/24 22:55:00,,,,,,,,,1
1349,01/03/24 23:00:00,1,1,1,1,,,,,
1350,01/03/24 23:55:00,,,,,,,,,1
1351,01/04/24 00:00:00,1,1,1,1,,,,,
1352,01/04/24 00:55:00,,,,,,,,,1
1353,01/04/24 01:00:00,1,1,1,1,,,,,
1354,01/04/24 01:55:00,,,,,,,,,1
1355,01/04/24 02:00:00,1,1,1,1,,,,,
1356,01/04/24 02:55:00,,,,,,,,,1
1357,01/04/24 03:00:00,1,1,1,1,,,,,
1358,01/04/24 03:55:00,,,,,,,,,1
1359,01/04/24 04:00:00,1,1,1,1,,,,,
1360,01/04/24 04:55:00,,,,,,,,,1
1361,01/04/24 05:00:00,1,1,1,1,,,,,
1362,01/04/24 05:55:00,,,,,,,,,1
1363,01/04/24 06:00:00,1,1,1,1,,,,,
1364,01/04/24 06:55:00,,,,,,,,,1
1365,01/04/24 07:00:00,1,1,1,1,,,,,
1366,01/04/24 07:55:00,,,,,,,,,1
1367,01/04/24 08:00:00,1,1,1,1,,,,,
1368,01/04/24 08:55:00,,,,,,,,,1
1369,01/04/24 09:00:00,1,1,1,1,,,,,
1370,01/04/24 09:55:00,,,,,,,,,1
1371,01/04/24 10:00:00,1,1,1,1,,,,,
1372,01/04/24 10:55:00,,,,,,,,,1
1373,01/04/24 11:00:00,1,1,1,1,,,,,
1374,01/04/24 11:55:00,,,,,,,,,1
1375,01/04/24 12:00:00,1,1,1,1,,,,,
1376,01/04/24 12:55:00,,,,,,,,,1
1377,01/04/24 13:00:00,1,1,1,1,,,,,
1378,01/04/24 13:55:00,,,,,,,,,1
1379,01/04/24 14:00:00,1,1,1,1,,,,,
1380,01/04/24 14:55:00,,,,,,,,,1
1381,01/04/24 15:00:00,1,1,1,1,,,,,
1382,01/04/24 15:55:00,,,,,,,,,1
1383,01/04/24 16:00:00,1,1,1,1,,,,,
1384,01/04/24 16:55:00,,,,,,,,,1
1385,01/04/24 17:00:00,1,1,1,1,,,,,
1386,01/04/24 17:55:00,,,,,,,,,1
1387,01/04/24 18:00:00,1,1,1,1,,,,,
1388,01/04/24 18:55:00,,,,,,,,,1
1389,01/04/24 19:00:00,1,1,1,1,,,,,
1390,01/04/24 19:55:00,,,,,,,,,1
1391,01/04/24 20:00:00,1,1,1,1,,,,,
1392,01/04/24 20:55:00,,,,,,,,,1
1393,01/04/24 21:00:00,1,1,1,1,,,,,
1394,01/04/24 21:55:00,,,,,,,,,1
1395,01/04/24 22:00:00,1,1,1,1,,,,,
1396,01/04/24 22:55:00,,,,,,,,,1
1397,01/04/24 23:00:00,1,1,1,1,,,,,
1398,01/04/24 23:55:00,,,,,,,,,1
1399,01/05/24 00:00:00,1,1,1,1,,,,,
1400,01/05/24 00:55:00,,,,,,,,,1
1401,01/05/24 01:00:00,1,1,1,1,,,,,
1402,01/05/24 01:55:00,,,,,,,,,1
1403,01/05/24 02:00:00,1,1,1,1,,,,,
1404,01/05/24 02:55:00,,,,,,,,,1
1405,01/05/24 03:00:00,1,1,1,1,,,,,
1406,01/05/24 03:55:00,,,,,,,,,1
1407,01/05/24 04:00:00,1,1,1,1,,,,,
1408,01/05/24 04:55:00,,,,,,,,,1
1409,01/05/24 05:00:00,1,1,1,1,,,,,
1410,01/05/24 05:55:00,,,,,,,,,1
1411,01/05/24 06:00:00,1,1,1,1,,,,,
1412,01/05/24 06:55:00,,,,,,,,,1
1413,01/05/24 07:00:00,1,1,1,1,,,,,
1414,01/05/24 07:55:00,,,,,,,,,1
1415,01/05/24 08:00:00,1,1,1,1,,,,,
1416,01/05/24 08:55:00,,,,,,,,,1
1417,01/05/24 09:00:00,1,1,1,1,,,,,
1418,01/05/24 09:55:00,,,,,,,,,1
1419,01/05/24 10:00:00,1,1,1,1,,,,,
1420,01/05/24 10:55:00,,,,,,,,,1
1421,01/05/24 11:00:00,1,1,1,1,,,,,
1422,01/05/24 11:55:00,,,,,,,,,1
1423,01/05/24 12:00:00,1,1,1,1,,,,,
1424,01/05/24 12:55:00,,,,,,,,,1
1425,01/05/24 13:00:00,1,1,1,1,,,,,
1426,01/05/24 13:55:00,,,,,,,,,1
1427,01/05/24 14:00:00,1,1,1,1,,,,,
1428,01/05/24 14:55:00,,,,,,,,,1
1429,01/05/24 15:00:00,1,1,1,1,,,,,
1430,01/05/24 15:55:00,,,,,,,,,1
1431,01/05/24 16:00:00,1,1,1,1,,,,,
1432,01/05/24 16:55:00,,,,,,,,,1
1433,01/05/24 17:00:00,1,1,1,1,,,,,
1434,01/05/24 17:55:00,,,,,,,,,1
1435,01/05/24 18:00:00,1,1,1,1,,,,,
1436,01/05/24 18:55:00,,,,,,,,,1
1437,01/05/24 19:00:00,1,1,1,1,,,,,
1438,01/05/24 19:55:00,,,,,,,,,1
1439,01/05/24 20:00:00,1,1,1,1,,,,,
1440,01/05/24 20:55:00,,,,,,,,,1
1441,01/05/24 21:00:00,1,1,1,1,,,,,
1442,01/05/24 21:55:00,,,,,,,,,1
1443,01/05/24 22:00:00,1,1,1,1,,,,,
1444,01/05/24 22:55:00,,,,,,,,,1
1445,01/05/24 23:00:00,1,1,1,1,,,,,
1446,01/05/24 23:55:00,,,,,,,,,1
1447,01/06/24 00:00:00,1,1,1,1,,,,,
1448,01/06/24 00:55:00,,,,,,,,,1
1449,01/06/24 01:00:00,1,1,1,1,,,,,
1450,01/06/24 01:55:00,,,,,,,,,1
1451,01/06/24 02:00:00,1,1,1,1,,,,,
1452,01/06/24 02:55:00,,,,,,,,,1
1453,01/06/24 03:00:00,1,1,1,1,,,,,
1454,01/06/24 03:55:00,,,,,,,,,1
1455,01/06/24 04:00:00,1,1,1,1,,,,,
1456,01/06/24 04:55:00,,,,,,,,,1
1457,01/06/24 05:00:00,1,1,1,1,,,,,
1458,01/06/24 05:55:00,,,,,,,,,1
1459,01/06/24 06:00:00,1,1,1,1,,,,,
1460,01/06/24 06:55:00,,,,,,,,,1
1461,01/06/24 07:00:00,1,1,1,1,,,,,
1462,01/06/24 07:55:00,,,,,,,,,1
1463,01/06/24 08:00:00,1,1,1,1,,,,,
1464,01/06/24 08:55:00,,,,,,,,,1
1465,01/06/24 09:00:00,1,1,1,1,,,,,
1466,01/06/24 09:55:00,,,,,,,,,1
1467,01/06/24 10:00:00,1,1,1,1,,,,,
1468,01/06/24 10:55:00,,,,,,,,,1
1469,01/06/24 11:00:00,1,1,1,1,,,,,
1470,01/06/24 11:55:00,,,,,,,,,1
1471,01/06/24 12:00:00,1,1,1,1,,,,,
1472,01/06/24 12:55:00,,,,,,,,,1
1473,01/06/24 13:00:00,1,1,1,1,,,,,
1474,01/06/24 13:55:00,,,,,,,,,1
1475,01/06/24 14:00:00,1,1,1,1,,,,,
1476,01/06/24 14:55:00,,,,,,,,,1
1477,01/06/24 15:00:00,1,1,1,1,,,,,
1478,01/06/24 15:55:00,,,,,,,,,1
1479,01/06/24 16:00:00,1,1,1,1,,,,,
1480,01/06/24 16:55:00,,,,,,,,,1
1481,01/06/24 17:00:00,1,1,1,1,,,,,
1482,01/06/24 17:55:00,,,,,,,,,1
1483,01/06/24 18:00:00,1,1,1,1,,,,,
1484,01/06/24 18:55:00,,,,,,,,,1
1485,01/06/24 19:00:00,1,1,1,1,,,,,
1486,01/06/24 19:55:00,,,,,,,,,1
1487,01/06/24 20:00:00,1,1,1,1,,,,,
1488,01/06/24 20:55:00,,,,,,,,,1
1489,01/06/24 21:00:00,1,1,1,1,,,,,
1490,01/06/24 21:55:00,,,,,,,,,1
1491,01/06/24 22:00:00,1,1,1,1,,,,,
1492,01/06/24 22:55:00,,,,,,,,,1
1493,01/06/24 23:00:00,1,1,1,1,,,,,
1494,01/06/24 23:55:00,,,,,,,,,1
1495,01/07/24 00:00:00,1,1,1,1,,,,,
1496,01/07/24 00:55:00,,,,,,,,,1
1497,01/07/24 01:00:00,1,1,1,1,,,,,
1498,01/07/24 01:55:00,,,,,,,,,1
1499,01/07/24 02:00:00,1,1,1,1,,,,,
1500,01/07/24 02:55:00,,,,,,,,,1
1501,01/07/24 03:00:00,1,1,1,1,,,,,
1502,01/07/24 03:55:00,,,,,,,,,1
1503,01/07/24 04:00:00,1,1,1,1,,,,,
1504,01/07/24 04:55:00,,,,,,,,,1
1505,01/07/24 05:00:00,1,1,1,1,,,,,
1506,01/07/24 05:55:00,,,,,,,,,1
1507,01/07/24 06:00:00,1,1,1,1,,,,,
1508,01/07/24 06:55:00,,,,,,,,,1
1509,01/07/24 07:00:00,1,1,1,1,,,,,
1510,01/07/24 07:55:00,,,,,,,,,1
1511,01/07/24 08:00:00,1,1,1,1,,,,,
1512,01/07/24 08:55:00,,,,,,,,,1
1513,01/07/24 09:00:00,1,1,1,1,,,,,
1514,01/07/24 09:55:00,,,,,,,,,1
1515,01/07/24 10:00:00,1,1,1,1,,,,,
1516,01/07/24 10:55:00,,,,,,,,,1
1517,01/07/24 11:00:00,1,1,1,1,,,,,
1518,01/07/24 11:55:00,,,,,,,,,1
1519,01/07/24 12:00:00,1,1,1,1,,,,,
1520,01/07/24 12:55:00,,,,,,,,,1
1521,01/07/24 13:00:00,1,1,1,1,,,,,
1522,01/07/24 13:55:00,,,,,,,,,1
1523,01/07/24 14:00:00,1,1,1,1,,,,,
1524,01/07/24 14:55:00,,,,,,,,,1
1525,01/07/24 15:00:00,1,1,1,1,,,,,
1526,01/07/24 15:55:00,,,,,,,,,1
1527,01/07/24 16:00:00,1,1,1,1,,,,,
1528,01/07/24 16:55:00,,,,,,,,,1
1529,01/07/24 17:00:00,1,1,1,1,,,,,
1530,01/07/24 17:55:00,,,,,,,,,1
1531,01/07/24 18:00:00,1,1,1,1,,,,,
1532,01/07/24 18:55:00,,,,,,,,,1
1533,01/07/24 19:00:00,1,1,1,1,,,,,
1534,01/07/24 19:55:00,,,,,,,,,1
1535,01/07/24 20:00:00,1,1,1,1,,,,,
1536,01/07/24 20:55:00,,,,,,,,,1
1537,01/07/24 21:00:00,1,1,1,1,,,,,
1538,01/07/24 21:55:00,,,,,,,,,1
1539,01/07/24 22:00:00,1,1,1,1,,,,,
1540,01/07/24 22:55:00,,,,,,,,,1
1541,01/07/24 23:00:00,1,1,1,1,,,,,
1542,01/07/24 23:55:00,,,,,,,,,1
1543,01/08/24 00:00:00,1,1,1,1,,,,,
1544,01/08/24 00:55:00,,,,,,,,,1
1545,01/08/24 01:00:00,1,1,1,1,,,,,
1546,01/08/24 01:55:00,,,,,,,,,1
1547,01/08/24 02:00:00,1,1,1,1,,,,,
1548,01/08/24 02:55:00,,,,,,,,,1
1549,01/08/24 03:00:00,1,1,1,1,,,,,
1550,01/08/24 03:55:00,,,,,,,,,1
1551,01/08/24 04:00:00,1,1,1,1,,,,,
1552,01/08/24 04:55:00,,,,,,,,,1
1553,01/08/24 05:00:00,1,1,1,1,,,,,
1554,01/08/24 05:55:00,,,,,,,,,1
1555,01/08/24 06:00:00,1,1,1,1,,,,,
1556,01/08/24 06:55:00,,,,,,,,,1
1557,01/08/24 07:00:00,1,1,1,1,,,,,
1558,01/08/24 07:55:00,,,,,,,,,1
1559,01/08/24 08:00:00,1,1,1,1,,,,,
1560,01/08/24 08:55:00,,,,,,,,,1
1561,01/08/24 09:00:00,1,1,1,1,,,,,
1562,01/08/24 09:55:00,,,,,,,,,1
1563,01/08/24 10:00:00,1,1,1,1,,,,,
1564,01/08/24 10:55:00,,,,,,,,,1
1565,01/08/24 11:00:00,1,1,1,1,,,,,
1566,01/08/24 11:55:00,,,,,,,,,1
1567,01/08/24 12:00:00,1,1,1,1,,,,,
1568,01/08/24 12:55:00,,,,,,,,,1
1569,01/08/24 13:00:00,1,1,1,1,,,,,
1570,01/08/24 13:55:00,,,,,,,,,1
1571,01/08/24 14:00:00,1,1,1,1,,,,,
1572,01/08/24 14:55:00,,,,,,,,,1
1573,01/08/24 15:00:00,1,1,1,1,,,,,
1574,01/08/24 15:55:00,,,,,,,,,1
1575,01/08/24 16:00:00,1,1,1,1,,,,,
1576,01/08/24 16:55:00,,,,,,,,,1
1577,01/08/24 17:00:00,1,1,1,1,,,,,
1578,01/08/24 17:55:00,,,,,,,,,1
1579,01/08/24 18:00:00,1,1,1,1,,,,,
1580,01/08/24 18:55:00,,,,,,,,,1
1581,01/08/24 19:00:00,1,1,1,1,,,,,
1582,01/08/24 19:55:00,,,,,,,,,1
1583,01/08/24 20:00:00,1,1,1,1,,,,,
1584,01/08/24 20:55:00,,,,,,,,,1
1585,01/08/24 21:00:00,1,1,1,1,,,,,
1586,01/08/24 21:55:00,,,,,,,,,1
1587,01/08/24 22:00:00,1,1,1,1,,,,,
1588,01/08/24 22:55:00,,,,,,,,,1
1589,01/08/24 23:00:00,1,1,1,1,,,,,
1590,01/08/24 23:55:00,,,,,,,,,1
1591,01/09/24 00:00:00,1,1,1,1,,,,,
1592,01/09/24 00:55:00,,,,,,,,,1
1593,01/09/24 01:00:00,1,1,1,1,,,,,
1594,01/09/24 01:55:00,,,,,,,,,1
1595,01/09/24 02:00:00,1,1,1,1,,,,,
1596,01/09/24 02:55:00,,,,,,,,,1
1597,01/09/24 03:00:00,1,1,1,1,,,,,
1598,01/09/24 03:55:00,,,,,,,,,1
1599,01/09/24 04:00:00,1,1,1,1,,,,,
1600,01/09/24 04:55:00,,,,,,,,,1
1601,01/09/24 05:00:00,1,1,1,1,,,,,
1602,01/09/24 05:55:00,,,,,,,,,1
1603,01/09/24 06:00:00,1,1,1,1,,,,,
1604,01/09/24 06:55:00,,,,,,,,,1
1605,01/09/24 07:00:00,1,1,1,1,,,,,
1606,01/09/24 07:55:00,,,,,,,,,1
1607,01/09/24 08:00:00,1,1,1,1,,,,,
1608,01/09/24 08:55:00,,,,,,,,,1
1609,01/09/24 09:00:00,1,1,1,1,,,,,
1610,01/09/24 09:55:00,,,,,,,,,1
1611,01/09/24 10:00:00,1,1,1,1,,,,,
1612,01/09/24 10:55:00,,,,,,,,,1
1613,01/09/24 11:00:00,1,1,1,1,,,,,
1614,01/09/24 11:55:00,,,,,,,,,1
1615,01/09/24 12:00:00,1,1,1,1,,,,,
1616,01/09/24 12:55:00,,,,,,,,,1
1617,01/09/24 13:00:00,1,1,1,1,,,,,
1618,01/09/24 13:55:00,,,,,,,,,1
1619,01/09/24 14:00:00,1,1,1,1,,,,,
1620,01/09/24 14:55:00,,,,,,,,,1
1621,01/09/24 15:00:00,1,1,1,1,,,,,
1622,01/09/24 15:55:00,,,,,,,,,1
1623,01/09/24 16:00:00,1,1,1,1,,,,,
1624,01/09/24 16:55:00,,,,,,,,,1
1625,01/09/24 17:00:00,1,1,1,1,,,,,
1626,01/09/24 17:55:00,,,,,,,,,1
1627,01/09/24 18:00:00,1,1,1,1,,,,,
1628,01/09/24 18:55:00,,,,,,,,,1
1629,01/09/24 19:00:00,1,1,1,1,,,,,
1630,01/09/24 19:55:00,,,,,,,,,1
1631,01/09/24 20:00:00,1,1,1,1,,,,,
1632,01/09/24 20:55:00,,,,,,,,,1
1633,01/09/24 21:00:00,1,1,1,1,,,,,
1634,01/09/24 21:55:00,,,,,,,,,1
1635,01/09/24 22:00:00,1,1,1,1,,,,,
1636,01/09/24 22:55:00,,,,,,,,,1
1637,01/09/24 23:00:00,1,1,1,1,,,,,
1638,01/09/24 23:55:00,,,,,,,,,1
1639,01/10/24 00:00:00,1,1,1,1,,,,,
1640,01/10/24 00:55:00,,,,,,,,,1
1641,01/10/24 01:00:00,1,1,1,1,,,,,
1642,01/10/24 01:55:00,,,,,,,,,1
1643,01/10/24 02:00:00,1,1,1,1,,,,,
1644,01/10/24 02:55:00,,,,,,,,,1
1645,01/10/24 03:00:00,1,1,1,1,,,,,
1646,01/10/24 03:55:00,,,,,,,,,1
1647,01/10/24 04:00:00,1,1,1,1,,,,,
1648,01/10/24 04:55:00,,,,,,,,,1
1649,01/10/24 05:00:00,1,1,1,1,,,,,
1650,01/10/24 05:55:00,,,,,,,,,1
1651,01/10/24 06:00:00,1,1,1,1,,,,,
1652,01/10/24 06:55:00,,,,,,,,,1
1653,01/10/24 07:00:00,1,1,1,1,,,,,
1654,01/10/24 07:55:00,,,,,,,,,1
1655,01/10/24 08:00:00,1,1,1,1,,,,,
1656,01/10/24 08:55:00,,,,,,,,,1
1657,01/10/24 09:00:00,1,1,1,1,,,,,
1658,01/10/24 09:55:00,,,,,,,,,1
1659,01/10/24 10:00:00,1,1,1,1,,,,,
1660,01/10/24 10:55:00,,,,,,,,,1
1661,01/10/24 11:00:00,1,1,1,1,,,,,
1662,01/10/24 11:55:00,,,,,,,,,1
1663,01/10/24 12:00:00,1,1,1,1,,,,,
1664,01/10/24 12:55:00,,,,,,,,,1
1665,01/10/24 13:00:00,1,1,1,1,,,,,
1666,01/10/24 13:55:00,,,,,,,,,1
1667,01/10/24 14:00:00,1,1,1,1,,,,,
1668,01/10/24 14:55:00,,,,,,,,,1
1669,01/10/24 15:00:00,1,1,1,1,,,,,
1670,01/10/24 15:55:00,,,,,,,,,1
1671,01/10/24 16:00:00,1,1,1,1,,,,,
1672,01/10/24 16:55:00,,,,,,,,,1
1673,01/10/24 17:00:00,1,1,1,1,,,,,
1674,01/10/24 17:55:00,,,,,,,,,1
1675,01/10/24 18:00:00,1,1,1,1,,,,,
1676,01/10/24 18:55:00,,,,,,,,,1
1677,01/10/24 19:00:00,1,1,1,1,,,,,
1678,01/10/24 19:55:00,,,,,,,,,1
1679,01/10/24 20:00:00,1,1,1,1,,,,,
1680,01/10/24 20:55:00,,,,,,,,,1
1681,01/10/24 21:00:00,1,1,1,1,,,,,
1682,01/10/24 21:55:00,,,,,,,,,1
1683,01/10/24 22:00:00,1,1,1,1,,,,,
1684,01/10/24 22:55:00,,,,,,,,,1
1685,01/10/24 23:00:00,1,1,1,1,,,,,
1686,01/10/24 23:55:00,,,,,,,,,1
1687,01/11/24 00:00:00,1,1,1,1,,,,,
1688,01/11/24 00:55:00,,,,,,,,,1
1689,01/11/24 01:00:00,1,1,1,1,,,,,
1690,01/11/24 01:55:00,,,,,,,,,1
1691,01/11/24 02:00:00,1,1,1,1,,,,,
1692,01/11/24 02:55:00,,,,,,,,,1
1693,01/11/24 03:00:00,1,1,1,1,,,,,
1694,01/11/24 03:55:00,,,,,,,,,1
1695,01/11/24 04:00:00,1,1,1,1,,,,,
1696,01/11/24 04:55:00,,,,,,,,,1
1697,01/11/24 05:00:00,1,1,1,1,,,,,
1698,01/11/24 05:55:00,,,,,,,,,1
1699,01/11/24 06:00:00,1,1,1,1,,,,,
1700,01/11/24 06:55:00,,,,,,,,,1
1701,01/11/24 07:00:00,1,1,1,1,,,,,
1702,01/11/24 07:55:00,,,,,,,,,1
1703,01/11/24 08:00:00,1,1,1,1,,,,,
1704,01/11/24 08:55:00,,,,,,,,,1
1705,01/11/24 09:00:00,1,1,1,1,,,,,
1706,01/11/24 09:55:00,,,,,,,,,1
1707,01/11/24 10:00:00,1,1,1,1,,,,,
1708,01/11/24 10:55:00,,,,,,,,,1
1709,01/11/24 11:00:00,1,1,1,1,,,,,
1710,01/11/24 11:55:00,,,,,,,,,1
1711,01/11/24 12:00:00,1,1,1,1,,,,,
1712,01/11/24 12:55:00,,,,,,,,,1
1713,01/11/24 13:00:00,1,1,1,1,,,,,
1714,01/11/24 13:55:00,,,,,,,,,1
1715,01/11/24 14:00:00,1,1,1,1,,,,,
1716,01/11/24 14:55:00,,,,,,,,,1
1717,01/11/24 15:00:00,1,1,1,1,,,,,
1718,01/11/24 15:55:00,,,,,,,,,1
1719,01/11/24 16:00:00,1,1,1,1,,,,,
1720,01/11/24 16:55:00,,,,,,,,,1
1721,01/11/24 17:00:00,1,1,1,1,,,,,
1722,01/11/24 17:55:00,,,,,,,,,1
1723,01/11/24 18:00:00,1,1,1,1,,,,,
1724,01/11/24 18:55:00,,,,,,,,,1
1725,01/11/24 19:00:00,1,1,1,1,,,,,
1726,01/11/24 19:55:00,,,,,,,,,1
1727,01/11/24 20:00:00,1,1,1,1,,,,,
1728,01/11/24 20:55:00,,,,,,,,,1
1729,01/11/24 21:00:00,1,1,1,1,,,,,
1730,01/11/24 21:55:00,,,,,,,,,1
1731,01/11/24 22:00:00,1,1,1,1,,,,,
1732,01/11/24 22:55:00,,,,,,,,,1
1733,01/11/24 23:00:00,1,1,1,1,,,,,
1734,01/11/24 23:55:00,,,,,,,,,1
1735,01/12/24 00:00:00,1,1,1,1,,,,,
1736,01/12/24 00:55:00,,,,,,,,,1
1737,01/12/24 01:00:00,1,1,1,1,,,,,
1738,01/12/24 01:55:00,,,,,,,,,1
1739,01/12/24 02:00:00,1,1,1,1,,,,,
1740,01/12/24 02:55:00,,,,,,,,,1
1741,01/12/24 03:00:00,1,1,1,1,,,,,
1742,01/12/24 03:55:00,,,,,,,,,1
1743,01/12/24 04:00:00,1,1,1,1,,,,,
1744,01/12/24 04:55:00,,,,,,,,,1
1745,01/12/24 05:00:00,1,1,1,1,,,,,
1746,01/12/24 05:55:00,,,,,,,,,1
1747,01/12/24 06:00:00,1,1,1,1,,,,,
1748,01/12/24 06:55:00,,,,,,,,,1
1749,01/12/24 07:00:00,1,1,1,1,,,,,
1750,01/12/24 07:55:00,,,,,,,,,1
1751,01/12/24 08:00:00,1,1,1,1,,,,,
1752,01/12/24 08:55:00,,,,,,,,,1
1753,01/12/24 09:00:00,1,1,1,1,,,,,
1754,01/12/24 09:55:00,,,,,,,,,1
1755,01/12/24 10:00:00,1,1,1,1,,,,,
1756,01/12/24 10:55:00,,,,,,,,,1
1757,01/12/24 11:00:00,1,1,1,1,,,,,
1758,01/12/24 11:55:00,,,,,,,,,1
1759,01/12/24 12:00:00,1,1,1,1,,,,,
1760,01/12/24 12:55:00,,,,,,,,,1
1761,01/12/24 13:00:00,1,1,1,1,,,,,
1762,01/12/24 13:55:00,,,,,,,,,1
1763,01/12/24 14:00:00,1,1,1,1,,,,,
1764,01/12/24 14:55:00,,,,,,,,,1
1765,01/12/24 15:00:00,1,1,1,1,,,,,
1766,01/12/24 15:55:00,,,,,,,,,1
1767,01/12/24 16:00:00,1,1,1,1,,,,,
1768,01/12/24 16:55:00,,,,,,,,,1
1769,01/12/24 17:00:00,1,1,1,1,,,,,
1770,01/12/24 17:55:00,,,,,,,,,1
1771,01/12/24 18:00:00,1,1,1,1,,,,,
1772,01/12/24 18:55:00,,,,,,,,,1
1773,01/12/24 19:00:00,1,1,1,1,,,,,
1774,01/12/24 19:55:00,,,,,,,,,1
1775,01/12/24 20:00:00,1,1,1,1,,,,,
1776,01/12/24 20:55:00,,,,,,,,,1
1777,01/12/24 21:00:00,1,1,1,1,,,,,
1778,01/12/24 21:55:00,,,,,,,,,1
1779,01/12/24 22:00:00,1,1,1,1,,,,,
1780,01/12/24 22:55:00,,,,,,,,,1
1781,01/12/24 23:00:00,1,1,1,1,,,,,
1782,01/12/24 23:55:00,,,,,,,,,1
1783,01/13/24 00:00:00,1,1,1,1,,,,,
1784,01/13/24 00:55:00,,,,,,,,,1
1785,01/13/24 01:00:00,1,1,1,1,,,,,
1786,01/13/24 01:55:00,,,,,,,,,1
1787,01/13/24 02:00:00,1,1,1,1,,,,,
1788,01/13/24 02:55:00,,,,,,,,,1
1789,01/13/24 03:00:00,1,1,1,1,,,,,
1790,01/13/24 03:55:00,,,,,,,,,1
1791,01/13/24 04:00:00,1,1,1,1,,,,,
1792,01/13/24 04:55:00,,,,,,,,,1
1793,01/13/24 05:00:00,1,1,1,1,,,,,
1794,01/13/24 05:55:00,,,,,,,,,1
1795,01/13/24 06:00:00,1,1,1,1,,,,,
1796,01/13/24 06:55:00,,,,,,,,,1
1797,01/13/24 07:00:00,1,1,1,1,,,,,
1798,01/13/24 07:55:00,,,,,,,,,1
1799,01/13/24 08:00:00,1,1,1,1,,,,,
1800,01/13/24 08:55:00,,,,,,,,,1
1801,01/13/24 09:00:00,1,1,1,1,,,,,
1802,01/13/24 09:55:00,,,,,,,,,1
1803,01/13/24 10:00:00,1,1,1,1,,,,,
1804,01/13/24 10:55:00,,,,,,,,,1
1805,01/13/24 11:00:00,1,1,1,1,,,,,
1806,01/13/24 11:55:00,,,,,,,,,1
1807,01/13/24 12:00:00,1,1,1,1,,,,,
1808,01/13/24 12:55:00,,,,,,,,,1
1809,01/13/24 13:00:00,1,1,1,1,,,,,
1810,01/13/24 13:55:00,,,,,,,,,1
1811,01/13/24 14:00:00,1,1,1,1,,,,,
1812,01/13/24 14:55:00,,,,,,,,,1
1813,01/13/24 15:00:00,1,1,1,1,,,,,
1814,01/13/24 15:55:00,,,,,,,,,1
1815,01/13/24 16:00:00,1,1,1,1,,,,,
1816,01/13/24 16:55:00,,,,,,,,,1
1817,01/13/24 17:00:00,1,1,1,1,,,,,
1818,01/13/24 17:55:00,,,,,,,,,1
1819,01/13/24 18:00:00,1,1,1,1,,,,,
1820,01/13/24 18:55:00,,,,,,,,,1
1821,01/13/24 19:00:00,1,1,1,1,,,,,
1822,01/13/24 19:55:00,,,,,,,,,1
1823,01/13/24 20:00:00,1,1,1,1,,,,,
1824,01/13/24 20:55:00,,,,,,,,,1
1825,01/13/24 21:00:00,1,1,1,1,,,,,
1826,01/13/24 21:55:00,,,,,,,,,1
1827,01/13/24 22:00:00,1,1,1,1,,,,,
1828,01/13/24 22:55:00,,,,,,,,,1
1829,01/13/24 23:00:00,1,1,1,1,,,,,
1830,01/13/24 23:55:00,,,,,,,,,1
1831,01/14/24 00:00:00,1,1,1,1,,,,,
1832,01/14/24 00:55:00,,,,,,,,,1
1833,01/14/24 01:00:00,1,1,1,1,,,,,
1834,01/14/24 01:55:00,,,,,,,,,1
1835,01/14/24 02:00:00,1,1,1,1,,,,,
1836,01/14/24 02:55:00,,,,,,,,,1
1837,01/14/24 03:00:00,1,1,1,1,,,,,
1838,01/14/24 03:55:00,,,,,,,,,1
1839,01/14/24 04:00:00,1,1,1,1,,,,,
1840,01/14/24 04:55:00,,,,,,,,,1
1841,01/14/24 05:00:00,1,1,1,1,,,,,
1842,01/14/24 05:55:00,,,,,,,,,1
1843,01/14/24 06:00:00,1,1,1,1,,,,,
1844,01/14/24 07:00:00,1,1,1,1,,,,,
1845,01/14/24 08:00:00,1,1,1,1,,,,,
1846,01/14/24 09:00:00,1,1,1,1,,,,,
1847,01/14/24 10:00:00,1,1,1,1,,,,,
1848,01/14/24 11:00:00,1,1,1,1,,,,,
1849,01/14/24 12:00:00,1,1,1,1,,,,,
1850,01/14/24 13:00:00,1,1,1,1,,,,,
1851,01/14/24 14:00:00,1,1,1,1,,,,,
1852,01/14/24 15:00:00,1,1,1,1,,,,,
1853,01/14/24 16:00:00,1,1,1,1,,,,,
1854,01/14/24 17:00:00,1,1,1,1,,,,,
1855,01/14/24 18:00:00,1,1,1,1,,,,,
1856,01/14/24 19:00:00,1,1,1,1,,,,,
1857,01/14/24 20:00:00,1,1,1,1,,,,,
1858,01/14/24 21:00:00,1,1,1,1,,,,,
1859,01/14/24 22:00:00,1,1,1,1,,,,,
1860,01/14/24 23:00:00,1,1,1,1,,,,,
1861,01/15/24 00:00:00,1,1,1,1,,,,,
1862,01/15/24 01:00:00,1,1,1,1,,,,,
1863,01/15/24 02:00:00,1,1,1,1,,,,,
1864,01/15/24 03:00:00,1,1,1,1,,,,,
1865,01/15/24 04:00:00,1,1,1,1,,,,,
1866,01/15/24 05:00:00,1,1,1,1,,,,,
1867,01/15/24 06:00:00,1,1,1,1,,,,,
1868,01/15/24 07:00:00,1,1,1,1,,,,,
1869,01/15/24 08:00:00,1,1,1,1,,,,,
1870,01/15/24 09:00:00,1,1,1,1,,,,,
1871,01/15/24 10:00:00,1,1,1,1,,,,,
1872,01/15/24 11:00:00,1,1,1,1,,,,,
1873,01/15/24 12:00:00,1,1,1,1,,,,,
1874,01/15/24 13:00:00,1,1,1,1,,,,,
1875,01/15/24 14:00:00,1,1,1,1,,,,,
1876,01/15/24 15:00:00,1,1,1,1,,,,,
1877,01/15/24 16:00:00,1,1,1,1,,,,,
1878,01/15/24 17:00:00,1,1,1,1,,,,,
1879,01/15/24 18:00:00,1,1,1,1,,,,,
1880,01/15/24 19:00:00,1,1,1,1,,,,,
1881,01/15/24 20:00:00,1,1,1,1,,,,,
1882,01/15/24 21:00:00,1,1,1,1,,,,,
1883,01/15/24 22:00:00,1,1,1,1,,,,,
1884,01/15/24 23:00:00,1,1,1,1,,,,,
1885,01/16/24 00:00:00,1,1,1,1,,,,,
1886,01/16/24 01:00:00,1,1,1,1,,,,,
1887,01/16/24 02:00:00,1,1,1,1,,,,,
1888,01/16/24 03:00:00,1,1,1,1,,,,,
1889,01/16/24 04:00:00,1,1,1,1,,,,,
1890,01/16/24 05:00:00,1,1,1,1,,,,,
1891,01/16/24 06:00:00,1,1,1,1,,,,,
1892,01/16/24 07:00:00,1,1,1,1,,,,,
1893,01/16/24 08:00:00,1,1,1,1,,,,,
1894,01/16/24 09:00:00,1,1,1,1,,,,,
1895,01/16/24 10:00:00,1,1,1,1,,,,,
1896,01/16/24 11:00:00,1,1,1,1,,,,,
1897,01/16/24 12:00:00,1,1,1,1,,,,,
1898,01/16/24 13:00:00,1,1,1,1,,,,,
1899,01/16/24 14:00:00,1,1,1,1,,,,,
1900,01/16/24 15:00:00,1,1,1,1,,,,,
1901,01/16/24 16:00:00,1,1,1,1,,,,,
1902,01/16/24 17:00:00,1,1,1,1,,,,,
1903,01/16/24 18:00:00,1,1,1,1,,,,,
1904,01/16/24 19:00:00,1,1,1,1,,,,,
1905,01/16/24 20:00:00,1,1,1,1,,,,,
1906,01/16/24 21:00:00,1,1,1,1,,,,,
1907,01/16/24 22:00:00,1,1,1,1,,,,,
1908,01/16/24 23:00:00,1,1,1,1,,,,,
1909,01/17/24 00:00:00,1,1,1,1,,,,,
1910,01/17/24 01:00:00,1,1,1,1,,,,,
1911,01/17/24 02:00:00,1,1,1,1,,,,,
1912,01/17/24 03:00:00,1,1,1,1,,,,,
1913,01/17/24 04:00:00,1,1,1,1,,,,,
1914,01/17/24 05:00:00,1,1,1,1,,,,,
1915,01/17/24 06:00:00,1,1,1,1,,,,,
1916,01/17/24 07:00:00,1,1,1,1,,,,,
1917,01/17/24 08:00:00,1,1,1,1,,,,,
1918,01/17/24 09:00:00,1,1,1,1,,,,,
1919,01/17/24 10:00:00,1,1,1,1,,,,,
1920,01/17/24 11:00:00,1,1,1,1,,,,,
1921,01/17/24 12:00:00,1,1,1,1,,,,,
1922,01/17/24 13:00:00,1,1,1,1,,,,,
1923,01/17/24 14:00:00,1,1,1,1,,,,,
1924,01/17/24 15:00:00,1,1,1,1,,,,,
1925,01/17/24 16:00:00,1,1,1,1,,,,,
1926,01/17/24 17:00:00,1,1,1,1,,,,,
1927,01/17/24 18:00:00,1,1,1,1,,,,,
1928,01/17/24 19:00:00,1,1,1,1,,,,,
1929,01/17/24 20:00:00,1,1,1,1,,,,,
1930,01/17/24 21:00:00,1,1,1,1,,,,,
1931,01/17/24 22:00:00,1,1,1,1,,,,,
1932,01/17/24 23:00:00,1,1,1,1,,,,,
1933,01/18/24 00:00:00,1,1,1,1,,,,,
1934,01/18/24 01:00:00,1,1,1,1,,,,,
1935,01/18/24 02:00:00,1,1,1,1,,,,,
1936,01/18/24 03:00:00,1,1,1,1,,,,,
1937,01/18/24 04:00:00,1,1,1,1,,,,,
1938,01/18/24 05:00:00,1,1,1,1,,,,,
1939,01/18/24 06:00:00,1,1,1,1,,,,,
1940,01/18/24 07:00:00,1,1,1,1,,,,,
1941,01/18/24 08:00:00,1,1,1,1,,,,,
1942,01/18/24 09:00:00,1,1,1,1,,,,,
1943,01/18/24 10:00:00,1,1,1,1,,,,,
1944,01/18/24 11:00:00,1,1,1,1,,,,,
1945,01/18/24 12:00:00,1,1,1,1,,,,,
1946,01/18/24 13:00:00,1,1,1,1,,,,,
1947,01/18/24 14:00:00,1,1,1,1,,,,,
1948,01/18/24 15:00:00,1,1,1,1,,,,,
1949,01/18/24 16:00:00,1,1,1,1,,,,,
1950,01/18/24 17:00:00,1,1,1,1,,,,,
1951,01/18/24 18:00:00,1,1,1,1,,,,,
1952,01/18/24 19:00:00,1,1,1,1,,,,,
1953,01/18/24 20:00:00,1,1,1,1,,,,,
1954,01/18/24 21:00:00,1,1,1,1,,,,,
1955,01/18/24 22:00:00,1,1,1,1,,,,,
1956,01/18/24 23:00:00,1,1,1,1,,,,,
1957,01/19/24 00:00:00,1,1,1,1,,,,,
1958,01/19/24 01:00:00,1,1,1,1,,,,,
1959,01/19/24 02:00:00,1,1,1,1,,,,,
1960,01/19/24 03:00:00,1,1,1,1,,,,,
1961,01/19/24 04:00:00,1,1,1,1,,,,,
1962,01/19/24 05:00:00,1,1,1,1,,,,,
1963,01/19/24 06:00:00,1,1,1,1,,,,,
1964,01/19/24 07:00:00,1,1,1,1,,,,,
1965,01/19/24 08:00:00,1,1,1,1,,,,,
1966,01/19/24 09:00:00,1,1,1,1,,,,,
1967,01/19/24 10:00:00,1,1,1,1,,,,,
1968,01/19/24 11:00:00,1,1,1,1,,,,,
1969,01/19/24 12:00:00,1,1,1,1,,,,,
1970,01/19/24 13:00:00,1,1,1,1,,,,,
1971,01/19/24 14:00:00,1,1,1,1,,,,,
1972,01/19/24 15:00:00,1,1,1,1,,,,,
1973,01/19/24 16:00:00,1,1,1,1,,,,,
1974,01/19/24 17:00:00,1,1,1,1,,,,,
1975,01/19/24 18:00:00,1,1,1,1,,,,,
1976,01/19/24 19:00:00,1,1,1,1,,,,,
1977,01/19/24 20:00:00,1,1,1,1,,,,,
1978,01/19/24 21:00:00,1,1,1,1,,,,,
1979,01/19/24 22:00:00,2,1,1,1,,,,,
1980,01/19/24 23:00:00,2,2,2,1,,,,,
1981,01/20/24 00:00:00,1,1,1,1,,,,,
1982,01/20/24 01:00:00,1,1,1,1,,,,,
1983,01/20/24 02:00:00,1,1,1,1,,,,,
1984,01/20/24 03:00:00,1,1,1,1,,,,,
1985,01/20/24 04:00:00,1,1,1,1,,,,,
1986,01/20/24 05:00:00,1,1,1,1,,,,,
1987,01/20/24 06:00:00,1,1,1,1,,,,,
1988,01/20/24 07:00:00,1,1,1,1,,,,,
1989,01/20/24 08:00:00,1,1,1,1,,,,,
1990,01/20/24 09:00:00,1,1,1,1,,,,,
1991,01/20/24 10:00:00,1,1,1,1,,,,,
1992,01/20/24 11:00:00,1,1,1,1,,,,,
1993,01/20/24 12:00:00,1,1,1,1,,,,,
1994,01/20/24 13:00:00,1,1,1,1,,,,,
1995,01/20/24 14:00:00,1,1,1,1,,,,,
1996,01/20/24 15:00:00,1,1,1,1,,,,,
1997,01/20/24 16:00:00,1,1,1,1,,,,,
1998,01/20/24 17:00:00,1,1,1,1,,,,,
1999,01/20/24 18:00:00,1,1,1,1,,,,,
2000,01/20/24 19:00:00,1,1,1,1,,,,,
2001,01/20/24 20:00:00,1,1,1,1,,,,,
2002,01/20/24 21:00:00,1,1,1,1,,,,,
2003,01/20/24 22:00:00,2,1,1,1,,,,,
2004,01/20/24 23:00:00,2,2,2,1,,,,,
2005,01/21/24 00:00:00,1,1,2,1,,,,,
2006,01/21/24 01:00:00,1,1,1,1,,,,,
2007,01/21/24 02:00:00,1,1,1,1,,,,,
2008,01/21/24 03:00:00,1,1,1,1,,,,,
2009,01/21/24 04:00:00,1,1,1,1,,,,,
2010,01/21/24 05:00:00,1,1,1,1,,,,,
2011,01/21/24 06:00:00,1,1,1,1,,,,,
2012,01/21/24 07:00:00,1,1,1,1,,,,,
2013,01/21/24 08:00:00,1,1,1,1,,,,,
2014,01/21/24 09:00:00,1,1,1,1,,,,,
2015,01/21/24 10:00:00,1,1,1,1,,,,,
2016,01/21/24 11:00:00,1,1,1,1,,,,,
2017,01/21/24 12:00:00,1,1,1,1,,,,,
2018,01/21/24 13:00:00,1,1,1,1,,,,,
2019,01/21/24 14:00:00,1,1,1,1,,,,,
2020,01/21/24 15:00:00,1,1,1,1,,,,,
2021,01/21/24 16:00:00,1,1,1,1,,,,,
2022,01/21/24 17:00:00,1,1,1,1,,,,,
2023,01/21/24 18:00:00,1,1,1,1,,,,,
2024,01/21/24 19:00:00,1,1,1,1,,,,,
2025,01/21/24 20:00:00,1,1,1,1,,,,,
2026,01/21/24 21:00:00,1,1,1,1,,,,,
2027,01/21/24 22:00:00,2,1,1,1,,,,,
2028,01/21/24 23:00:00,2,2,2,1,,,,,
2029,01/22/24 00:00:00,1,1,2,1,,,,,
2030,01/22/24 01:00:00,1,1,1,1,,,,,
2031,01/22/24 02:00:00,1,1,1,1,,,,,
2032,01/22/24 03:00:00,1,1,1,1,,,,,
2033,01/22/24 04:00:00,1,1,1,1,,,,,
2034,01/22/24 05:00:00,1,1,1,1,,,,,
2035,01/22/24 06:00:00,1,1,1,1,,,,,
2036,01/22/24 07:00:00,1,1,1,1,,,,,
2037,01/22/24 08:00:00,1,1,1,1,,,,,
2038,01/22/24 09:00:00,1,1,1,1,,,,,
2039,01/22/24 10:00:00,1,1,1,1,,,,,
2040,01/22/24 11:00:00,1,1,1,1,,,,,
2041,01/22/24 12:00:00,1,1,1,1,,,,,
2042,01/22/24 13:00:00,1,1,1,1,,,,,
2043,01/22/24 14:00:00,1,1,1,1,,,,,
2044,01/22/24 15:00:00,1,1,1,1,,,,,
2045,01/22/24 16:00:00,1,1,1,1,,,,,
2046,01/22/24 17:00:00,1,1,1,1,,,,,
2047,01/22/24 18:00:00,1,1,1,1,,,,,
2048,01/22/24 19:00:00,1,1,1,1,,,,,
2049,01/22/24 20:00:00,1,1,1,1,,,,,
2050,01/22/24 21:00:00,1,1,1,1,,,,,
2051,01/22/24 22:00:00,1,1,1,1,,,,,
2052,01/22/24 23:00:00,1,1,1,1,,,,,
2053,01/23/24 00:00:00,1,1,1,1,,,,,
2054,01/23/24 01:00:00,1,1,1,1,,,,,
2055,01/23/24 02:00:00,1,1,1,1,,,,,
2056,01/23/24 03:00:00,1,1,1,1,,,,,
2057,01/23/24 04:00:00,1,1,1,1,,,,,
2058,01/23/24 05:00:00,1,1,1,1,,,,,
2059,01/23/24 06:00:00,1,1,1,1,,,,,
2060,01/23/24 07:00:00,1,1,1,1,,,,,
2061,01/23/24 08:00:00,1,1,1,1,,,,,
2062,01/23/24 09:00:00,1,1,1,1,,,,,
2063,01/23/24 10:00:00,1,1,1,1,,,,,
2064,01/23/24 11:00:00,1,1,1,1,,,,,
2065,01/23/24 12:00:00,1,1,1,1,,,,,
2066,01/23/24 13:00:00,1,1,1,1,,,,,
2067,01/23/24 14:00:00,1,1,1,1,,,,,
2068,01/23/24 15:00:00,1,1,1,1,,,,,
2069,01/23/24 16:00:00,1,1,1,1,,,,,
2070,01/23/24 17:00:00,1,1,1,1,,,,,
2071,01/23/24 18:00:00,1,1,1,1,,,,,
2072,01/23/24 19:00:00,1,1,1,1,,,,,
2073,01/23/24 20:00:00,1,1,1,1,,,,,
2074,01/23/24 21:00:00,1,1,1,1,,,,,
2075,01/23/24 22:00:00,1,2,1,1,,,,,
2076,01/23/24 23:00:00,2,4,2,1,,,,,
2077,01/24/24 00:00:00,1,2,2,1,,,,,
2078,01/24/24 01:00:00,1,1,1,1,,,,,
2079,01/24/24 02:00:00,1,1,1,1,,,,,
2080,01/24/24 03:00:00,1,1,1,1,,,,,
2081,01/24/24 04:00:00,1,1,1,1,,,,,
2082,01/24/24 05:00:00,1,1,1,1,,,,,
2083,01/24/24 06:00:00,1,1,1,1,,,,,
2084,01/24/24 07:00:00,1,1,1,1,,,,,
2085,01/24/24 08:00:00,1,1,1,1,,,,,
2086,01/24/24 09:00:00,1,1,1,1,,,,,
2087,01/24/24 10:00:00,1,1,1,1,,,,,
2088,01/24/24 11:00:00,1,1,1,1,,,,,
2089,01/24/24 12:00:00,1,1,1,1,,,,,
2090,01/24/24 13:00:00,1,1,1,1,,,,,
2091,01/24/24 14:00:00,1,1,1,1,,,,,
2092,01/24/24 15:00:00,1,1,1,1,,,,,
2093,01/24/24 16:00:00,1,1,1,1,,,,,
2094,01/24/24 17:00:00,1,1,1,1,,,,,
2095,01/24/24 18:00:00,1,1,1,1,,,,,
2096,01/24/24 19:00:00,1,1,1,1,,,,,
2097,01/24/24 20:00:00,1,1,1,1,,,,,
2098,01/24/24 21:00:00,1,1,1,1,,,,,
2099,01/24/24 22:00:00,1,2,2,1,,,,,
2100,01/24/24 23:00:00,1,3,3,1,,,,,
2101,01/25/24 00:00:00,1,3,2,1,,,,,
2102,01/25/24 01:00:00,1,1,1,1,,,,,
2103,01/25/24 02:00:00,1,1,1,1,,,,,
2104,01/25/24 03:00:00,1,1,1,1,,,,,
2105,01/25/24 04:00:00,1,1,1,1,,,,,
2106,01/25/24 05:00:00,1,1,1,1,,,,,
2107,01/25/24 06:00:00,1,1,1,1,,,,,
2108,01/25/24 07:00:00,1,1,1,1,,,,,
2109,01/25/24 08:00:00,1,1,1,1,,,,,
2110,01/25/24 09:00:00,1,1,1,1,,,,,
2111,01/25/24 10:00:00,1,1,1,1,,,,,
2112,01/25/24 11:00:00,1,1,1,1,,,,,
2113,01/25/24 12:00:00,1,1,1,1,,,,,
2114,01/25/24 13:00:00,1,1,1,1,,,,,
2115,01/25/24 14:00:00,1,1,1,1,,,,,
2116,01/25/24 15:00:00,1,1,1,1,,,,,
2117,01/25/24 16:00:00,1,1,1,1,,,,,
2118,01/25/24 17:00:00,1,1,1,1,,,,,
2119,01/25/24 18:00:00,1,1,1,1,,,,,
2120,01/25/24 19:00:00,1,1,1,1,,,,,
2121,01/25/24 20:00:00,1,1,1,1,,,,,
2122,01/25/24 21:00:00,1,1,1,1,,,,,
2123,01/25/24 22:00:00,2,3,4,1,,,,,
2124,01/25/24 23:00:00,2,4,6,1,,,,,
2125,01/26/24 00:00:00,1,4,4,1,,,,,
2126,01/26/24 01:00:00,1,1,1,1,,,,,
2127,01/26/24 02:00:00,1,1,1,1,,,,,
2128,01/26/24 03:00:00,1,1,1,1,,,,,
2129,01/26/24 04:00:00,1,1,1,1,,,,,
2130,01/26/24 05:00:00,1,1,1,1,,,,,
2131,01/26/24 06:00:00,1,1,1,1,,,,,
2132,01/26/24 07:00:00,1,1,1,1,,,,,
2133,01/26/24 08:00:00,1,1,1,1,,,,,
2134,01/26/24 09:00:00,1,1,1,1,,,,,
2135,01/26/24 10:00:00,1,1,1,1,,,,,
2136,01/26/24 11:00:00,1,1,1,1,,,,,
2137,01/26/24 12:00:00,1,1,1,1,,,,,
2138,01/26/24 13:00:00,1,1,1,1,,,,,
2139,01/26/24 14:00:00,1,1,1,1,,,,,
2140,01/26/24 15:00:00,1,1,1,1,,,,,
2141,01/26/24 16:00:00,1,1,1,1,,,,,
2142,01/26/24 17:00:00,1,1,1,1,,,,,
2143,01/26/24 18:00:00,1,1,1,1,,,,,
2144,01/26/24 19:00:00,1,1,1,1,,,,,
2145,01/26/24 20:00:00,1,1,1,1,,,,,
2146,01/26/24 21:00:00,1,1,1,1,,,,,
2147,01/26/24 22:00:00,2,3,3,1,,,,,
2148,01/26/24 23:00:00,2,6,6,1,,,,,
2149,01/27/24 00:00:00,1,4,4,1,,,,,
2150,01/27/24 01:00:00,1,1,2,1,,,,,
2151,01/27/24 02:00:00,1,1,1,1,,,,,
2152,01/27/24 03:00:00,1,1,1,1,,,,,
2153,01/27/24 04:00:00,1,1,1,1,,,,,
2154,01/27/24 05:00:00,1,1,1,1,,,,,
2155,01/27/24 06:00:00,1,1,1,1,,,,,
2156,01/27/24 07:00:00,1,1,1,1,,,,,
2157,01/27/24 08:00:00,1,1,1,1,,,,,
2158,01/27/24 09:00:00,1,1,1,1,,,,,
2159,01/27/24 10:00:00,1,1,1,1,,,,,
2160,01/27/24 11:00:00,1,1,1,1,,,,,
2161,01/27/24 12:00:00,1,1,1,1,,,,,
2162,01/27/24 13:00:00,1,1,1,1,,,,,
2163,01/27/24 14:00:00,1,1,1,1,,,,,
2164,01/27/24 15:00:00,1,1,1,1,,,,,
2165,01/27/24 16:00:00,1,1,1,1,,,,,
2166,01/27/24 17:00:00,1,1,1,1,,,,,
2167,01/27/24 18:00:00,1,1,1,1,,,,,
2168,01/27/24 19:00:00,1,1,1,1,,,,,
2169,01/27/24 20:00:00,1,1,1,1,,,,,
2170,01/27/24 21:00:00,1,1,1,1,,,,,
2171,01/27/24 22:00:00,3,4,4,1,,,,,
2172,01/27/24 23:00:00,2,6,6,2,,,,,
2173,01/28/24 00:00:00,1,4,4,1,,,,,
2174,01/28/24 01:00:00,1,1,1,1,,,,,
2175,01/28/24 02:00:00,1,1,1,1,,,,,
2176,01/28/24 03:00:00,1,1,1,1,,,,,
2177,01/28/24 04:00:00,1,1,1,1,,,,,
2178,01/28/24 05:00:00,1,1,1,1,,,,,
2179,01/28/24 06:00:00,1,1,1,1,,,,,
2180,01/28/24 07:00:00,1,1,1,1,,,,,
2181,01/28/24 08:00:00,1,1,1,1,,,,,
2182,01/28/24 09:00:00,1,1,1,1,,,,,
2183,01/28/24 10:00:00,1,1,1,1,,,,,
2184,01/28/24 11:00:00,1,1,1,1,,,,,
2185,01/28/24 12:00:00,1,1,1,1,,,,,
2186,01/28/24 13:00:00,1,1,1,1,,,,,
2187,01/28/24 14:00:00,1,1,1,1,,,,,
2188,01/28/24 15:00:00,1,1,1,1,,,,,
2189,01/28/24 16:00:00,1,1,1,1,,,,,
2190,01/28/24 17:00:00,1,1,1,1,,,,,
2191,01/28/24 18:00:00,1,1,1,1,,,,,
2192,01/28/24 19:00:00,1,1,1,1,,,,,
2193,01/28/24 20:00:00,1,1,1,1,,,,,
2194,01/28/24 21:00:00,2,1,2,1,,,,,
2195,01/28/24 22:00:00,7,8,8,3,,,,,
2196,01/28/24 23:00:00,4,9,11,3,,,,,
2197,01/29/24 00:00:00,2,6,7,1,,,,,
2198,01/29/24 01:00:00,1,2,2,1,,,,,
2199,01/29/24 02:00:00,1,1,1,1,,,,,
2200,01/29/24 03:00:00,1,1,1,1,,,,,
2201,01/29/24 04:00:00,1,1,1,1,,,,,
2202,01/29/24 05:00:00,1,1,1,1,,,,,
2203,01/29/24 06:00:00,1,1,1,1,,,,,
2204,01/29/24 07:00:00,1,1,1,1,,,,,
2205,01/29/24 08:00:00,1,1,1,1,,,,,
2206,01/29/24 09:00:00,1,1,1,1,,,,,
2207,01/29/24 10:00:00,1,1,1,1,,,,,
2208,01/29/24 11:00:00,1,1,1,1,,,,,
2209,01/29/24 12:00:00,1,1,1,1,,,,,
2210,01/29/24 13:00:00,1,1,1,1,,,,,
2211,01/29/24 14:00:00,1,1,1,1,,,,,
2212,01/29/24 15:00:00,1,1,1,1,,,,,
2213,01/29/24 16:00:00,1,1,1,1,,,,,
2214,01/29/24 17:00:00,1,1,1,1,,,,,
2215,01/29/24 18:00:00,1,1,1,1,,,,,
2216,01/29/24 19:00:00,1,1,1,1,,,,,
2217,01/29/24 20:00:00,1,1,1,1,,,,,
2218,01/29/24 21:00:00,1,1,1,1,,,,,
2219,01/29/24 22:00:00,1,1,1,1,,,,,
2220,01/29/24 23:00:00,2,3,1,1,,,,,
2221,01/30/24 00:00:00,1,2,1,1,,,,,
2222,01/30/24 01:00:00,1,1,1,1,,,,,
2223,01/30/24 02:00:00,1,1,1,1,,,,,
2224,01/30/24 03:00:00,1,1,1,1,,,,,
2225,01/30/24 04:00:00,1,1,1,1,,,,,
2226,01/30/24 05:00:00,1,1,1,1,,,,,
2227,01/30/24 06:00:00,1,1,1,1,,,,,
2228,01/30/24 07:00:00,1,1,1,1,,,,,
2229,01/30/24 08:00:00,1,1,1,1,,,,,
2230,01/30/24 09:00:00,1,1,1,1,,,,,
2231,01/30/24 10:00:00,1,1,1,1,,,,,
2232,01/30/24 11:00:00,1,1,1,1,,,,,
2233,01/30/24 12:00:00,1,1,1,1,,,,,
2234,01/30/24 13:00:00,1,1,1,1,,,,,
2235,01/30/24 14:00:00,1,1,1,1,,,,,
2236,01/30/24 15:00:00,1,1,1,1,,,,,
2237,01/30/24 16:00:00,1,1,1,1,,,,,
2238,01/30/24 17:00:00,1,1,1,1,,,,,
2239,01/30/24 18:00:00,1,1,1,1,,,,,
2240,01/30/24 19:00:00,1,1,1,1,,,,,
2241,01/30/24 20:00:00,1,1,1,1,,,,,
2242,01/30/24 21:00:00,1,1,1,1,,,,,
2243,01/30/24 22:00:00,2,2,1,1,,,,,
2244,01/30/24 23:00:00,2,4,1,1,,,,,
2245,01/31/24 00:00:00,1,2,1,1,,,,,
2246,01/31/24 01:00:00,1,1,1,1,,,,,
2247,01/31/24 02:00:00,1,1,1,1,,,,,
2248,01/31/24 03:00:00,1,1,1,1,,,,,
2249,01/31/24 04:00:00,1,1,1,1,,,,,
2250,01/31/24 05:00:00,1,1,1,1,,,,,
2251,01/31/24 06:00:00,1,1,1,1,,,,,
2252,01/31/24 07:00:00,1,1,1,1,,,,,
2253,01/31/24 08:00:00,1,1,1,1,,,,,
2254,01/31/24 09:00:00,1,1,1,1,,,,,
2255,01/31/24 10:00:00,1,1,1,1,,,,,
2256,01/31/24 11:00:00,1,1,1,1,,,,,
2257,01/31/24 12:00:00,1,1,1,1,,,,,
2258,01/31/24 13:00:00,1,1,1,1,,,,,
2259,01/31/24 14:00:00,1,1,1,1,,,,,
2260,01/31/24 15:00:00,1,1,1,1,,,,,
2261,01/31/24 16:00:00,1,1,1,1,,,,,
2262,01/31/24 17:00:00,1,1,1,1,,,,,
2263,01/31/24 18:00:00,1,1,1,1,,,,,
2264,01/31/24 19:00:00,1,1,1,1,,,,,
2265,01/31/24 20:00:00,1,1,1,1,,,,,
2266,01/31/24 21:00:00,1,1,1,1,,,,,
2267,01/31/24 22:00:00,4,7,2,1,,,,,
2268,01/31/24 23:00:00,12,9,4,2,,,,,
2269,02/01/24 00:00:00,3,13,6,2,,,,,
2270,02/01/24 01:00:00,1,2,1,1,,,,,
2271,02/01/24 02:00:00,1,1,1,1,,,,,
2272,02/01/24 03:00:00,1,1,1,1,,,,,
2273,02/01/24 04:00:00,1,1,1,1,,,,,
2274,02/01/24 05:00:00,1,1,1,1,,,,,
2275,02/01/24 06:00:00,1,1,1,1,,,,,
2276,02/01/24 07:00:00,1,1,1,1,,,,,
2277,02/01/24 08:00:00,1,1,1,1,,,,,
2278,02/01/24 09:00:00,1,1,1,1,,,,,
2279,02/01/24 10:00:00,1,1,1,1,,,,,
2280,02/01/24 11:00:00,1,1,1,1,,,,,
2281,02/01/24 12:00:00,1,1,1,1,,,,,
2282,02/01/24 13:00:00,1,1,1,1,,,,,
2283,02/01/24 14:00:00,1,1,1,1,,,,,
2284,02/01/24 15:00:00,1,1,1,1,,,,,
2285,02/01/24 16:00:00,1,1,1,1,,,,,
2286,02/01/24 17:00:00,1,1,1,1,,,,,
2287,02/01/24 18:00:00,1,1,1,1,,,,,
2288,02/01/24 19:00:00,1,1,1,1,,,,,
2289,02/01/24 20:00:00,1,1,1,1,,,,,
2290,02/01/24 21:00:00,2,2,1,1,,,,,
2291,02/01/24 22:00:00,6,7,2,1,,,,,
2292,02/01/24 23:00:00,6,13,6,3,,,,,
2293,02/02/24 00:00:00,2,8,2,1,,,,,
