{"chunk_definitions":[{"row":89,"row_count":1,"visible":true,"expansion_state":0,"options":{"engine":"r","label":"unnamed-chunk-15"},"document_id":"596D23D8","chunk_id":"cegwhw7rfs8mr","chunk_label":"unnamed-chunk-4"},{"row":134,"row_count":1,"visible":true,"expansion_state":0,"options":{"engine":"r","label":"fig8","fig.height":12,"fig.width":16},"document_id":"596D23D8","chunk_id":"cttrgkb2h3bfe","chunk_label":"fig8"},{"row":140,"row_count":1,"visible":true,"expansion_state":0,"options":{"engine":"r","label":"unnamed-chunk-16"},"document_id":"596D23D8","chunk_id":"cj9q4ogap9f5a","chunk_label":"unnamed-chunk-5"}],"doc_write_time":1679192630}