date,tavg,tmin,tmax,prcp,snow,wdir,wspd,wpgt,pres,tsun
2022-06-01 00:00:00,1.2,-2.7,3.3,0,,,21.6,,1017.6,
2022-06-02 00:00:00,-2.9,-4.3,-2.1,0,,,13.7,,1020.7,
2022-06-03 00:00:00,-2.3,-3.2,1.1,0,,,32,,1020.9,
2022-06-04 00:00:00,-1.4,-3.2,-0.5,0,,,40.7,,1021.2,
2022-06-05 00:00:00,-2.6,-4.3,-1,0,,,36.7,,1024,
2022-06-06 00:00:00,-3,-4.3,-1.6,0,,,26.3,,1027.9,
2022-06-07 00:00:00,-3.2,-4.9,-1,0,,,22.7,,1032.3,
2022-06-08 00:00:00,-2.8,-3.8,-0.5,0,,,11.2,,1031,
2022-06-09 00:00:00,-0.9,-1.6,1.7,0,,,16.9,,1019.9,
2022-06-10 00:00:00,0.3,-1,2.2,0.5,,,19.8,,1013.3,
2022-06-11 00:00:00,0.6,-2.1,1.1,0,,,19.1,,1013,
2022-06-12 00:00:00,-1.6,-3.2,-0.5,0,,,9,,1010.2,
2022-06-13 00:00:00,-1.1,-2.7,3.3,0,,,25.6,,1013.4,
2022-06-14 00:00:00,1.6,0,3.3,0,,,18.7,,1019.2,
2022-06-15 00:00:00,2.3,0.6,5.6,0,,,15.5,,1021.9,
2022-06-16 00:00:00,3.7,0,10.6,0,,,14,,1015.6,
2022-06-17 00:00:00,4.9,-0.5,5.6,0.3,,,15.5,,1008.9,
2022-06-18 00:00:00,0,-1.6,3.9,0,,,13.3,,1009.2,
2022-06-19 00:00:00,2.6,0.6,13.3,0,,,19.8,,1011.4,
2022-06-20 00:00:00,10.7,5.6,20,0,,,14.8,,1012.8,
2022-06-21 00:00:00,10.2,5.6,11.1,0.5,,,15.8,,1014.8,
2022-06-22 00:00:00,6.5,5,8.9,0.8,,,17.3,,1017.1,
2022-06-23 00:00:00,6.3,4.4,9.4,2,,,9.4,,1020.4,
2022-06-24 00:00:00,7.3,3.3,9.4,0.8,,,8.3,,1022.2,
2022-06-25 00:00:00,9.1,3.9,16.1,0,,,16.6,,1018.9,
2022-06-26 00:00:00,13.4,6.7,20.6,0,,,15.1,,1013.4,
2022-06-27 00:00:00,13.9,5,18.3,1.3,,,16.2,,1012.8,
2022-06-28 00:00:00,7.7,4.4,10.6,0.3,,,12.6,,1015.3,
2022-06-29 00:00:00,9.1,6.7,11.1,5.1,,,28.4,,1012,
2022-06-30 00:00:00,9.6,6.1,12.2,0,,,20.5,,1016.3,
2022-07-01 00:00:00,8.4,3.9,12.8,0,,,16.2,,1015,
2022-07-02 00:00:00,7.3,3.9,10.6,0,,,20.2,,1015.2,
2022-07-03 00:00:00,6.2,3.3,10.6,0,,,16.9,,1015.6,
2022-07-04 00:00:00,5,2.8,6.7,0,,,13.3,,1013.6,
2022-07-05 00:00:00,4.6,2.2,12.8,0.8,,,7.9,,1011.4,
2022-07-06 00:00:00,8.5,5,15.6,0,,,13.7,,1009,
2022-07-07 00:00:00,7.7,4.4,9.4,1,,,13,,1005.6,
2022-07-08 00:00:00,4.7,3.3,8.3,0,,,17.6,,1009.5,
2022-07-09 00:00:00,7.9,2.8,15.6,0,,,19.4,,1009.8,
2022-07-10 00:00:00,11,5,17.2,0,,,10.8,,1010.9,
2022-07-11 00:00:00,6.7,1.7,6.7,0,,,23,,1009.3,
2022-07-12 00:00:00,2.8,2.2,4.4,0.8,,,16.2,,1010.2,
2022-07-13 00:00:00,3.9,1.1,6.7,0.3,,,18.7,,1010.5,
2022-07-14 00:00:00,2.2,-0.5,2.8,0,,,15.1,,1012.6,
2022-07-15 00:00:00,2,0.6,5,0,,,15.8,,1009.9,
2022-07-16 00:00:00,2.9,0.6,7.2,0,,,15.5,,1003.4,
2022-07-17 00:00:00,3.4,1.7,6.7,0.3,,,25.6,,995.8,
2022-07-18 00:00:00,4.4,1.7,7.8,0.3,,,25.9,,996.2,
2022-07-19 00:00:00,5.4,1.1,8.3,0,,,16.9,,1003.4,
2022-07-20 00:00:00,6.9,1.7,13.9,0,,,17.6,,1007.1,
2022-07-21 00:00:00,7.1,2.8,7.8,0,,,36.4,,1007.6,
2022-07-22 00:00:00,4.1,2.2,6.1,0,,,20.5,,1009.4,
2022-07-23 00:00:00,2.8,1.1,4.4,0,,,18,,1012.5,
2022-07-24 00:00:00,3.4,2.2,7.2,0,,,12.2,,1011.7,
2022-07-25 00:00:00,4.2,1.7,4.4,0.3,,,40,,1006.5,
2022-07-26 00:00:00,1.9,1.7,2.2,36.1,,,27.4,,1002.6,
2022-07-27 00:00:00,2.1,0.6,1.1,1.8,,,23.8,,1012.8,
2022-07-28 00:00:00,1.1,0.6,2.2,0.3,,,23,,1019.4,
2022-07-29 00:00:00,2,-0.5,3.3,0,,,11.2,,1021.9,
2022-07-30 00:00:00,1.9,-0.5,2.2,0,,,10.1,,1019.3,
2022-07-31 00:00:00,2.2,-0.6,3.3,0,,,12.6,,1018.3,
2022-08-01 00:00:00,2.3,-0.5,4.4,0,,,18.7,,1017.2,
2022-08-02 00:00:00,5.3,1.7,10,0,,,18.4,,1014.3,
2022-08-03 00:00:00,10.3,3.3,14.4,0,,,22.7,,1009.7,
2022-08-04 00:00:00,9.6,6.7,17.2,0.8,,,18.7,,1003.6,
2022-08-05 00:00:00,9.4,2.2,10,0.5,,,15.5,,995,
2022-08-06 00:00:00,3.6,2.2,5,0.3,,,21.6,,1001.3,
2022-08-07 00:00:00,4.9,1.1,7.8,0.3,,,16.6,,1006.2,
2022-08-08 00:00:00,7.2,3.3,8.3,0,,,16.9,,1005.9,
2022-08-09 00:00:00,5.3,2.8,5,1,,,23.8,,1006.2,
2022-08-10 00:00:00,6.6,4.4,8.3,2.3,,,24.8,,1005.1,
2022-08-11 00:00:00,7.1,5,10,1.5,,,31,,1004.9,
2022-08-12 00:00:00,9.6,1.1,10.6,1.8,,,24.5,,1000.1,
2022-08-13 00:00:00,2.6,0.6,2.8,0,,,13,,1009.1,
2022-08-14 00:00:00,1.9,0,3.3,2.3,,,16.6,,1011.1,
2022-08-15 00:00:00,2.1,0.6,2.2,6.4,,,26.6,,1011.6,
2022-08-16 00:00:00,1.7,0.6,2.2,5.8,,,18.7,,1011.9,
2022-08-17 00:00:00,2.1,0.6,2.8,0.3,,,27,,1010.4,
2022-08-18 00:00:00,2.6,1.1,2.8,3.6,,,31.3,,1012.1,
2022-08-19 00:00:00,2.1,0,3.3,0,,,15.5,,1017.7,
2022-08-20 00:00:00,0.8,-1,1.1,0,,,19.8,,1020.2,
2022-08-21 00:00:00,1.1,-1,1.7,0,,,22,,1025.1,
2022-08-22 00:00:00,1.3,1.1,2.2,0,,,37.4,,1022.1,
2022-08-23 00:00:00,2.5,2.2,5,0.3,,,25.2,,1009.3,
2022-08-24 00:00:00,4.6,2.8,7.2,0.5,,,8.3,,1005.4,
2022-08-25 00:00:00,4.9,2.8,12.8,0.3,,,9.7,,1002.2,
2022-08-26 00:00:00,5.9,2.8,5.6,0,,,15.8,,997.8,
2022-08-27 00:00:00,3.7,2.8,4.4,0,,,15.5,,1004.6,
2022-08-28 00:00:00,3.7,2.8,6.1,0.5,,,8.3,,1008.4,
2022-08-29 00:00:00,4.1,3.3,5.6,0,,,11.2,,1008.2,
2022-08-30 00:00:00,4.4,3.3,5.6,0,,,15.1,,1004.7,
2022-08-31 00:00:00,3.8,2.2,5,0,,,28.1,,1000.2,
2022-09-01 00:00:00,3.9,2.8,5,0.5,,,27.4,,998,
2022-09-02 00:00:00,3.3,2.2,4.4,0,,,10.4,,998.3,
2022-09-03 00:00:00,3.5,2.2,8.9,0,,,15.5,,998.7,
2022-09-04 00:00:00,5,2.8,6.1,0.3,,,24.5,,1004.2,
2022-09-05 00:00:00,3.4,1.1,5.6,0,,,15.1,,1012.3,
2022-09-06 00:00:00,2.9,0.6,9.4,0,,,20.5,,1012.2,
2022-09-07 00:00:00,4.2,0,10,0,,,14,,1015.3,
2022-09-08 00:00:00,1.8,0,3.3,0,,,20.2,,1017.3,
2022-09-09 00:00:00,2.9,1.1,5.6,0,,,33.5,,1007.5,
2022-09-10 00:00:00,1.8,1.1,3.3,0,,,26.6,,1009.2,
2022-09-11 00:00:00,1.7,0.6,2.8,0,,,25.9,,1012.7,
2022-09-12 00:00:00,2.1,1.1,2.8,0,,,34.6,,1011.1,
2022-09-13 00:00:00,2.2,1.1,2.8,0.8,,,37.8,,1009.5,
2022-09-14 00:00:00,1.6,1.1,2.2,0.8,,,37.8,,1009.3,
2022-09-15 00:00:00,1.8,1.1,2.2,0,,,40,,1007.7,
2022-09-16 00:00:00,1.2,0.6,1.1,0,,,42.1,,1008.4,
2022-09-17 00:00:00,0.9,0,1.7,0,,,36.4,,995.8,
2022-09-18 00:00:00,1.3,0,8.3,0,,,25.2,,999.6,
2022-09-19 00:00:00,5.5,2.2,8.3,0,,,13,,1004.1,
2022-09-20 00:00:00,3.1,-2.1,6.7,0,,,9.7,,1006.7,
2022-09-21 00:00:00,3.1,0.6,4.4,1,,,13.7,,1004.8,
2022-09-22 00:00:00,1.6,-0.5,2.8,0,,,18.7,,1001.1,
2022-09-23 00:00:00,0.4,-1,1.1,0.3,,,18.4,,1001.5,
2022-09-24 00:00:00,0.7,-0.5,1.1,0.3,,,26.3,,1009.4,
2022-09-25 00:00:00,-0.3,-2.7,0,0.3,,,22,,1018.8,
2022-09-26 00:00:00,-1.6,-2.7,0,0.3,,,20.2,,1015.5,
2022-09-27 00:00:00,-1.2,-3.2,0,1,,,16.2,,1012,
2022-09-28 00:00:00,-1.6,-2.7,-0.5,0,,,30.6,,1013.3,
2022-09-29 00:00:00,-0.6,-0.5,1.1,0,,,25.2,,1008.1,
2022-09-30 00:00:00,-0.3,-2.1,0,0.5,,,18,,1010.9,
2022-10-01 00:00:00,-1.8,-3.2,-1.6,0,,,19.1,,1014.6,
2022-10-02 00:00:00,-2.5,-4.9,-1,0,,,18.4,,1019.2,
2022-10-03 00:00:00,-3.4,-8.2,-2.7,0,,,25.6,,1015.7,
2022-10-04 00:00:00,-4.7,-7.7,1.7,0,,,10.8,,1014,
2022-10-05 00:00:00,0.8,-1.6,3.3,2,,,24.5,,1010.3,
2022-10-06 00:00:00,2.7,1.1,5.6,0.3,,,36.7,,994,
2022-10-07 00:00:00,1.9,-0.5,2.2,0.5,,,37.4,,995.7,
2022-10-08 00:00:00,-1.3,-5.5,1.1,0,,,13.3,,1004,
2022-10-09 00:00:00,-3.4,-7.7,1.7,0.8,,,12.6,,1000.9,
2022-10-10 00:00:00,-2.7,-6.6,0,2,,,25.2,,1002.5,
2022-10-11 00:00:00,-1,-3.2,0,4.6,,,37.8,,1005.1,
2022-10-12 00:00:00,-1.7,-3.2,0,3,,,33.5,,1003.7,
2022-10-13 00:00:00,-2.1,-3.2,-1,0.3,,,20.5,,1006.5,
2022-10-14 00:00:00,-2.4,-6.6,-1,0.5,,,23.4,,1018.8,
2022-10-15 00:00:00,-9.1,-16.6,-3.8,0,,,15.5,,1018.9,
2022-10-16 00:00:00,-4.8,-6,-0.5,0,,,33.5,,1006.3,
2022-10-17 00:00:00,-1.6,-3.2,-1,0,,,22,,1001.7,
2022-10-18 00:00:00,-3.6,-4.3,-2.1,0,,,18.4,,1007.4,
2022-10-19 00:00:00,-4.2,-7.7,-1.6,0,,,16.9,,1007.4,
2022-10-20 00:00:00,-2.4,-3.8,-1.6,1,,,35.3,,1007.4,
2022-10-21 00:00:00,-2.7,-3.8,-2.1,0,,,38.5,,1009.2,
2022-10-22 00:00:00,-3.2,-3.8,-2.7,0,,,37.4,,1013.3,
2022-10-23 00:00:00,-4.9,-10.5,-3.8,0,,,34.6,,1014.4,
2022-10-24 00:00:00,-6.8,-11,-5.5,0,,,36,,1013.5,
2022-10-25 00:00:00,-8,-8.8,-4.9,0.5,,,35.3,,1007.5,
2022-10-26 00:00:00,-6.4,-8.8,-4.3,1.8,,,19.1,,996.6,
2022-10-27 00:00:00,-5.2,-6.6,-3.8,4.6,,,25.6,,997.6,
2022-10-28 00:00:00,-6.4,-8.8,-4.9,0.3,,,19.8,,1002.2,
2022-10-29 00:00:00,-5.6,-5.5,-4.3,0.8,,,37.1,,1001.3,
2022-10-30 00:00:00,-5.9,-9.3,-4.3,2.8,,,22.7,,1007.7,
2022-10-31 00:00:00,-14.1,-21.6,-8.2,0,,,28.1,,1016,
2022-11-01 00:00:00,-16.2,-21.6,-9.3,0,,,17.6,,1017.7,
2022-11-02 00:00:00,-13.6,-16.6,-6.6,0.5,,,9.4,,1006.2,
2022-11-03 00:00:00,-9.8,-13.2,-7.1,0.3,,,11.9,,1003.6,
2022-11-04 00:00:00,-9.3,-12.7,-7.1,1,,,16.6,,1018.3,
2022-11-05 00:00:00,-10.9,-26,-10.5,0,,,13.7,,1037.6,
2022-11-06 00:00:00,-15.6,-22.1,-1,0.8,,,33.5,,1029.7,
2022-11-07 00:00:00,-3.4,-5.5,-1,0,,,28.8,,1014.4,
2022-11-08 00:00:00,-2.9,-7.1,0,0.8,,,32.8,,996,
2022-11-09 00:00:00,-3.7,-9.9,-1,0,,,24.5,,997.3,
2022-11-10 00:00:00,-5.3,-11.6,-2.1,0.3,,,25.6,,1001.7,
2022-11-11 00:00:00,-10.4,-17.1,-5.5,0,,,20.9,,1000,
2022-11-12 00:00:00,-13.4,-19.9,-4.3,1,,,14.8,,998.4,
2022-11-13 00:00:00,-6,-13.2,-4.9,0.8,,,17.6,,1010.7,
2022-11-14 00:00:00,-10.7,-19.3,-8.2,0,,,22,,1022.1,
2022-11-15 00:00:00,-9.8,-17.1,-2.7,0.3,,,35.6,,1030.7,
2022-11-16 00:00:00,-4.3,-5.5,-0.5,0,,,29.5,,1023.2,
2022-11-17 00:00:00,-1.9,-2.7,1.1,1.8,,,18.7,,1021,
2022-11-18 00:00:00,0.2,-2.7,1.7,0.5,,,37.1,,1012.3,
2022-11-19 00:00:00,-2.6,-7.7,-2.1,0,,,30.6,,1011.7,
2022-11-20 00:00:00,-5.9,-9.9,-3.8,0.8,,,21.6,,1006.9,
2022-11-21 00:00:00,-6.2,-9.9,-5.5,1,,,34.6,,1003.6,
2022-11-22 00:00:00,-9.8,-12.7,-9.9,1,,,30.2,,1008.6,
2022-11-23 00:00:00,-12.6,-14.3,-12.1,1.5,,,20.5,,1015.4,
2022-11-24 00:00:00,-12.6,-13.2,-9.9,1.3,,,19.1,,1007.4,
2022-11-25 00:00:00,-12.6,-13.8,-12.1,1.3,,,28.8,,1011.5,
2022-11-26 00:00:00,-13.6,-19.3,-12.1,0.5,,,14.4,,1027.6,
2022-11-27 00:00:00,-17.7,-26.6,-14.9,0.5,,,16.9,,1040.8,
2022-11-28 00:00:00,-24.9,-28.2,-17.1,0,,,20.2,,1040.4,
2022-11-29 00:00:00,-17.6,-17.7,-5.5,1.8,,,27,,1030.5,
2022-11-30 00:00:00,-5.3,-5.5,-1.6,0.8,,,23.8,,1011.2,
2022-12-01 00:00:00,-4.9,-8.8,-2.1,3.6,,,18.4,,1016.4,
2022-12-02 00:00:00,-1.9,-2.1,0,2.5,,,43.2,,998.9,
2022-12-03 00:00:00,-4.5,-17.7,-2.1,0,,,23,,1014.8,
2022-12-04 00:00:00,-10.6,-11,-6,0.5,,,44.6,,1011.4,
2022-12-05 00:00:00,-4.4,-12.1,4.4,0,,,35.3,,1003.9,
2022-12-06 00:00:00,-8.6,-15.5,-6.6,0.5,,,27.4,,1002.8,
2022-12-07 00:00:00,-10.3,-11.6,-9.3,2.5,,,29.5,,1000.8,
2022-12-08 00:00:00,-11,-14.3,-10.5,3,,,14,,1003.2,
2022-12-09 00:00:00,-11.7,-18.2,-7.7,0.3,,,22,,1007.8,
2022-12-10 00:00:00,-13.8,-23.2,-8.2,0,,,25.2,,1010.2,
2022-12-11 00:00:00,-15.7,-15.5,-12.1,0,,,36.7,,999.2,
2022-12-12 00:00:00,-12.3,-15.5,-6.6,0.8,,,25.6,,996.9,
2022-12-13 00:00:00,-12.1,-15.5,-9.9,0,,,23.4,,1005.7,
2022-12-14 00:00:00,-15.4,-22.1,-12.7,0.3,,,29.2,,1019.9,
2022-12-15 00:00:00,-13.4,-17.1,-11.6,0,,,22,,1032.7,
2022-12-16 00:00:00,-16.9,-27.7,-17.1,0,,,18,,1052.7,
2022-12-17 00:00:00,-23.4,-28.2,-18.8,0,,,17.3,,1053.7,
2022-12-18 00:00:00,-21.6,-24.3,-11,0.3,,,13,,1046.1,
2022-12-19 00:00:00,-13.2,-14.9,-12.1,0,,,15.1,,1042.5,
2022-12-20 00:00:00,-15.7,-26.6,-12.7,0,,,15.1,,1050.7,
2022-12-21 00:00:00,-25.3,-28.2,-11.6,0,,,22,,1050.7,
2022-12-22 00:00:00,-11.6,-14.9,-8.8,0,,,24.8,,1043.5,
2022-12-23 00:00:00,-14.2,-16.6,-8.2,0,,,9.7,,1041.5,
2022-12-24 00:00:00,-12,-23.8,-8.2,0,,,14.8,,1033.1,
2022-12-25 00:00:00,-24.2,-28.8,-23.2,0,,,10.4,,1027.3,
2022-12-26 00:00:00,-23.6,-25.5,-21,0,,,25.6,,1014.5,
2022-12-27 00:00:00,-21.6,-22.7,-20.5,0,,,30.2,,1008.5,
2022-12-28 00:00:00,-22.4,-24.9,-21.6,0,,,29.5,,1005.3,
2022-12-29 00:00:00,-22.9,-24.9,-18.2,0,,,25.9,,1001.3,
2022-12-30 00:00:00,-18.4,-18.8,-16.6,0.3,,,16.9,,999.6,
2022-12-31 00:00:00,-16.9,-18.2,-14.3,0.8,,,10.8,,1002.2,
2023-01-01 00:00:00,-15.6,-16.6,-13.8,0,,,14.4,,1001.9,
2023-01-02 00:00:00,-15.9,-18.2,-15.5,0,,,31.3,,997,
2023-01-03 00:00:00,-15.4,-15.5,-13.2,0,,,28.4,,1002,
2023-01-04 00:00:00,-13.5,-17.7,-12.7,0,,,27.4,,1007.5,
2023-01-05 00:00:00,-17.3,-21.6,-16.6,0,,,34.6,,1008.9,
2023-01-06 00:00:00,-20.8,-22.1,-19.9,0,,,32.8,,1011.6,
2023-01-07 00:00:00,-22.8,-25.5,-22.1,0,,,24.1,,1013.7,
2023-01-08 00:00:00,-21.8,-22.7,-17.1,0.3,,,21.2,,1016,
2023-01-09 00:00:00,-20.2,-23.8,-19.3,0,,,16.9,,1021.1,
2023-01-10 00:00:00,-23.4,-26,-22.7,0,,,28.1,,1023.9,
2023-01-11 00:00:00,-24.1,-24.9,-22.1,0,,,44.3,,1022.2,
2023-01-12 00:00:00,-20.6,-22.7,-17.1,1.5,,,50.4,,1019.4,
2023-01-13 00:00:00,-18.4,-19.9,-17.7,0,,,36.7,,1016.7,
2023-01-14 00:00:00,-19.4,-22.1,-17.1,0.3,,,30.2,,1017.8,
2023-01-15 00:00:00,-21,-29.3,-17.7,0,,,27.7,,1017.3,
2023-01-16 00:00:00,-29.4,-31,-23.2,0,,,25.9,,1015.3,
2023-01-17 00:00:00,-24.2,-23.8,-20.5,0,,,32,,1007.9,
2023-01-18 00:00:00,-21,-22.1,-19.3,0,,,32.8,,1003.1,
2023-01-19 00:00:00,-21.6,-22.7,-20.5,0,,,23.4,,1004.3,
2023-01-20 00:00:00,-20.4,-22.7,-18.8,0.5,,,15.5,,1008.2,
2023-01-21 00:00:00,-19.4,-19.9,-16,0,,,14.8,,1016.8,
2023-01-22 00:00:00,-18.9,-22.7,-17.1,0,,,18.7,,1028.2,
2023-01-23 00:00:00,-21.4,-23.2,-19.9,0.3,,,28.8,,1028.3,
2023-01-24 00:00:00,-21.6,-25.5,-20.5,0,,,33.1,,1032.2,
2023-01-25 00:00:00,-25.2,-27.1,-24.9,0,,,25.2,,1031.3,
2023-01-26 00:00:00,-25.4,-27.7,-20.5,0,,,28.1,,1033.3,
2023-01-27 00:00:00,-26.1,-31.6,-25.5,0,,,21.2,,1044.1,
2023-01-28 00:00:00,-24.6,-26.6,-19.9,0.3,,,15.5,,1031.1,
2023-01-29 00:00:00,-19.9,-21,-18.2,0.3,,,16.2,,1031.2,
2023-01-30 00:00:00,-20.3,-22.7,-18.8,0,,,33.1,,1028.4,
2023-01-31 00:00:00,-22,-23.2,-19.9,0,,,40,,1026.8,
2023-02-01 00:00:00,-21.4,-23.2,-20.5,0,,,36.4,,1024.2,
2023-02-02 00:00:00,-20.6,-22.7,-18.2,0,,,23.4,,1019.4,
2023-02-03 00:00:00,-23.2,-28.8,-21.6,0,,,24.1,,1016.9,
2023-02-04 00:00:00,-28.3,-31.6,-27.1,0,,,14.8,,1014.2,
2023-02-05 00:00:00,-28.3,-31.6,-25.5,0,,,8.6,,1010.9,
2023-02-06 00:00:00,-24.8,-26,-20.5,0,,,10.1,,1006,
2023-02-07 00:00:00,-22.6,-25.5,-17.1,0,,,12.2,,1009.2,
2023-02-08 00:00:00,-23.7,-27.7,-20.5,0,,,7.6,,1017.7,
2023-02-09 00:00:00,-25.4,-29.3,-23.8,0,,,9.4,,1019,
2023-02-10 00:00:00,-24.2,-26,-20.5,0,,,20.5,,1014.1,
2023-02-11 00:00:00,-24.9,-27.7,-23.2,0,,,25.9,,1013.3,
2023-02-12 00:00:00,-27.3,-29.9,-27.1,0,,,19.8,,1015.2,
2023-02-13 00:00:00,-28.4,-31,-23.2,0,,,12.6,,1024.2,
2023-02-14 00:00:00,-26.1,-28.8,-19.3,0,,,23,,1024,
2023-02-15 00:00:00,-26.4,-29.9,-25.5,0,,,18.7,,1017.5,
2023-02-16 00:00:00,-27.9,-31,-23.2,0.5,,,16.6,,1014.5,
2023-02-17 00:00:00,-24.9,-32.1,-23.8,0,,,7.9,,1013.6,
2023-02-18 00:00:00,-25.6,-27.1,-21.6,0,,,6.8,,1011.7,
2023-02-19 00:00:00,-22.2,-28.8,-21,0,,,7.2,,1018.2,
2023-02-20 00:00:00,-28.3,-35.5,-27.1,0,,,11.5,,1030,
2023-02-21 00:00:00,-33.3,-38.2,-23.8,0.3,,,25.6,,1037.6,
2023-02-22 00:00:00,-24.1,-23.8,-13.8,0,,,40.3,,1017.9,
2023-02-23 00:00:00,-10.4,-13.8,-1.6,4.8,,,32.8,,989,
2023-02-24 00:00:00,-9.4,-18.2,-5.5,0.8,,,45,,992.6,
2023-02-25 00:00:00,-18.8,-24.3,-18.2,0.1,,,37.8,,996.5,
2023-02-26 00:00:00,-23.8,-26,-23.8,0,,,35.3,,1004.3,
2023-02-27 00:00:00,-26.1,-33.8,-24.3,4.4,,,13.3,,1012.6,
2023-02-28 00:00:00,-29.6,-34.3,-26,0,,,18.4,,1003.4,
2023-03-01 00:00:00,-28.2,-30.5,-25.5,0,,,24.5,,995.3,
2023-03-02 00:00:00,-28.3,-31,-26.6,0,,,15.5,,1008.8,
2023-03-03 00:00:00,-28.3,-36,-23.8,0,,,7.9,,1023.4,
2023-03-04 00:00:00,-34.3,-38.8,-26,0,,,21.6,,1029,
2023-03-05 00:00:00,-23.9,-26,-8.8,1.8,,,37.4,,1017.7,
2023-03-06 00:00:00,-10.6,-12.1,-7.7,1.3,,,24.8,,1016.9,
2023-03-07 00:00:00,-6.8,-8.2,-0.5,0,,,14.8,,1017.7,
2023-03-08 00:00:00,-5.2,-21,-0.5,0,,,29.5,,1021.5,
2023-03-09 00:00:00,-21.3,-28.8,-21,0,,,14.4,,1040.2,
2023-03-10 00:00:00,-23.8,-27.7,-8.8,0,,,21.2,,1032.1,
2023-03-11 00:00:00,-18.5,-27.7,-18.2,0,,,16.9,,1030.4,
2023-03-12 00:00:00,-26.6,-28.8,-26.6,0.3,,,25.9,,1026.6,
2023-03-13 00:00:00,-28.8,-32.1,-25.5,0,,,10.1,,1025.4,
2023-03-14 00:00:00,-27.9,-30.5,-26,0,,,11.5,,1030.9,
2023-03-15 00:00:00,-29.6,-33.8,-26.6,0,,,15.5,,1022.6,
2023-03-16 00:00:00,-29.2,-32.1,-25.5,0,,,13,,1016.6,
2023-03-17 00:00:00,-27.2,-29.9,-21,0,,,13.7,,1016.4,
2023-03-18 00:00:00,-27.4,-30.5,-23.8,0,,,22,,1014.6,
2023-03-19 00:00:00,-23.7,-26.6,-16.6,0,,,19.4,,1005.4,
2023-03-20 00:00:00,-15.7,-18.2,-5.5,0,,,17.3,,1000.9,
2023-03-21 00:00:00,-13.7,-19.3,-9.3,0,,,15.8,,996.7,
2023-03-22 00:00:00,-12.1,-17.1,-6,0,,,15.5,,1001.6,
2023-03-23 00:00:00,-14.3,-17.7,-11.6,0,,,15.5,,1000.7,
2023-03-24 00:00:00,-13.9,-19.3,-11,0,,,24.1,,1004.6,
2023-03-25 00:00:00,-17.7,-19.9,-8.8,0,,,32,,1020.7,
2023-03-26 00:00:00,-7.6,-8.8,-2.7,0.8,,,38.5,,1007.6,
2023-03-27 00:00:00,-6.6,-15.5,-4.9,0.3,,,32,,1009,
2023-03-28 00:00:00,-15.3,-17.1,-10.5,0,,,27.4,,1020.4,
2023-03-29 00:00:00,-12.4,-15.5,-9.3,0,,,22.7,,1016.8,
2023-03-30 00:00:00,-15.4,-18.8,-10.5,0,,,14,,1006,
2023-03-31 00:00:00,-13.6,-16,-12.1,0.3,,,5.4,,1006.3,
2023-04-01 00:00:00,-15.8,-21,-14.9,0,,,11.9,,1008.3,
2023-04-02 00:00:00,-17.3,-19.9,-13.2,0,,,23,,1008.4,
2023-04-03 00:00:00,-15.3,-19.9,-13.8,0.3,,,20.9,,1012.8,
2023-04-04 00:00:00,-19.3,-22.7,-18.8,0,,,19.8,,1010.6,
2023-04-05 00:00:00,-21.6,-23.8,-19.9,0.5,,,15.8,,1009.7,
2023-04-06 00:00:00,-23.9,-28.2,-21.6,0,,,5.4,,1008.3,
2023-04-07 00:00:00,-23.9,-29.3,-19.9,1.8,,,14.8,,1002.9,
2023-04-08 00:00:00,-27.3,-33.2,-24.9,0,,,14.8,,1002.4,
2023-04-09 00:00:00,-25.3,-30.5,-17.1,3,,,14,,1006.9,
2023-04-10 00:00:00,-19.6,-24.3,-16.6,1.8,,,18,,1009.2,
2023-04-11 00:00:00,-23.5,-30.5,-20.5,0,,,14.8,,1013.6,
2023-04-12 00:00:00,-22.4,-24.3,-19.3,0,,,15.5,,1017.1,
2023-04-13 00:00:00,-21.6,-24.9,-16.6,0,,,16.6,,1023.6,
2023-04-14 00:00:00,-21.2,-25.5,-18.2,0,,,14,,1028.4,
2023-04-15 00:00:00,-22,-26,-19.3,0,,,12.2,,1026.7,
2023-04-16 00:00:00,-21.5,-24.3,-18.2,0,,,13.3,,1025.5,
2023-04-17 00:00:00,-21.8,-29.3,-17.1,0,,,20.5,,1028.7,
2023-04-18 00:00:00,-22.4,-27.7,-16.6,0,,,17.6,,1030.3,
2023-04-19 00:00:00,-18.3,-23.8,-7.1,0,,,13.7,,1030,
2023-04-20 00:00:00,-9.8,-11.6,-7.7,0,,,13,,1034,
2023-04-21 00:00:00,-9.2,-18.2,-7.7,0,,,26.6,,1037.7,
2023-04-22 00:00:00,-17.5,-21,-14.9,0,,,25.6,,1049.1,
2023-04-23 00:00:00,-16.9,-19.9,-13.8,0.3,,,15.8,,1046.2,
2023-04-24 00:00:00,-16.6,-17.7,-12.1,0,,,11.2,,1036.1,
2023-04-25 00:00:00,-13.4,-19.3,-10.5,0.3,,,5,,1023.1,
2023-04-26 00:00:00,-17,-21.6,-15.5,0.5,,,11.2,,1013.4,
2023-04-27 00:00:00,-15.8,-17.1,-10.5,0,,,24.5,,1014.2,
2023-04-28 00:00:00,-13.9,-16.6,-13.2,0,,,20.5,,1021.1,
2023-04-29 00:00:00,-13.7,-14.9,-9.9,0,,,28.8,,1021,
2023-04-30 00:00:00,-12.1,-15.5,-9.9,0,,,24.1,,1017.5,
2023-05-01 00:00:00,-11.4,-12.7,-8.2,0,,,24.5,,1009.7,
2023-05-02 00:00:00,-8.3,-9.3,-5.5,1,,,25.9,,1002.8,
2023-05-03 00:00:00,-6.8,-8.2,-4.9,0,,,9.4,,1001.8,
2023-05-04 00:00:00,-6.7,-8.2,-4.3,0,,,9.7,,1007.5,
2023-05-05 00:00:00,-6,-8.8,-1.6,0,,,18,,1016.9,
2023-05-06 00:00:00,-4.8,-6.6,-3.2,0,,,9,,1018.1,
2023-05-07 00:00:00,-4.8,-7.1,-3.2,0,,,6.5,,1019.3,
2023-05-08 00:00:00,-6.7,-8.8,-4.3,0,,,7.6,,1017.2,
2023-05-09 00:00:00,-5.4,-6,-3.8,0,,,13.7,,1015,
2023-05-10 00:00:00,-5.6,-7.1,-3.8,0,,,13.3,,1015.6,
2023-05-11 00:00:00,-5.4,-6.6,-2.1,0.3,,,10.1,,1014.2,
2023-05-12 00:00:00,-5.9,-6.6,-3.8,0,,,19.1,,1016.3,
2023-05-13 00:00:00,-5.4,-7.7,1.1,0,,,20.9,,1010.2,
2023-05-14 00:00:00,1.9,-0.5,4.4,0,,,37.4,,1004.8,
2023-05-15 00:00:00,-1.2,-8.2,2.2,0,,,30.2,,1015.1,
2023-05-16 00:00:00,-7.6,-9.3,-6,0,,,20.5,,1027.9,
2023-05-17 00:00:00,-7.2,-8.2,-3.2,0,,,9.4,,1024.1,
2023-05-18 00:00:00,-3.2,-3.8,-0.5,0,,,17.6,,1021.6,
2023-05-19 00:00:00,-0.6,-1.6,3.9,0,,,22,,1014.7,
2023-05-20 00:00:00,0.9,-0.5,1.1,0,,,17.6,,1015.1,
2023-05-21 00:00:00,-0.6,-1.6,4.4,0,,,13.7,,1017,
2023-05-22 00:00:00,1.6,0,2.8,0,,,18.4,,1013.5,
2023-05-23 00:00:00,0.3,-3.8,0.6,0,,,19.8,,1020,
2023-05-24 00:00:00,-3.6,-5.5,-3.8,0,,,22.3,,1026.9,
2023-05-25 00:00:00,-4.4,-5.5,-2.7,0,,,22,,1020.9,
2023-05-26 00:00:00,-3,-4.9,1.1,0,,,25.9,,1009.9,
2023-05-27 00:00:00,-0.7,-2.7,2.2,0,,,23,,1004.2,
2023-05-28 00:00:00,0.4,-0.5,2.2,1.5,,,15.8,,997.6,
2023-05-29 00:00:00,1.1,0,3.9,0,,,14.8,,997.3,
2023-05-30 00:00:00,0.8,-1.6,1.7,5.3,,,10.4,,1002.8,
2023-05-31 00:00:00,-0.1,-4.9,0,3,,,19.8,,1006.2,
2023-06-01 00:00:00,-4.6,-9.3,-2.1,0,,,13.3,,1009.6,
2023-06-02 00:00:00,-3.3,-4.3,0,4.8,,,15.1,,1006.6,
2023-06-03 00:00:00,-1.2,-4.9,3.3,2.3,,,20.2,,1005.2,
2023-06-04 00:00:00,-0.6,-3.8,1.1,0,,,22.3,,1013.6,
2023-06-05 00:00:00,1.4,-0.5,5.6,1,,,16.9,,1018,
2023-06-06 00:00:00,2.4,-0.5,3.3,0,,,23.4,,1018.1,
2023-06-07 00:00:00,0,-2.1,1.7,0,,,18.4,,1016.4,
2023-06-08 00:00:00,-0.6,-2.1,1.7,0,,,24.5,,1017.8,
2023-06-09 00:00:00,-1.7,-3.8,0,0,,,29.2,,1017.1,
2023-06-10 00:00:00,-1.7,-3.8,1.1,0,,,32,,1016.9,
2023-06-11 00:00:00,0.4,-1,5,0,,,25.9,,1008.2,
2023-06-12 00:00:00,3.3,0.6,8.9,0,,,15.1,,1000.2,
2023-06-13 00:00:00,6.7,1.7,15.6,0,,,18.4,,1005.1,
2023-06-14 00:00:00,10.8,3.9,14.4,0,,,14.8,,1009,
2023-06-15 00:00:00,7.3,0.6,9.4,3.3,,,14,,1010.8,
2023-06-16 00:00:00,1.9,0.6,5,0,,,14,,1008.3,
2023-06-17 00:00:00,3.8,-0.5,9.4,0,,,17.6,,1015.3,
2023-06-18 00:00:00,1.9,-1.6,8.9,0.8,,,16.9,,1016.8,
2023-06-19 00:00:00,5.8,1.7,10,2.3,,,10.8,,1014.2,
2023-06-20 00:00:00,6.2,0.6,6.7,3.8,,,15.5,,1007.8,
2023-06-21 00:00:00,1.2,0,2.2,0,,,22.3,,1008.8,
2023-06-22 00:00:00,1,0,3.9,0,,,11.9,,1014.6,
2023-06-23 00:00:00,1.9,0,3.3,0,,,25.2,,1014.4,
2023-06-24 00:00:00,4.4,0.6,16.1,0,,,20.2,,1005.9,
2023-06-25 00:00:00,5.7,0.6,6.1,0,,,13,,1002.7,
2023-06-26 00:00:00,1.6,0.6,2.2,1.8,,,22.1,,1005.2,
2023-06-27 00:00:00,2.9,1.1,9.4,3,,,12.6,,1007.1,
2023-06-28 00:00:00,6.6,2.2,7.8,2,,,19.8,,1007.9,
2023-06-29 00:00:00,4.1,1.1,7.2,0,,,18.4,,1005.9,
2023-06-30 00:00:00,4.2,1.1,10,0,,,10.4,,1005.8,
2023-07-01 00:00:00,4.1,1.1,10,0,,,20.2,,1016.7,
2023-07-02 00:00:00,8.1,2.8,18.3,0,,,23.8,,1018.2,
2023-07-03 00:00:00,7.9,2.2,9.4,0,,,22.3,,1012.9,
2023-07-04 00:00:00,5.8,2.8,9.4,11.4,,,13.3,,1009.6,
2023-07-05 00:00:00,6.8,3.9,15.6,7.1,,,15.5,,1011.5,
2023-07-06 00:00:00,6,2.8,12.2,0.5,,,10.8,,1012.4,
2023-07-07 00:00:00,7.3,2.8,10,2.3,,,15.8,,1006.4,
2023-07-08 00:00:00,3.4,1.1,3.3,0,,,11.9,,1005.4,
2023-07-09 00:00:00,2.7,1.7,8.9,0.3,,,10.8,,1005.6,
2023-07-10 00:00:00,8.8,6.7,12.2,2.8,,,16.2,,1005.4,
2023-07-11 00:00:00,6.7,2.8,8.3,0,,,11.9,,1011,
2023-07-12 00:00:00,3.5,2.8,6.7,0,,,9.4,,1020.3,
2023-07-13 00:00:00,4.8,2.8,10,0,,,13,,1021.3,
2023-07-14 00:00:00,5.7,2.2,6.1,0,,,23,,1015.6,
2023-07-15 00:00:00,2.7,1.1,3.3,0,,,15.8,,1013.9,
2023-07-16 00:00:00,2.2,0.6,8.9,0,,,14.8,,1013.3,
2023-07-17 00:00:00,7,3.9,10,0,,,16.2,,1014.8,
2023-07-18 00:00:00,9.4,4.4,18.3,0,,,15.5,,1018.4,
2023-07-19 00:00:00,16.8,11.7,23.3,0,,,21.2,,1016.8,
2023-07-20 00:00:00,14.6,8.9,17.8,0,,,16.2,,1012.6,
2023-07-21 00:00:00,15.1,8.9,21.7,0,,,15.1,,1007.9,
2023-07-22 00:00:00,12.6,11.1,17.8,0.5,,,9,,1011.7,
2023-07-23 00:00:00,13.4,11.7,21.7,0,,,18,,1013.1,
2023-07-24 00:00:00,17.1,9.4,17.8,0,,,23.3,,1011.6,
2023-07-25 00:00:00,9.7,7.2,12.2,0,,,19.8,,1011.9,
2023-07-26 00:00:00,9.6,6.7,13.3,0,,,13.7,,1016,
2023-07-27 00:00:00,10.2,8.3,15,0,,,21.6,,1016.9,
2023-07-28 00:00:00,13.1,7.8,18.3,0,,,11.9,,1015.4,
2023-07-29 00:00:00,9.7,6.1,13.3,0,,,11.9,,1014.6,
2023-07-30 00:00:00,12.2,7.8,15,0,,,16.9,,1017.2,
2023-07-31 00:00:00,10.7,6.1,17.2,0,,,18.4,,1020.2,
2023-08-01 00:00:00,12.3,11.1,14.4,1.8,,,15.8,,1016,
2023-08-02 00:00:00,10.9,4.4,12.8,1.3,,,24.8,,1016.4,
2023-08-03 00:00:00,4.8,2.8,7.2,0,,,12.6,,1019.4,
2023-08-04 00:00:00,9.2,6.7,17.2,0,,,18.4,,1015.9,
2023-08-05 00:00:00,16.8,13.3,24.4,0,,,10.8,,1010.1,
2023-08-06 00:00:00,16.6,10.6,18.3,0,,,18.7,,1010.7,
2023-08-07 00:00:00,11.5,9.4,12.8,0,,,21.6,,1009.3,
2023-08-08 00:00:00,9.4,7.8,10,0,,,28.4,,1009.5,
2023-08-09 00:00:00,8.3,7.2,10,0,,,33.1,,1010.8,
2023-08-10 00:00:00,7.8,5.6,7.8,0,,,30.6,,1014.8,
2023-08-11 00:00:00,6.1,5,7.2,0,,,19.4,,1017.8,
2023-08-12 00:00:00,6.7,6.1,7.2,0,,,17.3,,1012.9,
2023-08-13 00:00:00,6.3,3.9,7.8,0,,,17.3,,1012.4,
2023-08-14 00:00:00,5.4,3.3,8.9,0,,,22,,1011.1,
2023-08-15 00:00:00,6.9,5.6,7.8,0,,,19.8,,1006,
2023-08-16 00:00:00,8.3,7.8,11.1,2.8,,,16.9,,1004,
2023-08-17 00:00:00,7.1,2.2,8.3,7.4,,,13.3,,1002.8,
2023-08-18 00:00:00,4.9,2.8,9.4,2,,,19.1,,1004.9,
2023-08-19 00:00:00,5,3.9,7.2,2.5,,,16.9,,1004.7,
2023-08-20 00:00:00,6.2,4.4,8.3,3.6,,,27.7,,1007.4,
2023-08-21 00:00:00,7.1,4.4,13.9,3,,,15.5,,1009.9,
2023-08-22 00:00:00,8.2,2.2,8.3,3.3,,,30.2,,1006.7,
2023-08-23 00:00:00,2.9,1.7,3.9,0,,,36.7,,1011.8,
2023-08-24 00:00:00,2.8,0.6,5,0,,,14.8,,1014.4,
2023-08-25 00:00:00,3.3,2.2,3.9,0,,,22.3,,1013.2,
2023-08-26 00:00:00,3.3,2.8,3.9,2.8,,,38.5,,1009.3,
2023-08-27 00:00:00,3.9,2.2,3.9,10.2,,,31,,1000.5,
2023-08-28 00:00:00,2.7,1.1,3.3,0,,,15.1,,1014.3,
2023-08-29 00:00:00,2.2,1.1,4.4,0,,,15.8,,1014.1,
2023-08-30 00:00:00,3.3,0.6,6.1,0,,,19.4,,1007.1,
2023-08-31 00:00:00,5,4.4,8.9,0,,,13.7,,997.3,
2023-09-01 00:00:00,5.6,3.3,7.2,0,,,18.4,,994,
2023-09-02 00:00:00,4,2.8,6.1,0,,,21.6,,1005.4,
2023-09-03 00:00:00,4.7,2.8,7.8,3.6,,,22.7,,998.7,
2023-09-04 00:00:00,4.9,2.8,6.1,0,,,27,,1005.2,
2023-09-05 00:00:00,4.6,2.8,7.2,0,,,19.4,,1000.7,
2023-09-06 00:00:00,3.2,1.7,3.9,2.3,,,23,,1004,
2023-09-07 00:00:00,1.9,1.1,2.2,0,,,18,,1014.9,
2023-09-08 00:00:00,2.1,1.7,3.9,1,,,13.2,,,
2023-09-09 00:00:00,3.9,3.3,4.4,0,,,24.1,,1016,
2023-09-10 00:00:00,4.3,2.8,5.6,1.3,,,23.4,,,
2023-09-11 00:00:00,4.3,2.8,5,1.3,,,19.3,,1001.1,
2023-09-12 00:00:00,4,3.3,4.4,1.3,,,15.5,,999.5,
2023-09-13 00:00:00,4.6,0,6.1,0,,,15.1,,1004.1,
2023-09-14 00:00:00,4.4,0,10,0,,,15.8,,,
2023-09-15 00:00:00,4.8,3.3,5,0,,,25.2,,997.7,
2023-09-16 00:00:00,3.8,2.2,4.4,0.3,,,28.1,,997.5,
2023-09-17 00:00:00,2.6,2.2,3.3,0,,,34.2,,1000.4,
2023-09-18 00:00:00,2.9,2.8,3.9,7.1,,,32,,1000.4,
2023-09-19 00:00:00,2.9,0.6,3.9,2.3,,,4,,1006.4,
2023-09-20 00:00:00,2.7,1.7,3.3,6.9,,,24.8,,1006.4,
2023-09-21 00:00:00,1.9,0.6,2.2,0,,,33.1,,1004.9,
2023-09-22 00:00:00,1.1,-0.5,1.7,0,,,25.9,,1004.7,
2023-09-23 00:00:00,0.9,0,1.7,0,,,16.9,,1007.4,
2023-09-24 00:00:00,1.3,-0.5,2.2,0.3,,,8.6,,1013.7,
2023-09-25 00:00:00,-0.2,-2.1,1.7,0,,,12.6,,1012.9,
2023-09-26 00:00:00,0.7,-1,3.9,0.8,,,10.1,,1009.2,
2023-09-27 00:00:00,1.1,-1,2.2,0.3,,,11,,1010.3,
2023-09-28 00:00:00,0.7,-1,6.1,0,,,14.4,,1010.5,
2023-09-29 00:00:00,1.7,-1,4.4,0.3,,,16.5,,1011.5,
2023-09-30 00:00:00,2.3,1.1,2.8,0.8,,,18.4,,1008,
2023-10-01 00:00:00,0.6,-2.1,2.2,0.8,,,11.8,,1006.5,
2023-10-02 00:00:00,-2,-3.8,-1,1.5,,,19.1,,1005.6,
2023-10-03 00:00:00,-0.7,-2.1,1.1,0.3,,,25.6,,1012,
2023-10-04 00:00:00,-0.2,-3.8,1.1,1.8,,,24.5,,1021.6,
2023-10-05 00:00:00,-0.6,-3.8,0.6,0,,,19.4,,1021.4,
2023-10-06 00:00:00,-1.3,-2.1,-0.5,0.8,,,23.4,,1016.6,
2023-10-07 00:00:00,-2.3,-4.3,-1,1.5,,,20.5,,1017.4,
2023-10-08 00:00:00,-3.2,-7.1,-1,3,,,18.4,,1014.3,
2023-10-09 00:00:00,-3.7,-7.1,-1,0.3,,,27.7,,1011.3,
2023-10-10 00:00:00,-1.4,-2.1,-0.5,0.3,,,30.2,,1008.2,
2023-10-11 00:00:00,-1.6,-3.2,-0.5,5.3,,,26.6,,1009.9,
2023-10-12 00:00:00,-5.6,-14.3,-2.1,0.5,,,15.8,,1010.2,
2023-10-13 00:00:00,-3.7,-2.7,0,4.1,,,21.6,,1006.1,
2023-10-14 00:00:00,-0.5,-2.1,0,0,,,10.5,,1007,
2023-10-15 00:00:00,-0.4,-0.5,0,0.5,,,14.1,,1008.5,
2023-10-16 00:00:00,-0.7,-3.8,-0.5,3,,,5.4,,1009.1,
2023-10-17 00:00:00,-2.5,-3.8,-0.5,8.6,,,19.8,,998.7,
2023-10-18 00:00:00,-2.8,-11,-2.1,0,,,19.8,,998.3,
2023-10-19 00:00:00,-10.9,-16,-2.7,0.8,,,18.4,,1001.7,
2023-10-20 00:00:00,-4.6,-5.5,-3.8,0.8,,,43.6,,,
2023-10-21 00:00:00,-5.4,-6.6,-4.9,0,,,29.5,,1026.3,
2023-10-22 00:00:00,-5.6,-18.2,-4.9,0,,,18.4,,1027.3,
2023-10-23 00:00:00,-9.9,-13.2,0.6,1.3,,,29.2,,1017.5,
2023-10-24 00:00:00,0.5,-0.5,2.2,0.5,,,35.3,,1017.1,
2023-10-25 00:00:00,0.4,-6.6,1.7,0,,,19.8,,1025.8,
2023-10-26 00:00:00,-4.4,-9.3,1.7,0,,,24.8,,1017.2,
2023-10-27 00:00:00,-0.6,-4.3,1.1,0,,,20.9,,1026.5,
2023-10-28 00:00:00,-4.9,-6.6,-3.2,0,,,26.6,,1024.3,
2023-10-29 00:00:00,-2,-4.3,1.1,2.8,,,18.7,,1018.5,
2023-10-30 00:00:00,-3.7,-4.9,-3.2,0,,,18.7,,1024.4,
2023-10-31 00:00:00,-3.2,-3.2,-2.1,1.3,,,25.7,,1018,
2023-11-01 00:00:00,-2.6,-4.3,-2.1,4.3,,,24.5,,1017.1,
2023-11-02 00:00:00,-5,-7.1,-3.8,0.8,,,35.6,,1028,
2023-11-03 00:00:00,-6.1,-7.1,-4.9,0.5,,,27.7,,1032.4,
2023-11-04 00:00:00,-7.1,-9.3,-5.5,1,,,33.5,,1026.5,
2023-11-05 00:00:00,-8.3,-9.3,-6,1.5,,,39.2,,1014.8,
2023-11-06 00:00:00,-6.2,-6.6,-4.9,1,,,41.8,,,
2023-11-07 00:00:00,-6.8,-7.7,-6.6,0.3,,,41.8,,1014.8,
2023-11-08 00:00:00,-8.2,-9.3,-7.1,0.5,,,34.9,,1017.7,
2023-11-09 00:00:00,-8.9,-9.3,-7.7,1,,,55.4,,1006.4,
2023-11-10 00:00:00,-7.6,-8.8,-6.6,0,,,47.2,,,
2023-11-11 00:00:00,-8.6,-16,-7.7,0,,,23,,1012.9,
2023-11-12 00:00:00,-12.2,-13.8,-8.2,0,,,39.6,,,
2023-11-13 00:00:00,-9.4,-12.1,-3.8,1.8,,,21.2,,986.4,
2023-11-14 00:00:00,-6.1,-8.2,-2.7,0.5,,,42.8,,993.2,
2023-11-15 00:00:00,-7.6,-14.3,-6.6,1.3,,,19.4,,989.4,
2023-11-16 00:00:00,-9.7,-13.2,-8.8,1,,,20.2,,990.2,
2023-11-17 00:00:00,-12.4,-23.2,-9.3,0.3,,,18,,1000.8,
2023-11-18 00:00:00,-15,-19.3,-6.6,1,,,24.5,,1002.1,
2023-11-19 00:00:00,-12.2,-22.1,-11,0.5,,,12.1,,1010.7,
2023-11-20 00:00:00,-13.4,-22.7,-2.7,1.3,,,21.6,,1013.1,
2023-11-21 00:00:00,-13.3,-19.9,-11,0,,,12.7,,1007.2,
2023-11-22 00:00:00,-14.1,-18.2,-6.6,0.5,,,14.6,,1003.3,
2023-11-23 00:00:00,-7.4,-11,-5.5,0,,,16.9,,1009.8,
2023-11-24 00:00:00,-10.8,-14.9,-11,0,,,22,,1019.2,
2023-11-25 00:00:00,-12.2,-13.8,-10.5,0.3,,,15.1,,1017.6,
2023-11-26 00:00:00,-11.5,-13.8,-7.7,1.5,,,19.8,,1006.6,
2023-11-27 00:00:00,-9.2,-12.7,-8.8,1.3,,,17.2,,993,
2023-11-28 00:00:00,-7.1,-16,-2.1,0.5,,,17.3,,997.9,
2023-11-29 00:00:00,-12.6,-17.7,-4.9,0.5,,,13.7,,1003.9,
2023-11-30 00:00:00,-6.8,-12.1,-5.5,0.5,,,16.2,,1000.1,
2023-12-01 00:00:00,-7.5,-11,-6,0,,,11.5,,995.2,
2023-12-02 00:00:00,-10.3,-13.8,-6.6,0,,,26.6,,999.5,
2023-12-03 00:00:00,-9.3,-12.1,-7.1,0,,,27,,998.9,
2023-12-04 00:00:00,-10,-11,-8.8,0,,,21.8,,996.1,
2023-12-05 00:00:00,-11.1,-16,-8.8,0.3,,,18.4,,994.5,
2023-12-06 00:00:00,-16,-21,-13.2,0.3,,,14.3,,997.7,
2023-12-07 00:00:00,-16.2,-22.1,-9.9,0,,,10.4,,1005.2,
2023-12-08 00:00:00,-13.1,-17.7,-10.5,0,,,10.1,,,
2023-12-09 00:00:00,-13.4,-17.1,-12.7,0,,,10.8,,1015.2,
2023-12-10 00:00:00,-16.1,-16.6,-14.9,0.3,,,12.6,,1020.2,
2023-12-11 00:00:00,-16.3,-22.1,-16,0,,,19.1,,1017.7,
2023-12-12 00:00:00,-18.7,-18.8,-16,0,,,27.4,,1011.4,
2023-12-13 00:00:00,-16.8,-17.7,-12.1,0,,,19.8,,1013.7,
2023-12-14 00:00:00,-13.6,-13.8,-12.1,0,,,16.6,,1018.8,
2023-12-15 00:00:00,-15.9,-26,-13.8,0,,,11.2,,1017.6,
2023-12-16 00:00:00,-18.4,-21,-12.7,0,,,15.8,,1016.7,
2023-12-17 00:00:00,-13.8,-15.5,-12.7,0,,,19.8,,1008.1,
2023-12-18 00:00:00,-14.8,-22.7,-13.8,0.3,,,14.8,,1008,
2023-12-19 00:00:00,-20.6,-25.5,-16.6,0.3,,,13,,1000.4,
2023-12-20 00:00:00,-17.3,-21,-16,0.8,,,10.9,,996.2,
2023-12-21 00:00:00,-18.6,-21,-17.1,0,,,9.4,,999.5,
2023-12-22 00:00:00,-17.7,-18.8,-16.6,0,,,10.8,,1002.5,
2023-12-23 00:00:00,-18,-18.8,-17.1,0,,,25.9,,998.3,
2023-12-24 00:00:00,-17.2,-17.7,-12.1,0.8,,,38.5,,982.8,
2023-12-25 00:00:00,-13.1,-17.7,-9.3,2,,,19.8,,988.6,
2023-12-26 00:00:00,-13.5,-16.6,-12.1,3.8,,,27.4,,997.5,
2023-12-27 00:00:00,-19.4,-28.8,-16,0,,,12.2,,1009.1,
2023-12-28 00:00:00,-26.7,-28.8,-18.8,0,,,15.1,,1011.4,
2023-12-29 00:00:00,-24.1,-29.9,-18.2,0,,,12.2,,1022.1,
2023-12-30 00:00:00,-22.5,-24.3,-21.6,0,,,21.6,,,
2023-12-31 00:00:00,-24.3,-26.6,-23.8,0,,,22.3,,,
2024-01-01 00:00:00,-27.3,-28.8,-26,0,,,27,,,
2024-01-02 00:00:00,-24.1,-26.6,-18.8,0,,,50.8,,,
2024-01-03 00:00:00,-18.1,-17.7,-16,0,,,44.6,,,
2024-01-04 00:00:00,-16.8,-18.8,-16,0,,,40.3,,,
2024-01-05 00:00:00,-17.9,-18.8,-17.1,0,,,39.6,,,
2024-01-06 00:00:00,-18.4,-19.3,-17.1,0,,,36,,,
2024-01-07 00:00:00,-16.8,-17.7,-12.7,0.3,,,49.3,,,
2024-01-08 00:00:00,-13.3,-16.6,-11.6,0,,,25.9,,,
2024-01-09 00:00:00,-15.7,-19.3,-14.3,0,,,25.2,,,
2024-01-10 00:00:00,-17.8,-18.8,-17.1,0,,,25.9,,,
2024-01-11 00:00:00,-17.1,-19.9,-11,0,,,32.8,,,
2024-01-12 00:00:00,-12,-13.2,-10.5,0,,,39.6,,,
2024-01-13 00:00:00,-12.2,-14.9,-10.5,0,,,50.8,,,
2024-01-14 00:00:00,-12.7,-16.6,-11.6,0.5,,,51.1,,,
2024-01-15 00:00:00,-15.9,-18.8,-2.7,1.3,,,18.7,,1011.5,
2024-01-16 00:00:00,-8.6,-16.6,-2.1,0.3,,,59.4,,1016.3,
2024-01-17 00:00:00,-12.9,-16,-4.3,0,,,32.4,,1031.1,
2024-01-18 00:00:00,-5.2,-16,-2.7,0,,,33.1,,1028.9,
2024-01-19 00:00:00,-15.5,-23.8,-13.8,0,,,26.6,,1033.5,
2024-01-20 00:00:00,-23.1,-29.3,-23.2,0,,,13.7,,1035.9,
2024-01-21 00:00:00,-23.5,-29.3,-21,0,,,10.4,,1025.7,
2024-01-22 00:00:00,-28.2,-33.2,-13.2,1.3,,,25.2,,,
2024-01-23 00:00:00,-23.5,-27.1,-19.9,0,,,38.2,,1001.8,
2024-01-24 00:00:00,-24.4,-26,-22.7,0,,,34.6,,1002.9,
2024-01-25 00:00:00,-26.6,-28.2,-26,0,,,25.9,,1013.6,
2024-01-26 00:00:00,-28,-32.7,-27.1,0,,,16.9,,1014.8,
2024-01-27 00:00:00,-32.5,-36.6,-32.7,0,,,14.4,,1009,
2024-01-28 00:00:00,-35.1,-37.1,-27.1,0,,,9.4,,1012.3,
2024-01-29 00:00:00,-26.2,-27.7,-18.8,6.1,,,28.4,,1000.4,
2024-01-30 00:00:00,-19.6,-24.9,-18.2,4.6,,,,,999.1,
2024-01-31 00:00:00,-22.7,-27.1,-22.7,0,,,25.9,,1016.1,
2024-02-01 00:00:00,-25.8,-27.7,-23.8,0.5,,,,,1020.5,
2024-02-02 00:00:00,-22.7,-24.3,-18.2,1.3,,,14.4,,1022.2,
2024-02-03 00:00:00,-20.2,-22.7,-19.3,0.8,,,13,,1024.4,
2024-02-04 00:00:00,-21.4,-25.5,-17.1,1.3,,,11.2,,1022.9,
2024-02-05 00:00:00,-18.3,-22.7,-16.6,0.8,,,20.5,,1015.7,
2024-02-06 00:00:00,-18.8,-23.8,-16.6,0,,,15.1,,1011.6,
2024-02-07 00:00:00,-24,-27.7,-19.9,0,,,12.6,,1010.3,
2024-02-08 00:00:00,-19.4,-19.9,-14.9,1,,,28.1,,1009.8,
2024-02-09 00:00:00,-15.1,-19.3,-14.3,0.5,,,37.1,,1002.9,
2024-02-10 00:00:00,-19.2,-21.6,-19.3,0,,,34.9,,1001.2,
2024-02-11 00:00:00,-21.7,-22.7,-21,0,,,31,,1005.5,
2024-02-12 00:00:00,-20.9,-22.1,-17.7,0.8,,,24.5,,1010.1,
2024-02-13 00:00:00,-17.9,-21.6,-7.7,0.8,,,27.4,,1006.6,
2024-02-14 00:00:00,-7.1,-16.6,0,0,,,33.5,,1002.7,
2024-02-15 00:00:00,-16.8,-21.6,-16,0,,,18,,1014.9,
2024-02-16 00:00:00,-20.7,-25.5,-19.3,0,,,9,,1026.8,
2024-02-17 00:00:00,-23.3,-24.9,-19.9,0,,,10.8,,1027.7,
2024-02-18 00:00:00,-19.8,-22.1,-16.6,0,,,16.2,,1026.7,
2024-02-19 00:00:00,-21.8,-26,-20.5,0,,,16.9,,1020.8,
2024-02-20 00:00:00,-21.6,-22.7,-18.8,2.3,,,37.8,,1010.7,
2024-02-21 00:00:00,-18.8,-19.3,-17.7,2.8,,,46.8,,1005.4,
2024-02-22 00:00:00,-19.5,-23.8,-18.8,1.8,,,39.6,,1009,
2024-02-23 00:00:00,-24.3,-27.1,-23.8,0,,,22.7,,1020.5,
2024-02-24 00:00:00,-26.3,-27.7,-24.9,0,,,19.4,,1025.3,
2024-02-25 00:00:00,-28.4,-31,-27.7,0,,,17.6,,1027.3,
2024-02-26 00:00:00,-30,-33.8,-18.8,0,,,15.5,,1016.9,
2024-02-27 00:00:00,-23.8,-28.2,-22.7,0,,,22.3,,1014.6,
2024-02-28 00:00:00,-28.4,-31,-27.7,0,,,20.2,,1016.8,
2024-02-29 00:00:00,-29.3,-31,-26,0,,,10.1,,1025.7,
2024-03-01 00:00:00,-29.7,-33.2,-21.6,0,,,14.4,,1029.9,
2024-03-02 00:00:00,-23.9,-27.7,-19.3,0,,,13.3,,1024.4,
2024-03-03 00:00:00,-22.6,-24.9,-19.3,0,,,18.4,,,
2024-03-04 00:00:00,-25.1,-28.2,-24.9,0,,,27.4,,1019.2,
2024-03-05 00:00:00,-27.3,-28.8,-24.9,0,,,24.8,,,
2024-03-06 00:00:00,-27.4,-29.9,-23.2,0,,,11.9,,1020.7,
2024-03-07 00:00:00,-27.8,-31.6,-26,0,,,8.6,,1018.3,
2024-03-08 00:00:00,-27.8,-30.5,-26,0,,,11.9,,1014.5,
2024-03-09 00:00:00,-30.2,-34.3,-28.2,0,,,3.6,,1016.9,
2024-03-10 00:00:00,-33.2,-37.1,-30.5,0,,,6.1,,1017.8,
2024-03-11 00:00:00,-33.6,-36,-27.7,0,,,11.2,,1018.4,
2024-03-12 00:00:00,-33.3,-36.6,-30.5,0,,,9.4,,1020,
2024-03-13 00:00:00,-32.6,-35.5,-27.1,0,,,6.1,,1024.9,
2024-03-14 00:00:00,-30.4,-34.3,-27.7,0,,,5,,1030.5,
2024-03-15 00:00:00,-30,-33.8,-24.9,0,,,7.6,,1036.3,
2024-03-16 00:00:00,-28.8,-31.6,-24.3,0,,,17.3,,1040.5,
2024-03-17 00:00:00,-27.1,-29.3,-23.8,0,,,29.5,,1036.2,
2024-03-18 00:00:00,-23.9,-29.9,-21,2,,,28.1,,1032.1,
2024-03-19 00:00:00,-27.1,-32.1,-17.1,0,,,24.1,,1031.8,
2024-03-20 00:00:00,-16.3,-17.7,-9.9,0.8,,,34.9,,1016.2,
2024-03-21 00:00:00,-12.2,-15.5,-4.9,0,,,18.4,,1009.8,
2024-03-22 00:00:00,-5.4,-8.2,-1,0.3,,,,,1003.5,
2024-03-23 00:00:00,-4.9,-17.7,-2.1,0.3,,,,,1005,
2024-03-24 00:00:00,-16.3,-17.7,-16,0.3,,,,,,
2024-03-25 00:00:00,-17.1,-18.8,-16,0,,,,,1010.9,
2024-03-26 00:00:00,-19.1,-21,-17.7,0,,,32.4,,1020.3,
2024-03-27 00:00:00,-18.2,-19.9,-12.7,0,,,34.9,,1019.3,
2024-03-28 00:00:00,-12.6,-14.3,-9.9,0,,,10.8,,1017.5,
2024-03-29 00:00:00,-11.5,-12.7,-9.9,0,,,4,,1011.3,
2024-03-30 00:00:00,-11.1,-12.7,-8.2,0.3,,,13,,1005.6,
2024-03-31 00:00:00,-10.6,-15.5,-9.3,0.8,,,22.7,,995.9,
2024-04-01 00:00:00,-15.7,-22.7,-12.7,0.3,,,20.2,,1004.5,
2024-04-02 00:00:00,-18.9,-25.5,-17.7,0.3,,,25.9,,1017,
2024-04-03 00:00:00,-23.8,-29.9,-16.6,0,,,16.6,,1013.4,
2024-04-04 00:00:00,-17.5,-21,-13.2,0.3,,,26.3,,1008.3,
2024-04-05 00:00:00,-13.3,-13.8,-9.9,2.3,,,25.2,,1006.8,
2024-04-06 00:00:00,-10.4,-13.8,-8.8,0.8,,,12.6,,1006.2,
2024-04-07 00:00:00,-15.5,-24.3,-12.7,0,,,19.8,,1008.8,
2024-04-08 00:00:00,-24.4,-31,-23.2,0,,,13.7,,1016.2,
2024-04-09 00:00:00,-27.3,-31.6,-22.7,0,,,15.5,,1018.5,
2024-04-10 00:00:00,-25.3,-29.3,-16,0,,,23.8,,1008.2,
2024-04-11 00:00:00,-14.6,-16,-5.5,0.3,,,18.4,,985.9,
2024-04-12 00:00:00,-8.9,-18.2,-6.6,0.3,,,,,992.7,
2024-04-13 00:00:00,-16.9,-18.8,-13.2,0,,,,,1008.6,
2024-04-14 00:00:00,-18.8,-20.5,-16.6,0,,,,,1016.9,
2024-04-15 00:00:00,-11.8,-17.1,-1.6,3.3,,,,,1011.1,
2024-04-16 00:00:00,-2.4,-12.7,2.2,0.8,,,,,1008.7,
2024-04-17 00:00:00,-12.3,-16.6,-12.7,0.3,,,19.1,,1027.8,
2024-04-18 00:00:00,-11.3,-12.7,-6,1.5,,,33.5,,1026.3,
2024-04-19 00:00:00,-5.8,-7.1,-1,0.5,,,24.8,,1021.8,
2024-04-20 00:00:00,-6.9,-13.8,-6.6,0,,,23,,1021.6,
2024-04-21 00:00:00,-15.3,-19.3,-13.8,0,,,19.8,,1021.9,
2024-04-22 00:00:00,-17.1,-20.5,-13.2,0,,,14.4,,1022.9,
2024-04-23 00:00:00,-12.8,-13.2,-10.5,1.8,,,23,,1020.1,
2024-04-24 00:00:00,-11.3,-13.2,-8.8,0.3,,,29.9,,1020.7,
2024-04-25 00:00:00,-9.9,-12.1,-8.8,0.3,,,38.2,,1022.5,
2024-04-26 00:00:00,-11.4,-16.6,-10.5,0,,,32.4,,1023.2,
2024-04-27 00:00:00,-14.3,-18.8,-9.9,0,,,24.5,,1021.3,
2024-04-28 00:00:00,-14.3,-18.8,-11.6,0,,,19.1,,1023.4,
2024-04-29 00:00:00,-11.8,-16,-7.7,0,,,13.3,,,
2024-04-30 00:00:00,-10.7,-13.2,-8.8,0,,,20.9,,,
2024-05-01 00:00:00,-10.4,-14.9,-7.1,0,,,12.6,,,
2024-05-02 00:00:00,-7,-9.3,-5.5,0,,,9.4,,,
2024-05-03 00:00:00,-8.3,-11.6,-8.8,0,,,18,,,
2024-05-04 00:00:00,-12.1,-14.9,-11.6,0,,,28.1,,1020.9,
2024-05-05 00:00:00,-13.2,-14.9,-9.9,0,,,19.8,,1018,
2024-05-06 00:00:00,-10.8,-11.6,-8.2,0,,,27.7,,1013.4,
2024-05-07 00:00:00,-7.5,-8.2,-4.3,1.3,,,11.2,,1011.2,
2024-05-08 00:00:00,-5.6,-7.7,-3.8,0,,,11.9,,1012.2,
2024-05-09 00:00:00,-4.3,-14.3,-3.8,2.3,,,7.6,,1011.2,
2024-05-10 00:00:00,-8.8,-16.6,-4.9,0,,,18.4,,,
2024-05-11 00:00:00,-7.9,-13.2,-2.7,0,,,7.6,,1011.5,
2024-05-12 00:00:00,-4.9,-7.7,-3.8,1,,,7.9,,1010.6,
2024-05-13 00:00:00,-6.9,-8.2,-3.8,0,,,13,,1012.5,
2024-05-14 00:00:00,-4.9,-7.1,-3.8,0,,,18.7,,1009.5,
2024-05-15 00:00:00,-2.9,-6,3.9,0,,,24.8,,1001.4,
2024-05-16 00:00:00,2.4,-1,3.3,0,,,22,,1005.5,
2024-05-17 00:00:00,0.6,-3.8,2.8,0,,,10.4,,1018.3,
2024-05-18 00:00:00,0.2,-2.1,1.1,0,,,21.6,,1022.4,
2024-05-19 00:00:00,-1.9,-3.2,-0.5,0,,,25.9,,1019.8,
2024-05-20 00:00:00,-1.1,-2.7,-0.5,0,,,23.8,,1019.2,
2024-05-21 00:00:00,-2,-4.9,0,0,,,23.8,,1018.4,
2024-05-22 00:00:00,-2.4,-4.9,0,0,,,26.3,,1015.7,
2024-05-23 00:00:00,-1.9,-3.8,-1,0,,,25.9,,1021.5,
2024-05-24 00:00:00,-2.5,-4.9,-1,0,,,18.4,,1021.9,
2024-05-25 00:00:00,-3.4,-5.5,-1.6,1,,,19.1,,1020,
2024-05-26 00:00:00,-2.1,-2.7,0,0.3,,,30.2,,1022.2,
2024-05-27 00:00:00,-1.1,-2.7,1.1,0,,,24.8,,1017.8,
2024-05-28 00:00:00,0.4,0,2.2,0,,,6.1,,1012.9,
2024-05-29 00:00:00,0.9,-1.6,2.8,0,,,7.2,,1021.2,
2024-05-30 00:00:00,0.6,-1,1.7,0,,,11.9,,1024.8,
2024-05-31 00:00:00,-1,-3.8,1.7,0,,,6.8,,1018.4,
2024-06-01 00:00:00,-0.1,-2.1,2.2,0,,,15.5,,1011.2,
2024-06-02 00:00:00,-1.2,-3.8,-0.5,0,,,15.5,,,
2024-06-03 00:00:00,-1.8,-3.8,-1.6,0.5,,,24.1,,,
2024-06-04 00:00:00,-2.3,-3.2,0,0,,,22.7,,,
2024-06-05 00:00:00,0.3,0,2.2,0,,,14.8,,,
2024-06-06 00:00:00,1.4,0,2.2,0,,,24.8,,,
2024-06-07 00:00:00,1.3,-0.5,1.1,0,,,9,,,
2024-06-08 00:00:00,0.8,-0.5,2.2,0,,,10.8,,,
2024-06-09 00:00:00,1.3,-0.5,2.2,0,,,26.3,,,
2024-06-10 00:00:00,2.7,-0.5,5.6,0,,,26.6,,,
2024-06-11 00:00:00,1.2,-1,2.8,0,,,27.4,,,
2024-06-12 00:00:00,1.3,-1,4.4,0,,,28.1,,,
2024-06-13 00:00:00,3.8,1.1,6.1,0,,,25.6,,,
2024-06-14 00:00:00,2.4,-1,6.7,0,,,12.2,,,
2024-06-15 00:00:00,5.7,1.1,12.8,0,,,10.1,,,
2024-06-16 00:00:00,8.9,5,10,0.3,,,10.4,,,
2024-06-17 00:00:00,3.6,1.1,6.1,1,,,12.2,,,
2024-06-18 00:00:00,2.4,1.1,5,0,,,27,,,
2024-06-19 00:00:00,4.7,1.1,7.8,0,,,20.9,,,
2024-06-20 00:00:00,2.9,-0.5,6.1,0,,,13,,,
2024-06-21 00:00:00,5.4,2.2,9.4,0,,,12.6,,,
2024-06-22 00:00:00,7.7,2.2,11.7,0,,,13,,,
2024-06-23 00:00:00,4.6,0,5,0,,,15.8,,,
2024-06-24 00:00:00,2.6,0.6,5,0,,,15.5,,,
2024-06-25 00:00:00,5.1,1.7,10,0,,,20.2,,,
2024-06-26 00:00:00,11.3,3.9,19.4,0,,,16.6,,,
2024-06-27 00:00:00,13.1,5,13.3,0,,,20.5,,,
2024-06-28 00:00:00,6.2,2.2,10,0,,,15.1,,,
2024-06-29 00:00:00,4.9,2.2,10.6,0,,,7.9,,,
2024-06-30 00:00:00,3.9,1.7,4.4,0,,,10.1,,,
2024-07-01 00:00:00,5.6,1.1,12.2,0,,,14.8,,,
2024-07-02 00:00:00,9.8,6.7,12.2,10.4,,,10.4,,,
2024-07-03 00:00:00,6.2,1.7,6.1,2.8,,,29.2,,,
2024-07-04 00:00:00,2.1,1.1,2.2,0.3,,,15.1,,,
2024-07-05 00:00:00,2.3,0,4.4,0,,,15.8,,,
2024-07-06 00:00:00,1.6,0,3.3,0.3,,,18.7,,,
2024-07-07 00:00:00,1.7,0,2.8,0.3,,,16.6,,,
2024-07-08 00:00:00,1.5,-0.5,8.3,0,,,10.1,,,
2024-07-09 00:00:00,5.9,1.1,7.2,0,,,41.8,,,
2024-07-10 00:00:00,3.3,1.1,5.6,0,,,40.7,,,
2024-07-11 00:00:00,5.1,2.8,8.9,0,,,25.6,,,
2024-07-12 00:00:00,6.3,3.3,8.9,0,,,23.8,,,
2024-07-13 00:00:00,4.4,2.2,7.2,3.6,,,18,,,
2024-07-14 00:00:00,4.2,1.7,5.6,2.3,,,35.6,,,
2024-07-15 00:00:00,2.3,1.1,1.7,7.1,,,20.9,,,
2024-07-16 00:00:00,2.7,1.1,7.2,0.5,,,11.5,,,
2024-07-17 00:00:00,6.4,3.3,10,5.3,,,19.1,,,
2024-07-18 00:00:00,8.8,3.3,12.2,1.3,,,17.3,,,
2024-07-19 00:00:00,8.2,2.2,14.4,0,,,24.8,,,
2024-07-20 00:00:00,4.8,2.2,13.9,0,,,10.1,,,
2024-07-21 00:00:00,8.4,5,11.7,0,,,19.4,,,
2024-07-22 00:00:00,5.2,3.9,6.1,0,,,20.9,,,
2024-07-23 00:00:00,9.6,5.6,18.3,0,,,19.4,,,
2024-07-24 00:00:00,10.8,5.6,13.9,0,,,19.8,,,
2024-07-25 00:00:00,6.4,2.8,8.3,0,,,20.5,,,
2024-07-26 00:00:00,3.4,1.7,3.3,1,,,34.2,,,
2024-07-27 00:00:00,2.7,1.7,3.9,0,,,22.3,,,
2024-07-28 00:00:00,3.2,2.2,4.4,0,,,25.9,,,
2024-07-29 00:00:00,2.7,2.2,3.3,0,,,25.2,,,
2024-07-30 00:00:00,3.6,2.2,7.2,0,,,16.6,,,
2024-07-31 00:00:00,5.8,2.8,8.9,1.3,,,33.1,,,
2024-08-01 00:00:00,3.3,-0.5,3.3,0,,,32,,,
2024-08-02 00:00:00,2.7,0.6,5.6,0,0,,23.4,,,
2024-08-03 00:00:00,6.3,0,12.2,5.1,,,10.8,,,
2024-08-04 00:00:00,11.4,9.4,16.7,5.3,,,18,,,
2024-08-05 00:00:00,15.9,7.8,21.1,0,,,17.3,,,
2024-08-06 00:00:00,12.3,8.3,23.3,0,,,15.1,,,
2024-08-07 00:00:00,16.6,7.8,17.2,0.5,,,13,,,
2024-08-08 00:00:00,10.7,5,15,0,,,13,,,
2024-08-09 00:00:00,5.4,4.4,8.3,0,,,11.5,,,
2024-08-10 00:00:00,8.7,7.2,11.7,13.5,,,11.9,,,
2024-08-11 00:00:00,8.8,7.2,13.3,3.8,,,11.5,,,
2024-08-12 00:00:00,7.6,3.3,10.6,0.8,,,23.8,,,
2024-08-13 00:00:00,8.8,8.9,11.1,1,,,26.6,,,
2024-08-14 00:00:00,6.7,3.3,10.6,0.3,,,13.7,,,
2024-08-15 00:00:00,6.7,5,8.9,1,,,19.1,,,
2024-08-16 00:00:00,7.6,1.7,8.3,1,,,22.7,,,
2024-08-17 00:00:00,4.7,2.2,6.1,0.5,,,21.6,,,
2024-08-18 00:00:00,4.4,2.8,6.1,6.4,,,32,,,
2024-08-19 00:00:00,4.9,1.7,5.6,0,,,24.1,,,
2024-08-20 00:00:00,2.9,1.1,7.2,0.8,,,14.8,,,
2024-08-21 00:00:00,7.1,5.6,10,0.8,,,18.7,,,
2024-08-22 00:00:00,7.6,4.4,8.3,0.3,,,12.2,,,
2024-08-23 00:00:00,3,0.6,4.4,0,,,24.1,,,
2024-08-24 00:00:00,2.3,1.1,2.2,1,,,,,,
2024-08-25 00:00:00,2.1,0,4.4,0,,,18.7,,,
2024-08-26 00:00:00,5.4,1.1,11.7,0,,,18,,,
2024-08-27 00:00:00,7.6,3.9,13.9,0,,,11.5,,,
2024-08-28 00:00:00,8.1,2.8,6.1,0,,,18.4,,,
2024-08-29 00:00:00,2.9,1.1,2.8,0,,,32.4,,,
2024-08-30 00:00:00,2.9,1.7,5,0,,,32.8,,,
2024-08-31 00:00:00,2.7,0,2.8,0,,,29.2,,,
2024-09-01 00:00:00,1.2,0,2.8,0,,,13,,,
2024-09-02 00:00:00,2.8,1.1,7.2,6.1,,,21.6,,,
2024-09-03 00:00:00,4.4,2.2,7.2,1.8,,,23,,,
2024-09-04 00:00:00,7,5,12.2,0,,,15.5,,,
2024-09-05 00:00:00,8.6,4.4,11.7,0,,,9.7,,,
2024-09-06 00:00:00,4.8,2.2,5.6,0,,,22,,,
2024-09-07 00:00:00,2,0.6,3.9,0.3,,,13.7,,,
2024-09-08 00:00:00,4.2,3.3,8.3,0,,,24.8,,,
2024-09-09 00:00:00,8.1,5.6,12.8,0.5,,,12.2,,,
2024-09-10 00:00:00,7.7,2.8,10.6,0,,,8.3,,,
2024-09-11 00:00:00,6.2,1.7,7.2,0,,,13.7,,,
2024-09-12 00:00:00,5.1,2.8,4.4,0,,,20.9,,,
2024-09-13 00:00:00,3.9,2.8,5.6,0.3,,,17.3,,,
2024-09-14 00:00:00,3.8,2.2,5.6,0.3,,,15.1,,,
2024-09-15 00:00:00,4.5,3.3,5.6,0,,,25.9,,,
2024-09-16 00:00:00,4.7,3.9,5.6,0,,,16.6,,997.3,
2024-09-17 00:00:00,4.7,4.4,6.1,0,,,14.8,,1001.6,
2024-09-18 00:00:00,5.2,3.9,5,0,,,15.5,,1004,
2024-09-19 00:00:00,3.9,2.8,7.2,0,,,15.1,,1009.4,
2024-09-20 00:00:00,4.6,2.2,3.9,0.8,,,14.8,,1013,
2024-09-21 00:00:00,1.8,1.1,2.2,0,,,15.1,,1016.5,
2024-09-22 00:00:00,1.6,1.1,2.8,0.5,,,18.4,,1014.5,
2024-09-23 00:00:00,1.8,1.1,2.8,0,,,23.8,,,
2024-09-24 00:00:00,2.2,2.2,2.8,0.3,,,18.7,,,
2024-09-25 00:00:00,2.1,-1,2.8,0.8,,,15.5,,,
2024-09-26 00:00:00,1.4,-0.6,2.8,0,,,11.9,,,
2024-09-27 00:00:00,1.7,0.6,2.2,0.5,,,18.4,,,
2024-09-28 00:00:00,0.9,0,1.1,0,,,18,,,
2024-09-29 00:00:00,0.6,-2.2,2.2,0,,,13,,,
2024-09-30 00:00:00,0.7,-3.3,5.6,0,,,15.5,,,
2024-10-01 00:00:00,1.7,0,2.2,0,,,18.4,,,
2024-10-02 00:00:00,1.4,0,2.2,1,,,7.6,,,
2024-10-03 00:00:00,0.7,-6.6,1.1,5.6,,,14.8,,,
2024-10-04 00:00:00,-0.8,-6,1.7,0,,,14.8,,,
2024-10-05 00:00:00,1.4,0.6,2.2,0,,,9.7,,,
2024-10-06 00:00:00,0.2,-1.6,0.6,0,,,7.9,,,
2024-10-07 00:00:00,0.4,-2.1,0.6,1.8,,,9.7,,,
2024-10-08 00:00:00,-0.8,-1.6,0.6,0.5,,,16.2,,,
2024-10-09 00:00:00,-0.3,-1.6,0.6,0.8,,,15.5,,1009.2,
2024-10-10 00:00:00,0.4,-0.5,1.1,0.5,,,16.2,,1011.4,
2024-10-11 00:00:00,0.3,-0.5,1.1,1,,,11.2,,,
2024-10-12 00:00:00,-0.5,-2.7,0.6,1.3,,,25.9,,1013.3,
2024-10-13 00:00:00,-1.1,-2.1,-0.5,0.5,,,29.5,,1005,
2024-10-14 00:00:00,-1.8,-2.7,-0.5,0.8,,,19.8,,1008.8,
2024-10-15 00:00:00,-3.9,-6.6,-1.6,3,,,20.2,,1004.8,
2024-10-16 00:00:00,-2.3,-3.8,-1,0.8,,,27.7,,1006,
2024-10-17 00:00:00,-3.1,-4.3,-2.7,0,,,27.7,,1015.6,
2024-10-18 00:00:00,-4,-7.1,-2.7,0,,,16.6,,,
2024-10-19 00:00:00,-7.9,-12.1,-7.1,0,,,11.5,,,
2024-10-20 00:00:00,-7.3,-10.5,-1.6,0.8,,,27.4,,,
2024-10-21 00:00:00,0.1,-1.6,2.2,2.3,,,37.8,,,
2024-10-22 00:00:00,-1.2,-3.8,0.6,0.3,,,23,,,
2024-10-23 00:00:00,-1.1,-3.8,0,0.8,,,30.2,,,
2024-10-24 00:00:00,-2.7,-3.8,-1,1.3,,,40,,,
2024-10-25 00:00:00,-3.2,-4.3,-2.7,0.8,,,37.8,,,
2024-10-26 00:00:00,-3.3,-6,-2.1,0.8,,,18.4,,,
2024-10-27 00:00:00,-5.6,-13.2,-3.8,0.8,,,9,,,
2024-10-28 00:00:00,-4.9,-8.8,-3.8,0.8,,,34.6,,,
2024-10-29 00:00:00,-4,-6,-3.8,1.5,,,10.8,,,
2024-10-30 00:00:00,-3.7,-4.3,-2.1,0,,,18.7,,1025,
2024-10-31 00:00:00,-3.9,-4.9,-3.8,0,,,34.2,,1022.5,
2024-11-01 00:00:00,-4.4,-5.5,-4.3,0,,,37.1,,1017.8,
2024-11-02 00:00:00,-4.9,-5.5,-4.3,0,,,32.4,,1012.1,
2024-11-03 00:00:00,-5.3,-6,-4.3,1,,,33.5,,1011.1,
2024-11-04 00:00:00,-5.2,-6.6,-4.3,0.5,,,27.7,,1015.1,
2024-11-05 00:00:00,-6.1,-6.6,-3.8,0.8,,,40,,1009.5,
2024-11-06 00:00:00,-4.7,-5.5,-3.8,3.6,,,46.4,,1003.2,
2024-11-07 00:00:00,-4.7,-6,-4.3,0.3,,,37.8,,1010.3,
2024-11-08 00:00:00,-6.9,-9.9,-5.5,0,,,29.9,,1014.4,
2024-11-09 00:00:00,-8.6,-9.9,-7.7,0.5,,,24.5,,1015.9,
2024-11-10 00:00:00,-8.7,-8.8,-7.7,0.5,,,26.6,,1017.2,
2024-11-11 00:00:00,-9.2,-12.7,-8.2,0,,,26.3,,1017,
2024-11-12 00:00:00,-12.8,-17.7,-11,0.3,,,21.6,,1020.5,
2024-11-13 00:00:00,-13.2,-14.3,-12.1,0.3,,,18,,1022.4,
2024-11-14 00:00:00,-14.1,-16.6,-11.6,0.3,,,15.8,,1017.1,
2024-11-15 00:00:00,-16.4,-17.1,-12.7,0.3,,,27.4,,1009.6,
2024-11-16 00:00:00,-15.1,-17.1,-11.6,0.3,,,22.7,,1011.9,
2024-11-17 00:00:00,-15.4,-18.2,-12.1,0,,,23.4,,1020.2,
2024-11-18 00:00:00,-16.1,-23.8,-13.8,0,,,19.1,,1028.4,
2024-11-19 00:00:00,-19.4,-24.9,-4.9,3,,,35.3,,1016.1,
2024-11-20 00:00:00,-4.9,-8.2,1.1,0.5,,,52.6,,1004.4,
2024-11-21 00:00:00,-8.8,-12.1,-7.7,0,,,24.8,,1029.5,
2024-11-22 00:00:00,-9.8,-11.6,-8.8,0,,,18.7,,1033.6,
2024-11-23 00:00:00,-11.6,-14.9,-11.6,0,,,5,,1023.7,
2024-11-24 00:00:00,-11.3,-14.9,-9.3,0.3,,,12.6,,1015.5,
2024-11-25 00:00:00,-15.6,-19.9,-14.3,0,,,20.9,,1023.7,
2024-11-26 00:00:00,-16.7,-18.8,-13.8,0,,,20.2,,1034,
2024-11-27 00:00:00,-17.3,-24.3,-16.6,0,,,16.9,,1034.8,
2024-11-28 00:00:00,-20.5,-24.9,-6,1.3,,,28.8,,1027.1,
2024-11-29 00:00:00,-9.4,-18.2,-5.5,0.8,,,27.7,,1024.5,
2024-11-30 00:00:00,-17.3,-22.7,-17.1,0,,,8.3,,1037.1,
2024-12-01 00:00:00,-20.7,-25.5,-17.7,0,,,6.8,,,
2024-12-02 00:00:00,-20.8,-21.6,-16,0,,,4.7,,,
2024-12-03 00:00:00,-18.2,-18.2,-15.5,0,,,25.2,,,
2024-12-04 00:00:00,-17.3,-17.1,-14.3,0.3,,,29.5,,,
2024-12-05 00:00:00,-14.6,-14.9,-13.2,0.3,,,21.6,,,
2024-12-06 00:00:00,-16,-21,-14.9,0,,,23.8,,,
2024-12-07 00:00:00,-19.8,-23.3,-18.9,0,,,23,,,
2024-12-08 00:00:00,-21.4,-22.7,-19.9,0,,,27.4,,,
2024-12-09 00:00:00,-18.7,-19.9,-12.1,2,,,46.4,,,
2024-12-10 00:00:00,-12.9,-13.8,-6.6,1.3,,,20.9,,,
2024-12-11 00:00:00,-9.8,-11.6,-8.2,0,,,21.6,,,
2024-12-12 00:00:00,-14.3,-17.7,-9.9,0.3,,,47.2,,,
2024-12-13 00:00:00,-17.2,-17.7,-16.6,0,,,46.1,,,
2024-12-14 00:00:00,-19.9,-22.2,-20,0,,,27.4,,,
2024-12-15 00:00:00,-22.1,-23.2,-15.5,0,,,18.7,,,
2024-12-16 00:00:00,-18.6,-21,-18.2,0,,,33.5,,,
2024-12-17 00:00:00,-18.3,-19.3,-17.7,0,,,29.5,,,
2024-12-18 00:00:00,-18.5,-20.5,-16,0,,,20.2,,,
2024-12-19 00:00:00,-17.4,-20.5,-15.5,0,,,12.2,,,
2024-12-20 00:00:00,-16.8,-21,-15.5,0,,,11.9,,,
2024-12-21 00:00:00,-21,-23.8,-20.5,0,,,15.8,,,
2024-12-22 00:00:00,-21.2,-23.2,-18.8,0,,,20.2,,,
2024-12-23 00:00:00,-23.4,-26.6,-22.7,0,,,17.6,,,
2024-12-24 00:00:00,-25.9,-28.2,-23.2,0,,,13,,,
2024-12-25 00:00:00,-24.9,-31,-22.7,0,,,10.4,,,
2024-12-26 00:00:00,-27.4,-32.7,-21.6,0,,,12.2,,,
2024-12-27 00:00:00,-23.3,-26,-19.9,0,,,12.6,,,
2024-12-28 00:00:00,-23.8,-30.5,-22.1,0,,,18.4,,,
2024-12-29 00:00:00,-30.4,-35.5,-24.9,0,,,19.8,,,
2024-12-30 00:00:00,-32.6,-33.8,-26,0,,,16.9,,,
2024-12-31 00:00:00,-25.6,-27.1,-23.2,0,,,27,,,
2025-01-01 00:00:00,-26.2,-28.2,-24.9,0,,,22.7,,1042.2,
2025-01-02 00:00:00,-27.9,-29.3,-27.1,0,,,19.8,,1044.8,
2025-01-03 00:00:00,-28.6,-30.5,-18.8,0,,,18,,1044.6,
2025-01-04 00:00:00,-22.7,-27.7,-20.5,0,,,19.4,,1040.3,
2025-01-05 00:00:00,-24.4,-27.1,-22.1,0,,,18,,1029.3,
2025-01-06 00:00:00,-23.3,-24.3,-22.7,0,,,23,,1022.2,
2025-01-07 00:00:00,-23.4,-27.1,-21.6,0,,,23.4,,1017.2,
2025-01-08 00:00:00,-26.2,-33.2,-24.3,0,,,10.4,,1021.2,
2025-01-09 00:00:00,-27.8,-32.1,-18.2,0,,,20.5,,1013.1,
2025-01-10 00:00:00,-19.3,-19.9,-18.2,0,,,17.6,,1004.8,
2025-01-11 00:00:00,-17.9,-18.2,-16.6,0,,,20.9,,1004.4,
2025-01-12 00:00:00,-15.7,-16.6,-12.7,1.3,,,46.4,,995.5,
2025-01-13 00:00:00,-11.7,-13.2,-4.3,7.4,,,25.6,,981.6,
2025-01-14 00:00:00,-7.8,-17.1,-3.2,0.5,,,32.8,,997.7,
2025-01-15 00:00:00,-17.8,-23.2,-17.1,0,,,19.1,,1019.8,
2025-01-16 00:00:00,-17.7,-17.7,-13.2,0,,,13,,1028.7,
2025-01-17 00:00:00,-16.3,-19.9,-14.3,0,,,27.4,,1021,
2025-01-18 00:00:00,-11.9,-12.8,-2.2,0,,,24.5,,,
2025-01-19 00:00:00,-3.9,-9.3,-1,0,,,19.1,,997.5,
2025-01-20 00:00:00,-5.3,-20.5,-1.6,0,,,34.9,,998.6,
2025-01-21 00:00:00,-19.4,-28.2,-16.6,0,,,21.2,,1009.2,
2025-01-22 00:00:00,-22.9,-27.1,-17.7,0,,,7.9,,1008.1,
2025-01-23 00:00:00,-19.3,-23.2,-13.8,1,,,28.4,,1008.6,
2025-01-24 00:00:00,-11.1,-16.6,0.6,4.6,,,41,,993.3,
2025-01-25 00:00:00,-17.8,-24.3,-16.6,0,,,39.6,,1003.5,
2025-01-26 00:00:00,-23.3,-26.6,-18.2,0,,,17.6,,1012.7,
2025-01-27 00:00:00,-19.8,-18.8,-17.1,4.1,,,19.1,,1006.7,
2025-01-28 00:00:00,-19.8,-24.9,-16,1.3,,,13.3,,1014.3,
2025-01-29 00:00:00,-22.9,-28.2,-19.9,0,,,22,,1025.5,
2025-01-30 00:00:00,-27.7,-31.6,-27.1,0,,,20.2,,1034.6,
2025-01-31 00:00:00,-30.3,-31.6,-28.8,0,,,11.2,,1034.7,
2025-02-01 00:00:00,-27.7,-31.6,-18.8,0.5,,,25.9,,1028.7,
2025-02-02 00:00:00,-16,-18.8,-3.2,1.3,,,17.3,,1027.7,
2025-02-03 00:00:00,-7.2,-11,-1,0,,,27.4,,1020.6,
2025-02-04 00:00:00,-2.2,-7.7,-1,1.5,,,27.4,,1018.2,
2025-02-05 00:00:00,-12.7,-29.3,-7.7,14.5,,,29.2,,1027.8,
2025-02-06 00:00:00,-30,-33.8,-23.2,3.5,,,25.6,,1025.9,
2025-02-07 00:00:00,-26.7,-32.1,-23.8,0,,,20.2,,1029.7,
2025-02-08 00:00:00,-31.1,-35.5,-22.7,0,,,11.9,,1033,
2025-02-09 00:00:00,-23.2,-22.7,-14.3,0,,,20.2,,1026.9,
2025-02-10 00:00:00,-14.6,-14.3,-8.8,0,,,12.2,,1024.8,
2025-02-11 00:00:00,-11.8,-16.6,-8.8,0,,,13,,1027.4,
2025-02-12 00:00:00,-14.4,-21,-12.7,0,,,27,,1034.7,
2025-02-13 00:00:00,-21.9,-23.8,-20.5,0,,,34.6,,1037.9,
2025-02-14 00:00:00,-22.8,-23.8,-20.5,0,,,43.6,,1027.4,
2025-02-15 00:00:00,-21.3,-23.2,-20.5,0,,,26.6,,1016.7,
2025-02-16 00:00:00,-23.5,-29.3,-18.2,0.8,,,12.2,,1014.8,
2025-02-17 00:00:00,-20.3,-22.7,-19.3,0.8,,,14.4,,1018.2,
2025-02-18 00:00:00,-21.7,-24.3,-19.3,0,,,12.6,,1022.9,
2025-02-19 00:00:00,-22.4,-25.5,-19.3,0,,,9,,1026.7,
2025-02-20 00:00:00,-20.4,-22.7,-17.1,0.5,,,23.4,,1025.8,
2025-02-21 00:00:00,-21.1,-23.2,-20.5,0,,,27,,1017.3,
2025-02-22 00:00:00,-24.1,-26,-23.2,0,,,28.1,,1012.2,
2025-02-23 00:00:00,-24.3,-24.9,-17.1,0,,,24.8,,1014.1,
2025-02-24 00:00:00,-19.6,-24.3,-16.6,0,,,22.7,,1017.1,
2025-02-25 00:00:00,-23.6,-29.9,-23.2,0,,,10.1,,1017.3,
2025-02-26 00:00:00,-27.6,-30.5,-23.8,0,,,16.9,,1016.1,
2025-02-27 00:00:00,-24.1,-24.9,-22.1,0,,,23.8,,1012.3,
2025-02-28 00:00:00,-24.3,-26.6,-23.2,0,,,21.6,,1014.1,
2025-03-01 00:00:00,-25.4,-28.8,-23.8,0,,,19.1,,1015.9,
2025-03-02 00:00:00,-22.1,-26,-15.5,0,,,27.4,,1017.2,
2025-03-03 00:00:00,-15.4,-16.6,-13.2,0,,,34.9,,1016.1,
2025-03-04 00:00:00,-13.7,-13.8,-12.1,0.8,,,34.2,,1010.8,
2025-03-05 00:00:00,-13.2,-14.9,-11.6,0,,,22,,1004.6,
2025-03-06 00:00:00,-12.6,-12.7,-9.3,0,,,10.8,,999.7,
2025-03-07 00:00:00,-12.4,-21,-11,0,,,16.9,,1009.9,
2025-03-08 00:00:00,-19.3,-22.1,-17.7,0.5,,,10.8,,1013.7,
2025-03-09 00:00:00,-17.1,-19.9,-14.3,2.8,,,11.9,,1006.5,
2025-03-10 00:00:00,-17.1,-17.7,-14.3,1.3,,,7.2,,1005.9,
2025-03-11 00:00:00,-15.7,-17.1,-15.5,0.3,,,15.8,,1016.6,
2025-03-12 00:00:00,-17.4,-21.6,-16.6,4.6,,,18.4,,1023.6,
2025-03-13 00:00:00,-21.2,-23.8,-20.5,0,,,27,,,
2025-03-14 00:00:00,-21.6,-22.7,-18.8,0.3,,,40,,,
2025-03-15 00:00:00,-19.9,-21.6,-17.7,0,,,29.2,,,
2025-03-16 00:00:00,-18.4,-21,-16,0.3,,,22.7,,1023.8,
2025-03-17 00:00:00,-20.9,-24.3,-21,0,,,23.4,,1027.3,
2025-03-18 00:00:00,-24.1,-26.6,-21.6,0,,,24.5,,1027.8,
2025-03-19 00:00:00,-23.5,-26.1,-21,,,,36.8,,1015.4,
2025-03-20 00:00:00,-21.5,-22.7,-19.9,6.1,,,14,,1004.2,
2025-03-21 00:00:00,-19.7,-22.7,-16,0,,,20.5,,1005.9,
2025-03-22 00:00:00,-17.8,-18.2,-17.1,12,,,18.7,,1009.8,
2025-03-23 00:00:00,-18.9,-21.6,-17.7,2.8,,,29.2,,1014.1,
2025-03-24 00:00:00,-21.3,-24.9,-18.8,0,,,20.9,,1022.2,
2025-03-25 00:00:00,-23.7,-27.1,-19.9,0,,,18,,1033.7,
2025-03-26 00:00:00,-24,-27.1,-19.9,0,,,18.7,,1037.7,
2025-03-27 00:00:00,-22.5,-25.5,-19.3,0,,,15.8,,1037.5,
2025-03-28 00:00:00,-23.3,-26.6,-19.9,0,,,16.2,,1033.6,
2025-03-29 00:00:00,-24,-28.2,-19.9,0,,,15.5,,1022.6,
2025-03-30 00:00:00,-21.8,-28.2,-2.1,1,,,24.8,,1010.4,
2025-03-31 00:00:00,-6.4,-11.6,-5.5,0,,,34.9,,1005.2,
2025-04-01 00:00:00,-12.2,-16,-12.7,0,,,41,,1005.4,
2025-04-02 00:00:00,-18,-24.3,-16,0,,,10.4,,1010.7,
2025-04-03 00:00:00,-20.7,-25.5,-17.7,0,,,13,,1017.4,
2025-04-04 00:00:00,-20.3,-23.2,-15.5,0,,,15.5,,1021.1,
2025-04-05 00:00:00,-14.5,-13.8,-12.1,0,,,27,,1011.1,
2025-04-06 00:00:00,-13.4,-17.7,-13.2,2.5,,,19.1,,1002.3,
2025-04-07 00:00:00,-20.9,-29.3,-17.7,0,,,20.2,,1003.4,
2025-04-08 00:00:00,-23.8,-28.8,-16.6,0,,,8.3,,1009.2,
2025-04-09 00:00:00,-16.2,-17.1,-12.7,1.8,,,3.2,,1012.4,
2025-04-10 00:00:00,-12.8,-19.9,-10.5,0.8,,,6.8,,1015.9,
2025-04-11 00:00:00,-19,-26.6,-12.1,0,,,16.6,,1021.5,
2025-04-12 00:00:00,-13,-14.3,-8.8,0,,,26.6,,1022.2,
2025-04-13 00:00:00,-10.3,-12.7,-8.8,0,,,27.7,,1015.8,
2025-04-14 00:00:00,-11.1,-13.2,-9.9,0,,,27,,1009.6,
2025-04-15 00:00:00,-12.6,-14.9,-12.1,0,,,17.3,,,
2025-04-16 00:00:00,-13.4,-14.9,-10.5,0,,,22.7,,1019.5,
2025-04-17 00:00:00,-12.4,-13.8,-11,0,,,46.8,,,
2025-04-18 00:00:00,-12.1,-12.7,-11,0,,,41.4,,,
2025-04-19 00:00:00,-13,-14.3,-11.6,0,,,25.6,,1022.5,
2025-04-20 00:00:00,-13.4,-16,-11.6,0,,,19.8,,1025.8,
2025-04-21 00:00:00,-13.4,-16,-11,0,,,23,,1024,
2025-04-22 00:00:00,-13.5,-16,-12.1,0,,,20.5,,1028.4,
2025-04-23 00:00:00,-12.8,-13.8,-11,0,,,21.2,,1034.2,
2025-04-24 00:00:00,-13.9,-17.1,-8.8,0,,,18.7,,1030.8,
2025-04-25 00:00:00,-12.7,-14.9,-8.8,0,,,34.6,,1025.9,
2025-04-26 00:00:00,-10.9,-13.8,-8.2,0.5,,,36,,1024.3,
2025-04-27 00:00:00,-12,-14.9,-10.5,0,,,27.4,,1024.6,
2025-04-28 00:00:00,-12.9,-15.5,-9.9,0,,,19.4,,1019.9,
2025-04-29 00:00:00,-13.3,-16,-12.7,0,,,26.6,,,
2025-04-30 00:00:00,-14.4,-16,-12.1,0,,,27,,,
2025-05-01 00:00:00,-13.7,-16,-8.8,0,,,23.8,,1017.9,
2025-05-02 00:00:00,-11.7,-15.5,-7.1,0,,,30.2,,1014.2,
2025-05-03 00:00:00,-11,-13.8,-8.2,0,,,30.2,,1017,
2025-05-04 00:00:00,-11.1,-13.8,-8.8,0,,,30.6,,1023.9,
2025-05-05 00:00:00,-9,-8.8,-7.1,0,,,43.2,,1022.8,
2025-05-06 00:00:00,-8.6,-11.6,-3.8,0,,,31.3,,1014.9,
2025-05-07 00:00:00,-6.9,-12.1,-3.8,0,,,25.9,,,
2025-05-08 00:00:00,-10.1,-14.3,-8.2,0,,,18,,1020.1,
2025-05-09 00:00:00,-8.9,-10.5,-7.1,0,,,11.9,,1020.8,
2025-05-10 00:00:00,-9.7,-11,-7.1,0,,,24.1,,1017.2,
2025-05-11 00:00:00,-6.4,-8.2,-1.6,0,,,21.2,,1019.5,
2025-05-12 00:00:00,-5.9,-7.7,-4.9,0,,,16.9,,1020.8,
2025-05-13 00:00:00,-6.7,-7.7,-6,0,,,14.4,,1021.9,
2025-05-14 00:00:00,-8.1,-10.5,-6,0,,,22.3,,1021.2,
2025-05-15 00:00:00,-8.4,-12.1,-4.3,0,,,16.6,,1014,
2025-05-16 00:00:00,-7.3,-11,-4.3,0,,,14,,1008.2,
2025-05-17 00:00:00,-5.6,-6.6,-4.3,0,,,8.3,,1006.9,
2025-05-18 00:00:00,-6.8,-9.3,-3.8,0,,,16.2,,1013.7,
2025-05-19 00:00:00,-4.1,-4.3,-2.7,0,,,6.5,,1019.1,
2025-05-20 00:00:00,-3.7,-4.9,-2.1,0.3,,,8.6,,1019.8,
2025-05-21 00:00:00,-3.7,-4.3,-2.1,0,,,20.9,,1022.5,
2025-05-22 00:00:00,-4,-5.5,-3.8,0,,,19.1,,1021.5,
2025-05-23 00:00:00,-3.6,-3.8,-1.6,0.3,,,7.6,,1017.2,
2025-05-24 00:00:00,-3.1,-4.3,-1,0,,,7.6,,1009.7,
2025-05-25 00:00:00,-2.6,-3.8,-1.6,0,,,11.9,,1007.2,
2025-05-26 00:00:00,-3.2,-6,0,0,,,19.8,,1002.8,
2025-05-27 00:00:00,-2.3,-4.9,-1,0,,,15.1,,1001.9,
2025-05-28 00:00:00,-3.9,-6,-2.7,0.3,,,13,,1004.5,
2025-05-29 00:00:00,-4.2,-6,-2.7,0,,,10.4,,1000.8,
2025-05-30 00:00:00,-3.8,-6,-2.7,0,,,16.2,,1001.7,
2025-05-31 00:00:00,-4.5,-6.6,-1,3.6,,,25.9,,1007.6,
2025-06-01 00:00:00,-2.9,-5.5,-2.1,0,,,19.8,,1022.4,
2025-06-02 00:00:00,-5,-6.6,-2.7,0,,,19.1,,1024.3,
2025-06-03 00:00:00,-4.1,-5.5,-2.1,0,,,23.2,,1019.7,
2025-06-04 00:00:00,-4,-5.5,-3.2,0,,,18,,1014.2,
2025-06-05 00:00:00,-3.5,-6,-0.5,0.3,,,19.8,,1012.4,
2025-06-06 00:00:00,-1.9,-3.8,0.6,0,,,11.9,,1017,
2025-06-07 00:00:00,-0.6,-1.6,0.6,0,,,18.4,,1016.9,
2025-06-08 00:00:00,-1.3,-3.8,0,4.1,,,23.8,,1013.3,
2025-06-09 00:00:00,-0.8,-2.7,1.7,0,,,14.4,,1016.6,
2025-06-10 00:00:00,2.1,0.6,6.7,0,,,10.8,,1017.1,
2025-06-11 00:00:00,3.5,1.7,6.7,0,,,14.4,,1016.9,
2025-06-12 00:00:00,4.3,2.2,8.9,0,,,12.6,,1016,
2025-06-13 00:00:00,6.3,2.8,11.7,0.3,,,15.8,,1010.6,
2025-06-14 00:00:00,6.2,3.3,10.6,3,,,17.6,,1011.4,
2025-06-15 00:00:00,7.6,3.9,11.7,0,,,14,,1016.9,
2025-06-16 00:00:00,5.8,3.3,9.4,0,,,18.7,,1019.9,
2025-06-17 00:00:00,6.4,2.8,9.4,0,,,24.5,,1019.2,
2025-06-18 00:00:00,5.5,2.8,11.1,0,,,22.7,,1017.3,
2025-06-19 00:00:00,6.4,2.8,8.9,0,,,8.6,,1016.1,
2025-06-20 00:00:00,6.4,1.7,14.4,0,,,8.6,,1013.7,
2025-06-21 00:00:00,12.2,5,16.7,0,,,15.5,,1012.1,
2025-06-22 00:00:00,7.3,2.8,12.2,0,,,14.4,,1011.8,
2025-06-23 00:00:00,5.5,2.2,8.3,0,,,17.6,,1011.9,
2025-06-24 00:00:00,4.4,0.6,5.6,0,,,27.7,,1008.2,
2025-06-25 00:00:00,2.2,0.6,6.7,0,,,12.6,,1008.4,
2025-06-26 00:00:00,2.4,0.6,2.8,0,,,13.3,,1009.6,
2025-06-27 00:00:00,1.7,0,5,0,,,21.6,,1007.1,
2025-06-28 00:00:00,3.9,1.1,10,0,,,15.1,,1006.7,
2025-06-29 00:00:00,6.4,1.1,16.1,0,,,9.7,,1010.3,
2025-06-30 00:00:00,12.3,5.6,17.2,0,,,11.5,,1011.7,
2025-07-01 00:00:00,12.1,5.6,20,0,,,23.8,,1011,
2025-07-02 00:00:00,9.4,2.8,11.7,0,,,22.3,,1012.6,
2025-07-03 00:00:00,6.4,2.8,10,0,,,15.8,,1013.3,
2025-07-04 00:00:00,7.5,2.8,18.9,0,,,11.2,,1015.8,
2025-07-05 00:00:00,12,3.9,17.2,0,,,10.8,,1015.7,
2025-07-06 00:00:00,6.8,1.1,8.3,0,,,11.2,,1011.3,
2025-07-07 00:00:00,2.6,1.1,3.3,0,,,16.2,,1008.2,
2025-07-08 00:00:00,1.4,0.6,2.8,0,,,13.7,,1010.8,
2025-07-09 00:00:00,1.3,0,2.8,0,,,16.9,,1013.6,
2025-07-10 00:00:00,1.3,0.6,2.2,0.5,,,19.1,,1010.1,
2025-07-11 00:00:00,1.3,0,3.9,0,,,16.9,,1009.5,
2025-07-12 00:00:00,2.1,0,6.7,0,,,14.4,,1014,
2025-07-13 00:00:00,7.8,2.2,20.6,0.5,,,14.4,,1013.1,
2025-07-14 00:00:00,11.3,5,12.8,0.3,,,19.8,,1010.9,
2025-07-15 00:00:00,8.2,5,10.6,0,,,15.1,,1013.7,
2025-07-16 00:00:00,8.7,5,13.9,1.3,,,12.6,,1016.5,
2025-07-17 00:00:00,6.4,2.8,8.9,0,,,16.9,,1019.2,
2025-07-18 00:00:00,3.2,1.7,4.4,0,,,33.5,,1022,
2025-07-19 00:00:00,3.1,1.7,4.4,0,,,37.1,,1021.8,
2025-07-20 00:00:00,3.4,1.7,6.1,0,,,30.6,,1017.5,
2025-07-21 00:00:00,4.6,3.3,15.6,1.8,,,11.9,,1011.4,
2025-07-22 00:00:00,8.9,5,11.1,2.8,,,13.3,,1014,
2025-07-23 00:00:00,7.3,4.4,8.3,0,,,22.3,,1017.7,
2025-07-24 00:00:00,5.8,3.9,9.4,0,,,28.1,,1022,
2025-07-25 00:00:00,7.3,5,10,0,,,23,,1027,
2025-07-26 00:00:00,6.6,4.4,8.3,0,,,27.4,,1024.6,
2025-07-27 00:00:00,5.5,3.9,7.2,0,,,27.4,,1015.4,
2025-07-28 00:00:00,9.3,5.6,14.4,2.5,,,15.5,,1010.4,
2025-07-29 00:00:00,9.4,2.8,9.4,2.5,,,19.1,,1009.6,
2025-07-30 00:00:00,3.3,2.2,5,0,,,16.9,,1017.2,
2025-07-31 00:00:00,5.9,2.8,18.9,0,,,7.2,,1017.4,
2025-08-01 00:00:00,14.1,8.3,16.1,0,,,22.7,,1015.1,
2025-08-02 00:00:00,13.6,11.1,15.6,0,,,11.2,,1012.8,
2025-08-03 00:00:00,13.1,3.9,15,1,,,19.1,,1006.2,
2025-08-04 00:00:00,5,2.2,4.4,1.3,,,16.2,,1013,
2025-08-05 00:00:00,3.7,1.7,6.7,0,,,13.7,,1013.9,
2025-08-06 00:00:00,4.8,2.2,5,0,,,17.3,,1015.4,
2025-08-07 00:00:00,4.3,2.8,7.8,0,,,16.9,,1016.4,
2025-08-08 00:00:00,5.8,1.7,10,0,,,12.2,,1007.6,
2025-08-09 00:00:00,6.3,1.7,7.8,2.3,,,11.2,,1005,
2025-08-10 00:00:00,4.1,2.8,5.6,0.3,,,14.8,,1011,
2025-08-11 00:00:00,6.8,5.6,10.6,0.3,,,17.3,,1014.3,
2025-08-12 00:00:00,11,8.9,15,0.5,,,31,,1008,
2025-08-13 00:00:00,7.2,1.1,11.7,6.4,,,21.2,,1008.1,
2025-08-14 00:00:00,1.7,-1,3.9,1.8,,,16.6,,1012.8,
2025-08-15 00:00:00,2.3,-2.1,8.9,0,,,9.4,,1016.4,
2025-08-16 00:00:00,5.5,0,12.2,0.3,,,25.6,,1014.3,
2025-08-17 00:00:00,6.7,1.1,9.4,1.3,,,14,,1013,
2025-08-18 00:00:00,4.2,3.3,5.6,3.3,,,19.8,,1011.6,
2025-08-19 00:00:00,4.7,2.8,8.9,0,,,30.6,,1014.1,
2025-08-20 00:00:00,7.1,6.1,8.9,2,,,24.1,,1012.2,
2025-08-21 00:00:00,7.3,0.6,8.9,3.3,,,27.7,,1007.8,
2025-08-22 00:00:00,2.3,1.7,5.6,0.5,,,14.4,,1015.5,
2025-08-23 00:00:00,3.3,1.7,3.3,0.3,,,20.9,,1007.4,
2025-08-24 00:00:00,1.6,-0.5,5.6,0,,,29.2,,1011.3,
2025-08-25 00:00:00,3.8,1.1,5,0.5,,,19.1,,1003.4,
2025-08-26 00:00:00,0.5,-1,0.6,0,,,18.4,,1005.6,
2025-08-27 00:00:00,-0.8,-0.6,2.2,0,,,25.9,,1008.6,
2025-08-28 00:00:00,0.5,-1.1,1.7,3.6,,,18.5,,1009.3,
2025-08-29 00:00:00,0.8,-0.6,0.6,4.6,,,26.7,,1007,
2025-08-30 00:00:00,1.4,-0.6,5.6,0,,,13.8,,1016.2,
2025-08-31 00:00:00,4.8,-3.3,11.7,0,,,20.8,,1013.1,
2025-09-01 00:00:00,10.3,6.7,14.4,2,,,22.3,,1003.7,
2025-09-02 00:00:00,5.2,1.7,10,1.5,,,18.6,,1005.9,
2025-09-03 00:00:00,7,1.7,10.6,0,,,13.4,,1010.1,
2025-09-04 00:00:00,3.9,0,7.2,0,,,17.5,,1006.2,
2025-09-05 00:00:00,2.4,-2.2,5,0.8,,,15.5,,1011.4,
2025-09-06 00:00:00,4.8,1.7,8.9,0,,,18.2,,1007.1,
2025-09-07 00:00:00,3.1,-0.6,6.1,0,,,10.1,,1004,
2025-09-08 00:00:00,1.7,0,3.3,0,,,11,,1008.8,
2025-09-09 00:00:00,1.8,0.6,2.2,2.3,,,13.5,,1011.6,
2025-09-10 00:00:00,1.7,0,3.3,0,,,22.6,,1011.4,
2025-09-11 00:00:00,0.2,-1.1,0.6,5.8,,,32,,1008.9,
2025-09-12 00:00:00,0.9,0,2.2,4.8,,,18.3,,1004.2,
2025-09-13 00:00:00,0.8,-0.6,2.8,0,,,25.7,,1007.9,
2025-09-14 00:00:00,2.4,0,5,0,,,17.7,,1013.4,
2025-09-15 00:00:00,2.4,0,4.4,0,,,10.5,,1017,
2025-09-16 00:00:00,1.2,0.6,2.2,0.8,,,20.1,,1017,
2025-09-17 00:00:00,1.4,0.6,1.7,0.3,,,21.2,,1011.8,
2025-09-18 00:00:00,1.9,0.6,3.3,0,,,9.6,,1006.2,
2025-09-19 00:00:00,0.2,-1.1,1.1,0.3,,,19.3,,1003.8,
2025-09-20 00:00:00,-0.2,-1.1,0.6,0,,,23.5,,1000.5,
2025-09-21 00:00:00,0,-0.6,1.7,0,,,24,,996.9,
2025-09-22 00:00:00,-0.1,-1.1,1.1,0.3,,,22.8,,998.8,
2025-09-23 00:00:00,0.7,-0.6,1.1,0.8,,,17.4,,999.5,
2025-09-24 00:00:00,0,-1.1,1.1,2,,,18.5,,997.5,
2025-09-25 00:00:00,-1.3,-2.2,-0.6,1.3,,,23.6,,998.4,
2025-09-26 00:00:00,-1.1,-2.2,0,1.3,,,20.8,,1002.5,
2025-09-27 00:00:00,-1.7,-3.9,-1.1,0,,,10.5,,1008.9,
2025-09-28 00:00:00,-1.7,-3.3,-1.1,3,,,20.4,,1011.7,
2025-09-29 00:00:00,-2.4,-3.9,-1.7,0,,,14.3,,1016.2,
2025-09-30 00:00:00,-3.2,-5.6,-2.2,0.5,,,13.3,,1016.4,
2025-10-01 00:00:00,-3.9,-5,-3.3,0,,,20.5,,1006.2,
2025-10-02 00:00:00,-4.5,-7.2,-3.3,0,,,8.1,,999.7,
2025-10-03 00:00:00,-3.3,-5.6,-2.2,0,,,12.9,,1007,
2025-10-04 00:00:00,-5.7,-10.6,-2.2,0,,,14.3,,1015.6,
2025-10-05 00:00:00,-1.2,-2.2,0,0,,,40.5,,1008.1,
2025-10-06 00:00:00,0.2,-0.6,0.6,1,,,17,,1002.2,
2025-10-07 00:00:00,-0.7,-1.1,0.6,1.8,,,11.3,,,
2025-10-08 00:00:00,2,0.6,3.3,9.7,,,13.1,,,
2025-10-09 00:00:00,0.7,-3.3,2.2,2.8,,,20.8,,,
2025-10-10 00:00:00,-1.9,-2.8,-0.6,0,,,18,,,
2025-10-11 00:00:00,-1.4,-3.9,0,0.3,,,17,,1016.4,
2025-10-12 00:00:00,-1.2,-4.4,0.6,4.6,,,30.5,,989.3,
2025-10-13 00:00:00,-1.2,-2.8,0,2,,,16.4,,992.3,
2025-10-14 00:00:00,-4.8,-7.8,-0.6,0,,,20.2,,998.5,
2025-10-15 00:00:00,-5.5,-10.6,-3.3,0,,,14.9,,1000,
2025-10-16 00:00:00,-2.1,-5,-0.6,0.3,,,,,1000.1,
2025-10-17 00:00:00,-1.8,-2.8,-0.6,0,,,30.9,,1005.6,
2025-10-18 00:00:00,-2.5,-6.1,-1.1,2,,,23.1,,1008.9,
2025-10-19 00:00:00,-3.7,-8.3,-1.1,4.1,,,17.3,,1009.7,
2025-10-20 00:00:00,-7,-10,-1.7,0.3,,,11.4,,1012.6,
2025-10-21 00:00:00,-7.7,-11.7,-1.7,0,,,12.7,,1011.7,
2025-10-22 00:00:00,-6.6,-10.6,-3.9,0,,,18.8,,1004.6,
2025-10-23 00:00:00,-4.5,-6.1,-2.8,0.3,,,29.1,,995.5,
2025-10-24 00:00:00,-4.5,-6.1,-3.3,0,,,12.5,,998.3,
2025-10-25 00:00:00,-8.1,-16.1,-4.4,1.3,,,11.2,,1004,
2025-10-26 00:00:00,-9.7,-15,-5,2.8,,,15.5,,1009.7,
2025-10-27 00:00:00,-11.8,-22.8,-5.6,0.3,,,16,,1017.5,
2025-10-28 00:00:00,-18,-23.3,-12.8,0,,,16.8,,1016.5,
2025-10-29 00:00:00,-13.4,-21.1,-7.2,0,,,9.5,,1012.6,
2025-10-30 00:00:00,-6.5,-8.3,-5,0,,,25.6,,1005.8,
2025-10-31 00:00:00,-5.2,-5.6,-3.9,0.3,,,36,,998.8,
2025-11-01 00:00:00,-5.9,-7.2,-4.4,0,,,37.8,,997.5,
2025-11-02 00:00:00,-4.2,-5,-3.9,0,,,45.6,,1003.2,
2025-11-03 00:00:00,-3.7,-5,-2.8,0,,,28.5,,1008.7,
2025-11-04 00:00:00,-8.5,-15,-3.9,0,,,13.2,,1011.1,
2025-11-05 00:00:00,-9.9,-16.7,-5,0,,,5.8,,1009,
2025-11-06 00:00:00,-5.2,-6.1,-3.3,3,,,28,,1004.2,
2025-11-07 00:00:00,-6,-6.7,-5,0.5,,,18,,1004.6,
2025-11-08 00:00:00,-6.5,-8.9,-4.4,0.3,,,15.3,,1016.8,
2025-11-09 00:00:00,-7,-8.3,-5,0.3,,,23,,1013.5,
2025-11-10 00:00:00,-7.5,-8.9,-6.1,0.5,,,14.5,,1010,
2025-11-11 00:00:00,-6.5,-7.8,-5,0,,,15.5,,1017,
2025-11-12 00:00:00,-9.3,-13.3,-5.6,0,,,22.6,,1017.8,
2025-11-13 00:00:00,-14.5,-15.6,-12.8,0,,,29,,1019.1,
2025-11-14 00:00:00,-14.4,-16.7,-13.3,0,,,26,,1020.7,
2025-11-15 00:00:00,-15.2,-17.2,-13.3,0.3,,,30.9,,1022.7,
2025-11-16 00:00:00,-15.3,-16.7,-13.9,0,,,26.8,,1013.8,
2025-11-17 00:00:00,-15.8,-18,-14,0,,,20.6,,1001,
2025-11-18 00:00:00,-13.5,-15,-12,0,,,28.5,,996,
2025-11-19 00:00:00,-13.4,-17.2,-8.9,0,,,17.2,,994.9,
2025-11-20 00:00:00,-8.8,-11.7,-7.2,0,,,30.6,,986.5,
2025-11-21 00:00:00,-12.2,-14.4,-11.1,0,,,12.1,,991.1,
2025-11-22 00:00:00,-11.9,-15.6,-10,0,,,6.7,,1009.2,
2025-11-23 00:00:00,-12,-14.4,-10.6,0,,,11.1,,1022.9,
2025-11-24 00:00:00,-11,-14.4,-7.2,0,,,14.8,,1029.5,
2025-11-25 00:00:00,-16.9,-21.1,-11.1,0,,,17.8,,1037.9,
2025-11-26 00:00:00,-22,-23.9,-20,0,,,15.8,,1035.9,
2025-11-27 00:00:00,-18.9,-21.1,-16.7,0,,,29.4,,1026.7,
2025-11-28 00:00:00,-17.8,-22.2,-8.3,0,,,23.8,,1017.5,
2025-11-29 00:00:00,-5.5,-9.4,-3.9,1.3,,,23.8,,1019,
2025-11-30 00:00:00,-9.9,-14.4,-8.3,1,,,7.6,,1016.2,
2025-12-01 00:00:00,-13.7,-17.8,-10.6,0.8,,,20.8,,1017.5,
2025-12-02 00:00:00,-20.4,-22.8,-17.8,0,,,19.7,,1024.5,
2025-12-03 00:00:00,-24.7,-31.7,-22.2,0,,,13.8,,1026.5,
2025-12-04 00:00:00,-26.4,-31.1,-23.9,0,,,10.7,,1027.5,
2025-12-05 00:00:00,-24.8,-30.6,-20.6,0,,,7.6,,1033.5,
2025-12-06 00:00:00,-33.5,-37.2,-28.3,0,,,10.2,,1037.1,
2025-12-07 00:00:00,-30.1,-36.1,-22.2,0,,,20.7,,1027.7,
2025-12-08 00:00:00,-13.5,-23.3,-9.4,1.3,,,22.9,,1014.6,
2025-12-09 00:00:00,-15.9,-17.8,-9.4,0.3,,,21,,1017,
2025-12-10 00:00:00,-19.8,-22.2,-16.1,0,,,23,,1023.9,
2025-12-11 00:00:00,-11.5,-17.2,-3.3,4.3,,,30.5,,1015.3,
2025-12-12 00:00:00,-13,-20,-3.3,9.4,,,47,,1011.7,
2025-12-13 00:00:00,-20,-21,-19,,,,34.7,,1028.7,
2025-12-14 00:00:00,-21.7,-24.4,-20,0,,,17.3,,1025.3,
2025-12-15 00:00:00,-21,-22.8,-17.8,1,,,12.7,,1009.5,
2025-12-16 00:00:00,-16,-19.4,-12.8,1.8,,,28.6,,1010.8,
2025-12-17 00:00:00,-16,-18.3,-15,0.5,,,29.7,,1019.9,
2025-12-18 00:00:00,-16.9,-19.4,-15.6,0,,,17.4,,1017.7,
2025-12-19 00:00:00,-14.6,-19.4,-12.2,0,,,28.9,,1018.5,
2025-12-20 00:00:00,-21.8,-30.6,-12.2,0.3,,,10,,,
2025-12-21 00:00:00,-24.3,-31.1,-15,0,,,7.9,,,
2025-12-22 00:00:00,-13,-17.2,-11.7,4.6,,,7.3,,1011.9,
2025-12-23 00:00:00,-12.5,-16.7,-8.9,5.3,,,7.4,,1010,
2025-12-24 00:00:00,-17.2,-23.9,-13.3,6.1,,,19.4,,1011.2,
2025-12-25 00:00:00,-27.3,-32.2,-21.7,0,,,11.6,,1025,
2025-12-26 00:00:00,-34.3,-38.9,-27.8,0,,,13.4,,1027.8,
2025-12-27 00:00:00,-37.5,-40,-33.9,0,,,12.3,,1032.7,
2025-12-28 00:00:00,-31.1,-35,-27.2,0,,,25.1,,1030.5,
2025-12-29 00:00:00,-17.7,-27.2,-8.9,,,,24,,1022.2,
2025-12-30 00:00:00,-10.4,-15,-8.9,,,,17.4,,1021.3,
2025-12-31 00:00:00,-24,-30,-13.9,0.3,,,21.4,,1033.8,
2026-01-01 00:00:00,-31.2,-34.4,-28.3,0,,,8.6,,1036.9,
2026-01-02 00:00:00,-31.6,-34.4,-28.9,0,,,4.8,,1032.8,
2026-01-03 00:00:00,-31.2,-33.9,-29.4,0,,,7.5,,1028.3,
2026-01-04 00:00:00,-32.5,-33.9,-30.6,0.5,,,10.9,,1022.1,
2026-01-05 00:00:00,-29.8,-31.7,-25,1.8,,,20.1,,1006.7,
2026-01-06 00:00:00,-27.4,-29.4,-27.2,0.8,,,20.3,,1006.2,
2026-01-07 00:00:00,-30,-32.8,-28.9,0,,,10.8,,1015.2,
2026-01-08 00:00:00,-32.2,-33.9,-31.1,0,,,12.2,,1021.5,
2026-01-09 00:00:00,-31,-32.2,-27.8,0,,,14,,1018,
2026-01-10 00:00:00,-30.4,-34.4,-30,0,,,12.1,,1013.3,
2026-01-11 00:00:00,-33.8,-37.8,-31.1,0,,,6.3,,1014,
2026-01-12 00:00:00,-32.1,-33.9,-30,0,,,13.7,,,
2026-01-13 00:00:00,-31.4,-33.9,-27.2,,,,20.1,,,
2026-01-14 00:00:00,-28.3,-31.1,-26.1,,,,16.2,,1017.2,
2026-01-15 00:00:00,-32.8,-35,-28.9,,,,12.3,,1035.5,
2026-01-16 00:00:00,-30.8,-37.2,-26.1,0,,,23.7,,1028.2,
2026-01-17 00:00:00,-24.2,-26.7,-19.4,0.8,,,26.5,,1026,
2026-01-18 00:00:00,-11.5,-19.4,-2.8,11.7,,,23.4,,1019.7,
2026-01-19 00:00:00,-18.2,-24.4,-3.3,1.3,,,21.1,,1034,
2026-01-20 00:00:00,-18.5,-25,-16.1,0,,,28,,1035.4,
2026-01-21 00:00:00,-15.8,-16.1,-12.8,,,,14.5,,1032.3,
2026-01-22 00:00:00,-5.9,-12.8,-2.2,0,,,18.6,,1027.2,
2026-01-23 00:00:00,-2.7,-7.2,-0.6,5.3,,,25.1,,1021.7,
2026-01-24 00:00:00,-11,-23.3,-7.2,0,,,19,,1032.4,
2026-01-25 00:00:00,-22.4,-27.8,-23.3,0,,,18.2,,1039.3,
2026-01-26 00:00:00,-23.2,-28.9,-20,0.3,,,29.6,,1032.4,
2026-01-27 00:00:00,-28.1,-31.1,-25.6,0,,,34.9,,1031,
2026-01-28 00:00:00,-22.4,-25.6,-20,0.5,,,44,38,,
2026-01-29 00:00:00,,,,,,,,,,
2026-01-30 00:00:00,,,,,,,,,,
2026-01-31 00:00:00,,,,,,,,,,
2026-02-01 00:00:00,,,,,,,,,,
2026-02-02 00:00:00,,,,,,,,,,
