Time,node-03 / Temperature,node-03 / PM2_5,node-03 / PM10_0,node-04 / Temperature,node-04 / PM2_5,node-04 / PM10_0,node-05 / Temperature,node-05 / PM2_5,node-05 / PM10_0,node-06 / Temperature,node-06 / PM2_5,node-06 / PM10_0,node-07 / Temperature,node-07 / PM2_5,node-07 / PM10_0,node-08 / Temperature,node-08 / PM2_5,node-08 / PM10_0,node-09 / Temperature,node-09 / PM2_5,node-09 / PM10_0,node-10 / Temperature,node-10 / PM2_5,node-10 / PM10_0,node-11 / Temperature,node-11 / PM2_5,node-11 / PM10_0,node-12 / Temperature,node-12 / PM2_5,node-12 / PM10_0,node-13 / Temperature,node-13 / PM2_5,node-13 / PM10_0,node-14 / Temperature,node-14 / PM2_5,node-14 / PM10_0,node-15 / Temperature,node-15 / PM2_5,node-15 / PM10_0,node-16 / Temperature,node-16 / PM2_5,node-16 / PM10_0,node-17 / Temperature,node-17 / PM2_5,node-17 / PM10_0,node-18 / Temperature,node-18 / PM2_5,node-18 / PM10_0,node-19 / Temperature,node-19 / PM2_5,node-19 / PM10_0
06-01-2025 00:00,22.675406,3.0,3.0,-2.890417,3.0,3.0,,,,-13.18018,4.0,5.0,0.0,0.0,0.0,24.0,0.0,0.0,6.0,0.0,0.0,0.0,0.0,0.0,7.0,0.0,0.0,-1.0,0.0,0.0,0.0,0.0,1.0,0.0,1.0,1.0,-1.0,0.0,0.0,-1.0,0.0,0.0,-1.0,0.0,0.0,-1.0,999.0,999.0,5.0,0.0,0.0
06-01-2025 01:00,22.153349,3.0,3.0,-3.221206,20.0,25.0,,,,-13.934009,5.0,6.0,0.0,0.0,0.0,24.0,0.0,0.0,,,,0.0,0.0,0.0,5.0,0.0,0.0,-1.0,0.0,0.0,0.0,0.0,0.0,-1.0,0.0,3.0,-1.0,0.0,0.0,-2.0,0.0,0.0,-2.0,0.0,0.0,-1.0,999.0,999.0,3.0,0.0,0.0
06-01-2025 02:00,22.153349,3.0,3.0,-3.221206,3.0,3.0,,,,-13.934009,4.0,5.0,-1.0,0.0,0.0,23.0,0.0,1.0,4.0,0.0,0.0,0.0,0.0,0.0,7.0,0.0,0.0,-1.0,0.0,0.0,0.0,0.0,0.0,-1.0,0.0,1.0,-1.0,0.0,0.0,-2.0,0.0,0.0,-2.0,0.0,0.0,-2.0,999.0,999.0,5.0,0.0,0.0
06-01-2025 03:00,21.830848,3.0,3.0,-3.551994,3.0,3.0,,,,-15.311564,4.0,5.0,-1.0,0.0,0.0,23.0,0.0,0.0,5.0,0.0,0.0,-1.0,0.0,0.0,5.0,0.0,0.0,-2.0,0.0,0.0,-1.0,0.0,0.0,-1.0,1.0,1.0,-2.0,0.0,0.0,-2.0,0.0,0.0,-2.0,0.0,0.0,-2.0,999.0,999.0,3.0,0.0,0.0
06-01-2025 04:00,21.830848,4.0,5.0,-3.882783,3.0,3.0,,,,-15.311564,5.0,6.0,-1.0,0.0,0.0,23.0,0.0,0.0,3.0,0.0,0.0,-1.0,0.0,0.0,4.0,0.0,0.0,-2.0,0.0,0.0,-1.0,0.0,1.0,-1.0,1.0,1.0,-2.0,0.0,0.0,-2.0,0.0,0.0,-2.0,0.0,0.0,-2.0,999.0,999.0,2.0,0.0,0.0
06-01-2025 05:00,21.830848,3.0,3.0,-3.221206,3.0,3.0,,,,,,,-1.0,0.0,0.0,23.0,0.0,1.0,2.0,0.0,0.0,-1.0,0.0,0.0,3.0,0.0,0.0,-2.0,0.0,0.0,-1.0,0.0,0.0,-1.0,0.0,1.0,-2.0,0.0,0.0,-3.0,0.0,0.0,-3.0,0.0,0.0,-2.0,999.0,999.0,1.0,0.0,0.0
06-01-2025 06:00,21.830848,3.0,3.0,,,,,,,-15.311564,4.0,5.0,-1.0,0.0,0.0,,,,2.0,0.0,0.0,-1.0,0.0,0.0,2.0,0.0,0.0,-2.0,0.0,0.0,-1.0,0.0,0.0,-2.0,0.0,1.0,,,,-3.0,0.0,0.0,-2.0,0.0,0.0,-1.0,999.0,999.0,1.0,0.0,0.0
06-01-2025 07:00,21.508345,3.0,3.0,-2.702619,3.0,3.0,,,,-13.934009,6.0,7.0,0.0,0.0,0.0,23.0,0.0,0.0,2.0,0.0,0.0,-1.0,0.0,0.0,2.0,0.0,0.0,-1.0,0.0,0.0,-1.0,0.0,0.0,-1.0,0.0,1.0,-2.0,0.0,0.0,-2.0,0.0,0.0,-2.0,0.0,0.0,,,,1.0,0.0,0.0
06-01-2025 08:00,21.830848,3.0,3.0,-2.559628,11.0,14.0,25.333056,3.0,3.0,-13.934009,4.0,5.0,0.0,0.0,0.0,25.5,0.0,0.5,2.0,0.0,0.0,-1.0,0.0,0.0,3.0,0.0,0.0,-1.0,0.0,0.0,-1.0,0.0,0.0,-1.0,0.0,4.0,-1.0,0.0,0.0,-2.0,0.0,0.0,-2.0,0.0,0.0,-1.0,999.0,999.0,,,
06-01-2025 09:00,22.475852,3.0,3.0,-0.905685,3.0,3.0,22.958312,4.0,5.0,-13.934009,5.0,6.0,0.0,0.0,0.0,20.0,0.0,0.0,3.0,0.0,0.0,0.0,0.0,0.0,3.0,0.0,0.0,-1.0,0.0,0.0,0.0,0.0,0.0,-1.0,0.0,1.0,-2.0,0.0,0.0,,,,-1.0,0.0,0.0,-1.0,999.0,999.0,2.0,0.0,0.0
06-01-2025 10:00,2.989655,3.0,3.0,0.748258,9.0,11.0,20.341324,3.0,4.0,-12.556454,4.0,5.0,1.0,0.0,0.0,18.0,0.0,1.0,12.0,0.0,0.0,0.0,0.0,0.0,12.0,0.0,0.0,0.0,0.0,0.0,0.0,0.0,6.0,-1.0,1.0,1.0,-1.0,0.0,0.0,-2.0,0.0,0.0,-1.0,0.0,0.0,6.0,999.0,999.0,6.0,0.0,0.0
06-01-2025 11:00,0.407917,3.0,3.0,0.086681,3.0,3.0,3.330901,3.0,3.0,-12.556454,6.0,7.0,2.0,0.0,0.0,18.0,0.0,1.0,9.0,0.0,0.0,0.0,0.0,0.0,3.0,0.0,0.0,0.0,0.0,0.0,1.0,0.0,0.0,0.0,1.0,1.0,0.0,0.0,0.0,-2.0,0.0,0.0,0.0,0.0,0.0,23.0,0.0,0.0,-1.0,1.0,1.0
06-01-2025 12:00,0.0852,4.0,5.0,1.079047,9.0,11.0,3.052814,3.0,4.0,-11.178899,5.0,6.0,3.0,0.0,0.0,14.0,0.0,0.0,1.0,0.0,0.0,1.0,0.0,0.0,2.0,0.0,0.0,1.0,0.0,0.0,2.0,0.0,0.0,0.0,42.0,63.0,0.0,0.0,0.0,-1.0,0.0,0.0,0.0,0.0,0.0,4.0,0.0,0.0,-1.0,0.0,0.0
06-01-2025 13:00,0.407917,3.0,3.0,2.071412,3.0,3.0,3.003778,4.0,5.0,-11.178899,5.0,6.0,3.0,0.0,0.0,12.0,0.0,0.0,1.0,0.0,0.0,1.0,0.0,0.0,2.0,0.0,0.0,1.0,0.0,0.0,2.0,0.0,1.0,0.0,0.0,0.0,0.0,0.0,0.0,-1.0,0.0,0.0,1.0,0.0,0.0,2.0,0.0,0.0,-1.0,0.0,0.0
06-01-2025 14:00,0.407917,4.0,5.0,2.402201,3.0,3.0,3.19195,3.0,4.0,-11.178899,4.0,5.0,3.0,0.0,0.0,12.0,0.0,0.0,1.0,0.0,0.0,2.0,0.0,0.0,2.0,0.0,0.0,2.0,0.0,0.0,3.0,0.0,0.0,,,,1.0,0.0,0.0,-1.0,0.0,0.0,,,,1.0,0.0,0.0,-1.0,0.0,0.0
06-01-2025 15:00,0.730635,3.0,3.0,2.402201,3.0,3.0,3.519292,3.0,3.0,-11.178899,5.0,6.0,3.0,0.0,0.0,11.0,0.0,0.0,1.0,0.0,1.0,2.0,0.0,0.0,3.0,0.0,0.0,2.0,0.0,0.0,3.0,0.0,1.0,1.0,0.0,1.0,2.0,0.0,0.0,0.0,0.0,1.0,0.0,0.0,0.0,1.0,4.0,15.0,0.0,0.0,0.0
06-01-2025 16:00,0.407917,3.0,4.0,2.020336,13.0,17.0,3.330901,3.0,3.0,-11.178899,4.0,5.0,,,,14.0,0.0,0.0,1.0,0.0,0.0,2.0,0.0,0.0,3.0,0.0,0.0,1.0,0.0,0.0,3.0,0.0,0.0,0.0,6.0,12.0,2.0,0.0,0.0,0.0,0.0,0.0,1.0,16.0,28.0,1.0,0.0,1.0,-1.0,0.0,0.0
06-01-2025 17:00,0.269978,3.0,3.0,1.079047,3.0,3.0,3.19195,3.0,3.0,-11.178899,4.0,5.0,3.0,0.0,0.0,15.0,0.0,0.0,0.0,9.0,16.0,2.0,0.0,0.0,2.0,0.0,1.0,1.0,0.0,0.0,3.0,0.0,0.0,1.0,8.0,9.0,1.0,0.0,0.0,0.0,0.0,0.0,1.0,0.0,0.0,0.0,0.0,3.0,0.0,0.0,1.0
06-01-2025 18:00,-0.560234,3.0,3.0,0.748258,14.0,18.0,2.676654,3.0,3.0,-11.178899,5.0,6.0,2.0,0.0,0.0,14.0,0.0,0.0,0.0,1.0,10.0,1.0,0.0,0.0,1.0,0.0,0.0,0.0,0.0,0.0,2.0,0.0,0.0,1.0,1.0,1.0,1.0,0.0,0.0,-1.0,0.0,0.0,1.0,0.0,0.0,,,,0.0,0.0,1.0
06-01-2025 19:00,-1.205669,3.0,3.0,-0.244108,3.0,3.0,1.882585,3.0,3.0,-12.556454,5.0,6.0,1.0,0.0,0.0,13.0,0.0,0.0,0.0,0.0,1.0,0.0,0.0,0.0,0.0,0.0,0.0,-1.0,0.0,0.0,2.0,0.0,0.0,0.0,0.0,0.0,-1.0,0.0,1.0,-1.0,0.0,0.0,0.0,0.0,0.0,0.0,0.0,0.0,-1.0,0.0,0.0
06-01-2025 20:00,-1.990546,3.0,3.0,-2.22884,3.0,4.0,,,,-13.934009,4.0,5.0,0.0,0.0,0.0,11.0,0.0,0.0,-1.0,0.0,0.0,0.0,0.0,0.0,-1.0,0.0,3.0,,,,0.0,0.0,0.0,-1.0,18.0,39.0,-1.0,0.0,0.0,-2.0,0.0,0.0,-1.0,0.0,0.0,-1.0,0.0,0.0,-1.0,0.0,0.0
06-01-2025 21:00,,,,-3.221206,3.0,3.0,0.57322,3.0,3.0,-15.311564,5.0,6.0,-1.0,0.0,0.0,9.0,0.0,1.0,-2.0,0.0,0.0,-1.0,0.0,0.0,-1.0,0.0,0.0,-1.0,0.0,0.0,0.0,0.0,0.0,-1.0,0.0,1.0,-2.0,0.0,0.0,-3.0,0.0,1.0,-2.0,0.0,0.0,-2.0,0.0,0.0,-2.0,0.0,0.0
06-01-2025 22:00,-2.819255,3.0,3.0,-4.54436,3.0,3.0,-0.081463,3.0,3.0,-15.311564,7.0,8.0,-2.0,0.0,0.0,7.0,0.0,0.0,-3.0,0.0,0.0,-2.0,0.0,0.0,-2.0,0.0,0.0,-3.0,0.0,0.0,-2.0,0.0,0.0,-2.0,0.0,1.0,-3.0,0.0,0.0,-3.0,0.0,0.0,-3.0,0.0,0.0,-2.0,0.0,0.0,-3.0,0.0,0.0
06-01-2025 23:00,-3.282274,5.0,6.0,-5.536726,3.0,3.0,-1.063487,3.0,3.0,-16.689118,4.0,5.0,-2.0,0.0,0.0,5.0,0.0,0.0,-3.0,0.0,0.0,-2.0,0.0,0.0,-2.0,0.0,0.0,-3.0,0.0,0.0,-3.0,0.0,0.0,-3.0,1.0,3.0,-4.0,0.0,0.0,-5.0,0.0,0.0,-4.0,0.0,0.0,-3.0,0.0,0.0,-4.0,0.0,0.0
06-02-2025 00:00,-3.928139,3.0,3.0,-6.198304,10.0,13.0,-1.718169,3.0,3.0,-16.689118,5.0,6.0,-3.0,0.0,0.0,3.0,0.0,0.0,-4.0,0.0,0.0,-3.0,0.0,0.0,-3.0,0.0,0.0,-4.0,0.0,0.0,-3.0,0.0,0.0,-3.0,0.0,0.0,-4.0,0.0,0.0,-5.0,0.0,0.0,-4.0,0.0,0.0,-3.0,0.0,0.0,-4.0,0.0,0.0
06-02-2025 01:00,-4.251071,3.0,3.0,-6.529092,3.0,3.0,-2.515696,4.0,5.0,-16.689118,5.0,6.0,-4.0,0.0,0.0,1.0,0.0,0.0,-4.0,0.0,0.0,-3.0,0.0,0.0,-3.0,0.0,0.0,-5.0,0.0,0.0,-3.0,0.0,0.0,-3.0,1.0,1.0,-4.0,0.0,0.0,,,,-4.0,0.0,0.0,-4.0,0.0,0.0,-4.0,0.0,0.0
06-02-2025 02:00,-4.574003,3.0,3.0,-6.34371,16.0,20.0,-2.843255,3.0,3.0,-17.324324,4.0,5.0,-4.0,0.0,0.0,,,,-4.0,0.0,0.0,-3.0,0.0,0.0,-3.0,0.0,0.0,-5.0,0.0,0.0,-3.0,0.0,0.0,-3.0,1.0,1.0,-4.0,0.0,0.0,-5.0,0.0,0.0,-5.0,0.0,0.0,-4.0,0.0,0.0,-4.0,0.0,0.0
06-02-2025 03:00,-4.574003,3.0,3.0,-6.34371,3.0,3.0,-2.515696,3.0,3.0,-18.066673,4.0,5.0,-4.0,0.0,0.0,1.0,0.0,0.0,-4.0,0.0,0.0,,,,-3.0,0.0,0.0,-4.0,0.0,0.0,-3.0,0.0,0.0,-4.0,0.0,0.0,,,,-5.0,0.0,0.0,-5.0,0.0,0.0,-4.0,0.0,0.0,-5.0,0.0,0.0
06-02-2025 04:00,-4.896935,3.0,3.0,-6.34371,6.0,7.0,-2.65873,3.0,3.0,-18.066673,4.0,5.0,-4.0,0.0,0.0,0.0,0.0,0.0,-4.0,0.0,0.0,-4.0,0.0,0.0,-3.0,0.0,0.0,-5.0,0.0,0.0,-3.0,0.0,0.0,-3.0,0.0,1.0,-4.0,0.0,0.0,-5.0,0.0,0.0,-5.0,0.0,0.0,-4.0,0.0,0.0,-5.0,0.0,0.0
06-02-2025 05:00,-4.574003,3.0,3.0,-6.198304,3.0,3.0,-2.700193,3.0,3.0,-16.689118,5.0,6.0,-4.0,0.0,0.0,0.0,0.0,0.0,-4.0,0.0,0.0,-3.0,0.0,0.0,-3.0,0.0,0.0,-4.0,0.0,0.0,-3.0,0.0,0.0,-3.0,0.0,0.0,-4.0,0.0,0.0,-5.0,0.0,0.0,-5.0,0.0,0.0,-4.0,0.0,0.0,-5.0,0.0,0.0
06-02-2025 06:00,-4.755558,3.0,3.0,-5.350685,10.0,13.0,-2.372852,3.0,3.0,-16.689118,4.0,5.0,-3.0,0.0,0.0,-1.0,0.0,0.0,-4.0,0.0,0.0,-3.0,0.0,0.0,-3.0,0.0,0.0,-5.0,0.0,0.0,-2.0,0.0,0.0,-3.0,0.0,3.0,-4.0,0.0,0.0,-5.0,0.0,0.0,-4.0,0.0,0.0,-4.0,0.0,0.0,-4.0,0.0,0.0
06-02-2025 07:00,-3.928139,3.0,3.0,-4.688669,3.0,3.0,-1.718169,3.0,3.0,-16.689118,4.0,5.0,-3.0,0.0,0.0,0.0,0.0,0.0,-4.0,0.0,0.0,-3.0,0.0,0.0,-2.0,0.0,0.0,-4.0,0.0,0.0,,,,-3.0,0.0,1.0,-4.0,0.0,0.0,-4.0,0.0,0.0,-4.0,0.0,0.0,-4.0,0.0,0.0,-4.0,0.0,0.0
06-02-2025 08:00,-3.928139,3.0,3.0,-2.890417,3.0,3.0,-1.205458,3.0,3.0,-16.689118,4.0,5.0,-2.0,0.0,1.0,1.0,0.0,0.0,-3.0,0.0,0.0,-3.0,0.0,0.0,-2.0,0.0,0.0,-3.0,0.0,1.0,-3.0,0.0,0.0,-3.0,3.0,3.0,-3.0,0.0,0.0,-4.0,0.0,0.0,-3.0,0.0,0.0,-4.0,0.0,1.0,-4.0,0.0,0.0
06-02-2025 09:00,-2.959342,3.0,3.0,-0.244108,3.0,3.0,0.900561,3.0,3.0,-13.934009,4.0,5.0,0.0,0.0,0.0,3.0,0.0,0.0,-2.0,0.0,0.0,-1.0,0.0,0.0,-1.0,0.0,0.0,-2.0,0.0,0.0,-1.0,0.0,0.0,-1.0,0.0,3.0,-3.0,0.0,0.0,-3.0,0.0,0.0,-2.0,0.0,1.0,-2.0,0.0,0.0,-3.0,0.0,0.0
06-02-2025 10:00,-2.17382,3.0,3.0,1.740624,11.0,14.0,2.070136,3.0,3.0,-12.556454,4.0,5.0,1.0,0.0,0.0,5.0,0.0,0.0,-2.0,0.0,0.0,0.0,0.0,0.0,,,,0.0,0.0,0.0,0.0,0.0,0.0,-1.0,0.0,1.0,-1.0,0.0,0.0,-2.0,0.0,0.0,-1.0,4.0,9.0,-1.0,0.0,1.0,-2.0,1.0,1.0
06-02-2025 11:00,-1.344682,3.0,4.0,1.740624,3.0,3.0,2.070136,4.0,4.0,-12.556454,4.0,5.0,3.0,0.0,0.0,8.0,0.0,0.0,-1.0,0.0,1.0,0.0,0.0,0.0,0.0,0.0,0.0,0.0,0.0,0.0,0.0,0.0,0.0,0.0,4.0,8.0,-1.0,0.0,0.0,-2.0,0.0,0.0,0.0,37.0,73.0,0.0,0.0,0.0,-1.0,0.0,0.0
06-02-2025 12:00,-0.237517,3.0,3.0,2.071412,3.0,3.0,5.48334,3.0,3.0,-9.801344,4.0,5.0,,,,10.0,0.0,0.0,0.0,0.0,0.0,2.0,0.0,0.0,2.0,0.0,0.0,1.0,0.0,0.0,1.0,7.0,13.0,0.0,1.0,3.0,1.0,0.0,0.0,,,,1.0,0.0,1.0,1.0,0.0,0.0,0.0,0.0,0.0
06-02-2025 13:00,-0.560234,3.0,3.0,4.717722,3.0,3.0,5.810681,3.0,3.0,-9.801344,4.0,5.0,4.0,0.0,0.0,12.0,0.0,1.0,1.0,0.0,0.0,3.0,0.0,0.0,3.0,0.0,0.0,2.0,0.0,0.0,3.0,0.0,0.0,1.0,0.0,1.0,2.0,0.0,0.0,-1.0,0.0,0.0,1.0,0.0,0.0,1.0,0.0,0.0,0.0,0.0,0.0
06-02-2025 14:00,0.59291,3.0,3.0,6.040876,3.0,3.0,7.311086,3.0,3.0,-8.42379,4.0,5.0,4.0,0.0,0.0,6.0,0.0,0.0,2.0,0.0,0.0,4.0,0.0,0.0,3.0,0.0,0.0,1.0,0.0,0.0,3.0,0.0,0.0,2.0,0.0,1.0,2.0,0.0,0.0,0.0,0.0,0.0,2.0,0.0,0.0,1.0,0.0,0.0,1.0,0.0,0.0
06-02-2025 15:00,1.053352,3.0,3.0,5.710088,3.0,3.0,8.564878,3.0,3.0,-8.42379,6.0,7.0,4.0,0.0,0.0,5.0,0.0,0.0,3.0,0.0,0.0,6.0,0.0,0.0,3.0,0.0,0.0,3.0,0.0,0.0,3.0,0.0,0.0,2.0,0.0,0.0,3.0,0.0,0.0,,,,,,,2.0,0.0,0.0,2.0,0.0,0.0
06-02-2025 16:00,1.053352,3.0,3.0,7.694819,3.0,3.0,8.948883,3.0,3.0,-9.801344,8.0,10.0,5.0,0.0,0.0,4.0,0.0,0.0,3.0,0.0,0.0,7.0,0.0,0.0,5.0,0.0,0.0,5.0,0.0,0.0,4.0,0.0,0.0,,,,3.0,0.0,0.0,0.0,0.0,0.0,2.0,0.0,0.0,1.0,0.0,0.0,2.0,0.0,0.0
06-02-2025 17:00,1.376069,3.0,3.0,3.725355,3.0,3.0,6.275014,3.0,3.0,-11.178899,5.0,6.0,5.0,0.0,1.0,2.0,0.0,0.0,2.0,0.0,0.0,5.0,0.0,0.0,3.0,0.0,3.0,2.0,0.0,1.0,4.0,0.0,0.0,3.0,0.0,0.0,2.0,0.0,0.0,1.0,1.0,1.0,2.0,0.0,0.0,1.0,0.0,1.0,1.0,0.0,0.0
06-02-2025 18:00,2.021503,3.0,3.0,2.402201,13.0,16.0,5.01817,3.0,3.0,-11.178899,4.0,5.0,4.0,0.0,0.0,2.0,0.0,0.0,2.0,0.0,0.0,4.0,0.0,0.0,2.0,0.0,0.0,3.0,0.0,0.0,5.0,0.0,0.0,3.0,0.0,1.0,2.0,0.0,0.0,0.0,0.0,0.0,2.0,0.0,0.0,1.0,0.0,0.0,2.0,0.0,0.0
06-02-2025 19:00,,,,0.086681,3.0,3.0,3.519292,3.0,3.0,-11.178899,4.0,5.0,3.0,0.0,0.0,2.0,0.0,1.0,2.0,0.0,0.0,4.0,0.0,0.0,3.0,0.0,0.0,1.0,1.0,6.0,4.0,0.0,0.0,3.0,0.0,4.0,1.0,0.0,0.0,1.0,0.0,0.0,2.0,0.0,0.0,0.0,0.0,0.0,1.0,0.0,0.0
06-02-2025 20:00,1.698786,3.0,3.0,,,,2.864609,3.0,3.0,-12.556454,5.0,6.0,2.0,0.0,0.0,1.0,0.0,0.0,1.0,0.0,0.0,3.0,0.0,0.0,1.0,0.0,0.0,0.0,0.0,0.0,4.0,0.0,0.0,2.0,0.0,1.0,1.0,0.0,0.0,0.0,0.0,0.0,1.0,0.0,0.0,0.0,0.0,0.0,0.0,0.0,0.0
06-02-2025 21:00,1.238775,3.0,3.0,-0.244108,23.0,29.0,1.555244,3.0,4.0,-13.934009,14.0,17.0,1.0,0.0,0.0,0.0,0.0,0.0,-1.0,0.0,0.0,2.0,0.0,0.0,1.0,0.0,1.0,-1.0,0.0,0.0,3.0,0.0,0.0,1.0,1.0,1.0,0.0,0.0,0.0,0.0,0.0,0.0,1.0,0.0,0.0,-1.0,0.0,0.0,-1.0,0.0,0.0
06-02-2025 22:00,-0.698818,3.0,3.0,-2.890417,3.0,3.0,-0.036508,3.0,3.0,-13.934009,5.0,6.0,0.0,0.0,0.0,-1.0,0.0,1.0,-2.0,0.0,0.0,0.0,0.0,0.0,0.0,0.0,0.0,-2.0,0.0,0.0,0.0,0.0,0.0,0.0,0.0,0.0,-2.0,0.0,0.0,-2.0,0.0,0.0,-1.0,0.0,0.0,-2.0,0.0,0.0,-2.0,0.0,0.0
06-02-2025 23:00,-2.313478,3.0,3.0,-4.213572,4.0,5.0,-1.390828,3.0,4.0,-15.311564,4.0,5.0,-2.0,0.0,0.0,-2.0,0.0,3.0,-2.0,0.0,0.0,-1.0,0.0,0.0,-2.0,0.0,0.0,-3.0,0.0,0.0,-1.0,0.0,0.0,-1.0,0.0,0.0,-3.0,0.0,0.0,-3.0,0.0,0.0,-2.0,0.0,0.0,,,,-3.0,0.0,0.0
06-03-2025 00:00,-2.959342,3.0,3.0,-4.875149,3.0,3.0,-1.675397,4.0,5.0,-15.311564,4.0,5.0,-2.0,0.0,0.0,-3.0,0.0,1.0,-3.0,0.0,0.0,-2.0,0.0,0.0,-2.0,0.0,0.0,-3.0,0.0,0.0,-2.0,0.0,0.0,-2.0,0.0,1.0,-3.0,0.0,0.0,-3.0,0.0,0.0,-3.0,0.0,0.0,-2.0,0.0,0.0,,,
06-03-2025 01:00,-3.605207,3.0,3.0,-5.350685,11.0,13.0,-2.045511,3.0,3.0,-16.689118,4.0,5.0,-3.0,0.0,0.0,-3.0,0.0,1.0,-4.0,0.0,0.0,-2.0,0.0,0.0,-2.0,0.0,0.0,-4.0,0.0,0.0,-3.0,0.0,0.0,-3.0,0.0,0.0,,,,-4.0,0.0,0.0,-4.0,0.0,0.0,-3.0,0.0,0.0,-3.0,0.0,0.0
06-03-2025 02:00,-3.605207,3.0,3.0,-5.536726,3.0,3.0,,,,-16.689118,4.0,5.0,-3.0,0.0,0.0,-3.0,0.0,3.0,-3.0,0.0,0.0,-3.0,0.0,0.0,-3.0,0.0,0.0,-4.0,0.0,0.0,-2.0,0.0,0.0,-3.0,1.0,1.0,-4.0,0.0,0.0,-4.0,0.0,0.0,-4.0,0.0,0.0,-3.0,0.0,0.0,-4.0,0.0,0.0
06-03-2025 03:00,-3.605207,3.0,3.0,-5.536726,11.0,14.0,-2.045511,3.0,3.0,-16.689118,5.0,6.0,-3.0,0.0,0.0,-3.0,0.0,0.0,-3.0,0.0,0.0,-2.0,0.0,0.0,-2.0,0.0,0.0,-4.0,0.0,0.0,-2.0,0.0,0.0,-3.0,0.0,0.0,-4.0,0.0,0.0,-4.0,0.0,0.0,-3.0,0.0,0.0,-3.0,0.0,0.0,-4.0,0.0,0.0
06-03-2025 04:00,-3.605207,3.0,3.0,-5.205937,3.0,3.0,-2.045511,3.0,3.0,-15.311564,4.0,5.0,-2.0,0.0,0.0,-2.0,0.0,1.0,-3.0,0.0,0.0,-2.0,0.0,0.0,-2.0,0.0,0.0,-3.0,0.0,0.0,-2.0,0.0,0.0,-3.0,0.0,1.0,-4.0,0.0,0.0,-4.0,0.0,0.0,-4.0,0.0,0.0,-3.0,0.0,0.0,-4.0,0.0,0.0
06-03-2025 05:00,-2.959342,3.0,3.0,-4.54436,18.0,23.0,-1.675397,3.0,4.0,-15.311564,4.0,4.0,-2.0,0.0,0.0,-2.0,0.0,1.0,,,,-2.0,0.0,0.0,-2.0,0.0,0.0,-3.0,0.0,0.0,-2.0,0.0,0.0,-2.0,0.0,1.0,-3.0,0.0,0.0,-4.0,0.0,0.0,-3.0,0.0,0.0,-2.0,0.0,0.0,-3.0,0.0,0.0
06-03-2025 06:00,-3.282274,4.0,5.0,-4.213572,3.0,3.0,-1.390828,3.0,3.0,-15.311564,4.0,5.0,-2.0,0.0,0.0,-2.0,0.0,1.0,-2.0,0.0,0.0,-2.0,0.0,0.0,-2.0,0.0,0.0,,,,-2.0,0.0,0.0,-2.0,0.0,0.0,-3.0,0.0,0.0,-3.0,0.0,0.0,-3.0,0.0,0.0,-2.0,0.0,0.0,-3.0,0.0,0.0
06-03-2025 07:00,-2.63641,3.0,3.0,-4.026652,20.0,26.0,-1.390828,3.0,3.0,-15.311564,4.0,5.0,-2.0,0.0,0.0,-1.0,0.0,1.0,-2.0,0.0,0.0,-1.0,0.0,0.0,-2.0,0.0,0.0,-3.0,0.0,0.0,-1.0,0.0,0.0,-2.0,0.0,0.0,-3.0,0.0,0.0,,,,-3.0,0.0,0.0,-2.0,0.0,0.0,-3.0,0.0,0.0
06-03-2025 08:00,-2.313478,3.0,3.0,-2.702619,3.0,3.0,-0.736145,4.0,5.0,-13.934009,4.0,5.0,-1.0,0.0,0.0,0.0,0.0,1.0,-2.0,0.0,0.0,-1.0,0.0,0.0,-1.0,0.0,0.0,-3.0,0.0,0.0,-1.0,0.0,0.0,-1.0,0.0,1.0,-2.0,0.0,0.0,-3.0,0.0,0.0,-2.0,0.0,0.0,-2.0,0.0,0.0,-2.0,0.0,0.0
06-03-2025 09:00,-1.990546,3.0,3.0,-2.559628,24.0,29.0,0.900561,4.0,5.0,-13.934009,4.0,5.0,,,,,,,-2.0,0.0,0.0,,,,-1.0,0.0,0.0,-2.0,0.0,0.0,0.0,0.0,0.0,-1.0,0.0,0.0,-2.0,0.0,0.0,-3.0,0.0,0.0,-2.0,0.0,0.0,-2.0,0.0,0.0,-2.0,0.0,0.0
06-03-2025 10:00,-1.344682,3.0,3.0,-1.236474,3.0,3.0,1.274603,4.0,5.0,-12.556454,4.0,5.0,0.0,0.0,0.0,0.0,0.0,0.0,-2.0,0.0,0.0,0.0,0.0,0.0,-1.0,0.0,0.0,-1.0,0.0,0.0,1.0,0.0,0.0,0.0,0.0,1.0,-2.0,0.0,0.0,-2.0,0.0,0.0,-1.0,0.0,0.0,-1.0,0.0,0.0,-2.0,0.0,0.0
06-03-2025 11:00,-0.882952,3.0,3.0,0.748258,3.0,3.0,2.864609,3.0,3.0,-9.801344,4.0,5.0,0.0,0.0,0.0,2.0,0.0,0.0,-1.0,0.0,0.0,0.0,0.0,0.0,0.0,0.0,0.0,-1.0,0.0,0.0,1.0,0.0,0.0,0.0,0.0,0.0,-1.0,0.0,0.0,-2.0,0.0,0.0,0.0,0.0,0.0,0.0,0.0,0.0,-1.0,0.0,0.0
06-03-2025 12:00,-0.375886,3.0,3.0,3.011387,3.0,3.0,5.155998,3.0,3.0,-7.046234,4.0,5.0,3.0,0.0,0.0,5.0,0.0,0.0,0.0,0.0,0.0,2.0,0.0,0.0,2.0,0.0,0.0,0.0,0.0,0.0,2.0,0.0,0.0,1.0,0.0,0.0,0.0,0.0,0.0,-1.0,0.0,0.0,0.0,0.0,0.0,1.0,0.0,0.0,-1.0,0.0,0.0
06-03-2025 13:00,0.269978,3.0,3.0,2.402201,3.0,4.0,6.000848,4.0,5.0,-7.046234,4.0,5.0,4.0,0.0,0.0,3.0,0.0,0.0,1.0,0.0,0.0,4.0,0.0,0.0,2.0,0.0,0.0,1.0,0.0,0.0,3.0,0.0,0.0,2.0,0.0,0.0,1.0,0.0,0.0,-1.0,0.0,0.0,1.0,0.0,0.0,2.0,0.0,0.0,0.0,0.0,0.0
06-03-2025 14:00,0.0852,4.0,4.0,5.04851,3.0,3.0,6.792704,3.0,3.0,-8.42379,4.0,5.0,4.0,0.0,0.0,5.0,0.0,0.0,2.0,0.0,0.0,4.0,0.0,0.0,3.0,0.0,0.0,2.0,0.0,0.0,2.0,0.0,0.0,1.0,0.0,0.0,2.0,1.0,1.0,0.0,0.0,0.0,1.0,0.0,0.0,2.0,0.0,0.0,1.0,0.0,0.0
06-03-2025 15:00,1.053352,3.0,3.0,6.508543,5.0,6.0,8.293765,4.0,5.0,-8.42379,4.0,4.0,5.0,0.0,0.0,5.0,0.0,0.0,3.0,0.0,0.0,6.0,0.0,0.0,4.0,0.0,0.0,1.0,0.0,0.0,3.0,0.0,0.0,3.0,0.0,0.0,4.0,0.0,0.0,1.0,0.0,0.0,2.0,0.0,0.0,2.0,0.0,0.0,2.0,0.0,0.0
06-03-2025 16:00,1.053352,3.0,3.0,3.725355,3.0,3.0,6.792704,3.0,3.0,-9.801344,4.0,5.0,4.0,0.0,0.0,4.0,0.0,0.0,3.0,0.0,0.0,6.0,0.0,0.0,3.0,0.0,0.0,3.0,0.0,0.0,4.0,0.0,0.0,2.0,2.0,7.0,2.0,0.0,0.0,1.0,0.0,0.0,2.0,0.0,0.0,2.0,0.0,0.0,2.0,0.0,0.0
06-03-2025 17:00,0.59291,3.0,3.0,2.402201,3.0,3.0,4.690611,3.0,3.0,-9.801344,4.0,5.0,3.0,0.0,0.0,3.0,0.0,0.0,1.0,0.0,0.0,4.0,0.0,1.0,2.0,0.0,0.0,2.0,0.0,0.0,4.0,0.0,0.0,2.0,0.0,1.0,1.0,0.0,0.0,1.0,0.0,0.0,1.0,0.0,0.0,1.0,0.0,1.0,1.0,0.0,0.0
06-03-2025 18:00,,,,1.079047,3.0,3.0,4.173974,3.0,3.0,-11.178899,5.0,6.0,3.0,0.0,0.0,3.0,0.0,1.0,1.0,0.0,0.0,3.0,0.0,0.0,2.0,0.0,1.0,1.0,0.0,1.0,3.0,0.0,0.0,1.0,0.0,0.0,1.0,0.0,0.0,0.0,0.0,1.0,,,,1.0,0.0,0.0,0.0,0.0,0.0
06-03-2025 19:00,-0.052954,3.0,3.0,-0.244108,11.0,13.0,2.725254,4.0,5.0,-12.556454,4.0,5.0,2.0,0.0,0.0,2.0,0.0,0.0,0.0,0.0,0.0,3.0,0.0,0.0,1.0,0.0,0.0,0.0,0.0,0.0,2.0,0.0,0.0,1.0,0.0,1.0,0.0,0.0,0.0,-1.0,0.0,0.0,1.0,0.0,0.0,0.0,0.0,0.0,0.0,0.0,0.0
06-03-2025 20:00,-0.375886,3.0,3.0,-0.905685,3.0,3.0,2.537268,3.0,3.0,-13.934009,4.0,5.0,2.0,0.0,0.0,2.0,0.0,1.0,0.0,0.0,1.0,2.0,0.0,0.0,1.0,0.0,0.0,0.0,0.0,0.0,1.0,0.0,0.0,,,,0.0,0.0,0.0,-1.0,0.0,0.0,0.0,0.0,0.0,0.0,0.0,0.0,0.0,0.0,0.0
06-03-2025 21:00,-0.698818,3.0,3.0,-1.567263,3.0,3.0,1.555244,3.0,3.0,-13.934009,4.0,5.0,1.0,0.0,0.0,0.0,0.0,0.0,-1.0,0.0,0.0,1.0,0.0,0.0,0.0,0.0,0.0,-1.0,0.0,0.0,1.0,0.0,0.0,0.0,0.0,0.0,-1.0,0.0,0.0,-1.0,0.0,0.0,0.0,0.0,0.0,-1.0,0.0,0.0,-1.0,0.0,0.0
06-03-2025 22:00,-1.02175,3.0,3.0,-1.898051,3.0,3.0,1.227902,4.0,5.0,-13.934009,4.0,5.0,0.0,0.0,0.0,0.0,0.0,1.0,-1.0,0.0,0.0,1.0,0.0,0.0,0.0,0.0,0.0,-1.0,0.0,0.0,0.0,0.0,0.0,0.0,1.0,1.0,,,,-2.0,0.0,0.0,-1.0,0.0,0.0,-1.0,0.0,0.0,-1.0,0.0,0.0
06-03-2025 23:00,-1.667614,3.0,3.0,-3.221206,3.0,3.0,0.29127,3.0,3.0,-15.311564,5.0,6.0,0.0,0.0,0.0,-1.0,0.0,0.0,-1.0,0.0,0.0,0.0,0.0,0.0,0.0,0.0,0.0,-1.0,0.0,0.0,0.0,0.0,0.0,0.0,0.0,1.0,-1.0,0.0,0.0,,,,-2.0,0.0,0.0,-1.0,0.0,0.0,-2.0,0.0,0.0
06-04-2025 00:00,-2.313478,3.0,3.0,-4.026652,3.0,3.0,-0.22278,4.0,5.0,-15.311564,4.0,5.0,-1.0,0.0,0.0,-1.0,0.0,1.0,-2.0,0.0,0.0,-1.0,0.0,0.0,-1.0,0.0,0.0,-2.0,0.0,0.0,-1.0,0.0,0.0,-1.0,0.0,1.0,-2.0,0.0,0.0,-2.0,0.0,0.0,-2.0,0.0,0.0,-2.0,0.0,0.0,-2.0,0.0,0.0
06-04-2025 01:00,-2.959342,3.0,3.0,-5.019677,21.0,27.0,-0.877899,4.0,5.0,-16.689118,4.0,5.0,-2.0,0.0,0.0,-2.0,0.0,0.0,-3.0,0.0,0.0,-1.0,0.0,0.0,-2.0,0.0,0.0,-3.0,0.0,0.0,,,,-2.0,0.0,1.0,-2.0,0.0,0.0,-3.0,0.0,0.0,-3.0,0.0,0.0,-2.0,0.0,0.0,-3.0,0.0,0.0
06-04-2025 02:00,-3.605207,3.0,3.0,-5.536726,3.0,3.0,-1.675397,4.0,5.0,-16.689118,4.0,5.0,-3.0,0.0,0.0,-3.0,0.0,1.0,-3.0,0.0,0.0,-2.0,0.0,0.0,-2.0,0.0,0.0,-3.0,0.0,0.0,-2.0,0.0,0.0,-3.0,0.0,1.0,,,,-4.0,0.0,0.0,-3.0,0.0,0.0,-3.0,0.0,0.0,-3.0,0.0,0.0
06-04-2025 03:00,-3.928139,3.0,3.0,-5.536726,16.0,20.0,-1.675397,3.0,3.0,,,,-3.0,0.0,0.0,-3.0,0.0,1.0,-3.0,0.0,0.0,-2.0,0.0,0.0,-2.0,0.0,0.0,-3.0,0.0,0.0,-2.0,0.0,0.0,-3.0,0.0,0.0,-3.0,0.0,0.0,-4.0,0.0,0.0,-4.0,0.0,0.0,-3.0,0.0,0.0,-3.0,0.0,0.0
06-04-2025 04:00,-3.928139,3.0,3.0,-5.536726,3.0,3.0,-2.045511,3.0,3.0,-15.942943,4.0,5.0,-3.0,0.0,0.0,-3.0,0.0,0.0,-4.0,0.0,0.0,-3.0,0.0,0.0,-3.0,0.0,0.0,-4.0,0.0,0.0,-2.0,0.0,0.0,-3.0,4.0,10.0,-3.0,0.0,0.0,-4.0,0.0,0.0,-4.0,0.0,0.0,-3.0,0.0,0.0,-4.0,0.0,0.0
06-04-2025 05:00,-4.251071,4.0,5.0,-4.688669,4.0,5.0,-1.533018,4.0,5.0,-16.689118,4.0,5.0,-3.0,0.0,0.0,-3.0,0.0,1.0,-3.0,0.0,0.0,-3.0,0.0,0.0,-3.0,0.0,0.0,-4.0,0.0,0.0,-2.0,0.0,0.0,-3.0,0.0,0.0,-3.0,0.0,0.0,-4.0,0.0,0.0,-4.0,0.0,0.0,,,,-4.0,0.0,0.0
06-04-2025 06:00,-3.928139,3.0,3.0,-4.213572,3.0,3.0,-1.675397,3.0,4.0,-16.689118,6.0,7.0,-2.0,0.0,0.0,-2.0,0.0,1.0,-3.0,0.0,0.0,-2.0,0.0,0.0,-2.0,0.0,0.0,-3.0,0.0,0.0,-2.0,0.0,0.0,-3.0,0.0,0.0,-3.0,0.0,0.0,-4.0,0.0,0.0,-3.0,0.0,0.0,-3.0,0.0,0.0,-4.0,0.0,0.0
06-04-2025 07:00,-3.928139,3.0,3.0,,,,-1.390828,3.0,3.0,-16.689118,5.0,6.0,,,,-2.0,0.0,0.0,-3.0,0.0,0.0,-2.0,0.0,0.0,-2.0,0.0,0.0,-3.0,0.0,0.0,-2.0,0.0,0.0,-3.0,0.0,0.0,-3.0,0.0,0.0,-4.0,0.0,0.0,-3.0,0.0,0.0,-3.0,0.0,0.0,-3.0,0.0,0.0
06-04-2025 08:00,-3.605207,3.0,3.0,-3.551994,10.0,12.0,,,,-15.311564,4.0,5.0,-2.0,0.0,0.0,-1.0,0.0,0.0,-3.0,0.0,0.0,,,,-2.0,0.0,0.0,-3.0,0.0,0.0,-2.0,0.0,0.0,-3.0,1.0,1.0,-3.0,0.0,0.0,-4.0,0.0,0.0,-3.0,0.0,0.0,-3.0,0.0,0.0,-3.0,0.0,0.0
06-04-2025 09:00,-2.959342,3.0,3.0,-2.890417,3.0,3.0,-0.22278,3.0,3.0,-15.311564,4.0,5.0,-2.0,0.0,1.0,1.0,0.0,1.0,-2.0,0.0,1.0,-1.0,0.0,0.0,-1.0,0.0,0.0,-1.0,0.0,0.0,-1.0,0.0,0.0,-2.0,0.0,6.0,-2.0,0.0,0.0,-3.0,0.0,1.0,-2.0,0.0,0.0,-2.0,0.0,0.0,-3.0,0.0,0.0
06-04-2025 10:00,-1.344682,3.0,3.0,-0.905685,12.0,15.0,0.900561,4.0,5.0,-13.934009,4.0,5.0,1.0,0.0,0.0,4.0,0.0,0.0,-1.0,0.0,0.0,0.0,0.0,0.0,,,,1.0,0.0,0.0,-1.0,0.0,0.0,-1.0,10.0,15.0,-1.0,0.0,0.0,-1.0,0.0,0.0,-1.0,0.0,0.0,-2.0,0.0,0.0,-2.0,0.0,0.0
06-04-2025 11:00,-1.02175,3.0,3.0,4.386933,3.0,3.0,6.465364,3.0,4.0,-8.42379,4.0,5.0,5.0,0.0,0.0,5.0,0.0,0.0,0.0,0.0,0.0,2.0,0.0,0.0,3.0,0.0,0.0,2.0,0.0,0.0,0.0,0.0,1.0,-1.0,1.0,1.0,1.0,0.0,0.0,-1.0,0.0,0.0,-1.0,0.0,0.0,1.0,0.0,0.0,-2.0,0.0,0.0
06-04-2025 12:00,-1.667614,3.0,3.0,6.040876,3.0,3.0,7.774729,3.0,3.0,-7.046234,30.0,40.0,7.0,0.0,0.0,6.0,0.0,0.0,1.0,0.0,0.0,4.0,0.0,0.0,6.0,0.0,1.0,4.0,0.0,0.0,0.0,0.0,0.0,-1.0,0.0,3.0,3.0,0.0,1.0,-1.0,0.0,0.0,-1.0,0.0,0.0,2.0,0.0,0.0,-2.0,0.0,0.0
06-04-2025 13:00,-1.344682,3.0,3.0,6.702453,3.0,3.0,8.948883,3.0,3.0,-7.046234,4.0,5.0,6.0,1.0,4.0,5.0,0.0,0.0,2.0,0.0,0.0,4.0,0.0,0.0,7.0,0.0,1.0,4.0,0.0,0.0,0.0,0.0,0.0,-1.0,1.0,1.0,3.0,0.0,0.0,,,,0.0,12.0,22.0,2.0,0.0,1.0,-2.0,0.0,0.0
06-04-2025 14:00,-0.698818,3.0,3.0,5.710088,19.0,24.0,7.311086,4.0,5.0,-8.42379,4.0,5.0,6.0,0.0,0.0,,,,4.0,0.0,0.0,6.0,0.0,0.0,5.0,0.0,0.0,4.0,0.0,0.0,1.0,0.0,0.0,0.0,0.0,1.0,5.0,0.0,0.0,-1.0,0.0,0.0,1.0,0.0,0.0,2.0,0.0,1.0,,,
06-04-2025 15:00,-0.698818,3.0,3.0,,,,8.948883,3.0,3.0,,,,6.0,0.0,0.0,5.0,0.0,0.0,5.0,0.0,0.0,7.0,0.0,0.0,6.0,0.0,0.0,6.0,0.0,1.0,1.0,0.0,0.0,1.0,12.0,24.0,6.0,0.0,1.0,,,,1.0,0.0,1.0,2.0,0.0,0.0,-0.5,0.0,0.5
06-04-2025 16:00,-0.052954,3.0,3.0,7.267185,13.5,16.0,8.10207,3.0,3.0,-10.490121,4.0,5.0,5.0,0.0,0.0,4.0,0.0,0.0,4.0,3.0,10.0,6.0,0.0,0.0,6.0,0.0,0.0,7.0,0.0,0.0,1.0,3.0,10.0,0.0,49.0,91.0,4.0,0.0,0.0,-1.0,0.0,0.0,1.0,0.0,0.0,1.0,0.0,24.0,,,
06-04-2025 17:00,,,,8.025607,3.0,3.0,6.983526,3.0,3.0,-11.178899,10.0,13.0,5.0,1.0,3.0,3.0,0.0,0.0,2.0,0.0,0.0,,,,6.0,1.0,1.0,2.0,0.0,1.0,2.0,0.0,0.0,1.0,0.0,0.0,2.0,0.0,0.0,0.0,0.0,0.0,1.0,0.0,0.0,1.0,0.0,0.0,0.0,0.0,0.0
06-04-2025 18:00,-0.375886,3.0,3.0,2.73299,3.0,3.0,3.707933,3.0,4.0,-12.556454,4.0,5.0,2.0,0.0,0.0,2.0,0.0,0.0,1.0,0.0,0.0,3.0,0.0,0.0,2.0,0.0,0.0,2.0,0.0,0.0,3.0,0.0,0.0,1.0,0.0,0.0,1.0,0.0,0.0,-1.0,0.0,0.0,1.0,0.0,0.0,0.0,0.0,0.0,0.0,0.0,1.0
06-04-2025 19:00,-0.375886,3.0,3.0,-0.244108,3.0,3.0,3.19195,3.0,3.0,-12.556454,4.0,5.0,1.0,0.0,0.0,2.0,0.0,0.0,-1.0,0.0,0.0,3.0,0.0,0.0,1.0,0.0,0.0,0.0,0.0,0.0,1.0,0.0,0.0,0.0,0.0,0.0,0.0,0.0,0.0,-1.0,0.0,0.0,-1.0,0.0,0.0,-1.0,0.0,0.0,0.0,0.0,0.0
06-04-2025 20:00,-1.667614,3.0,3.0,-1.236474,10.0,13.0,1.274603,3.0,3.0,-13.934009,5.0,6.0,0.0,0.0,0.0,0.0,0.0,1.0,-1.0,0.0,0.0,0.0,0.0,0.0,0.0,0.0,0.0,,,,0.0,0.0,0.0,-1.0,0.0,0.0,,,,-2.0,0.0,0.0,,,,-1.0,0.0,0.0,-1.0,0.0,0.0
06-04-2025 21:00,-1.990546,3.0,3.0,-1.898051,3.0,3.0,0.900561,3.0,3.0,-13.934009,4.0,5.0,0.0,0.0,0.0,0.0,0.0,0.0,-1.0,0.0,0.0,0.0,0.0,0.0,0.0,0.0,0.0,-1.0,0.0,0.0,0.0,0.0,0.0,-1.0,0.0,1.0,-1.0,0.0,0.0,-2.0,0.0,0.0,-1.0,0.0,0.0,-2.0,0.0,0.0,-2.0,0.0,0.0
06-04-2025 22:00,-1.344682,3.0,3.0,-2.559628,18.0,23.0,0.432339,3.0,3.0,-15.311564,5.0,6.0,0.0,0.0,0.0,0.0,0.0,0.0,1.0,0.0,0.0,0.0,0.0,0.0,0.0,0.0,0.0,-1.0,0.0,0.0,0.0,0.0,0.0,,,,-1.0,0.0,0.0,-2.0,0.0,0.0,-2.0,0.0,0.0,-1.0,0.0,0.0,-2.0,0.0,0.0
06-04-2025 23:00,-1.667614,3.0,3.0,-4.213572,3.0,3.0,-0.550339,3.0,3.0,-16.689118,4.0,5.0,-1.0,0.0,0.0,-2.0,0.0,0.0,-2.0,0.0,0.0,0.0,0.0,0.0,-1.0,0.0,0.0,-2.0,0.0,0.0,0.0,0.0,0.0,-1.0,0.0,0.0,-1.0,0.0,0.0,-3.0,0.0,0.0,-1.0,0.0,0.0,-2.0,0.0,0.0,-2.0,0.0,0.0
06-05-2025 00:00,-1.344682,3.0,3.0,-4.875149,3.0,3.0,-0.550339,3.0,3.0,-16.689118,4.0,5.0,-2.0,0.0,0.0,-1.0,0.0,0.0,-1.0,0.0,0.0,0.0,0.0,0.0,-1.0,0.0,0.0,-2.0,0.0,0.0,-1.0,0.0,0.0,-1.0,0.0,0.0,-1.0,0.0,0.0,-3.0,0.0,0.0,-2.0,0.0,0.0,-2.0,0.0,0.0,-2.0,0.0,0.0
06-05-2025 01:00,-2.63641,3.0,3.0,-6.674718,3.0,3.0,-2.188136,3.0,3.0,-18.066673,4.0,5.0,-3.0,0.0,0.0,-2.0,0.0,0.0,-4.0,0.0,0.0,0.0,0.0,0.0,-2.0,0.0,0.0,-4.0,0.0,0.0,-3.0,0.0,0.0,-3.0,0.0,0.0,-2.0,0.0,0.0,-4.0,0.0,0.0,-2.0,0.0,0.0,-4.0,0.0,0.0,-3.0,0.0,0.0
06-05-2025 02:00,-4.574003,3.0,3.0,-7.336735,3.0,3.0,-3.170814,3.0,3.0,-19.444227,5.0,6.0,-3.0,0.0,0.0,-5.0,0.0,0.0,-4.0,0.0,0.0,-3.0,0.0,0.0,-3.0,0.0,0.0,-5.0,0.0,0.0,-2.0,0.0,0.0,-4.0,0.0,0.0,-4.0,0.0,0.0,-5.0,0.0,0.0,-5.0,0.0,0.0,-4.0,0.0,0.0,-5.0,0.0,0.0
06-05-2025 03:00,-4.574003,3.0,3.0,-6.198304,3.0,3.0,-2.515696,3.0,3.0,-18.066673,4.0,5.0,-3.0,0.0,0.0,-4.0,0.0,0.0,-4.0,0.0,0.0,-3.0,0.0,0.0,-3.0,0.0,0.0,-4.0,0.0,0.0,-3.0,0.0,0.0,-3.0,0.0,0.0,-4.0,0.0,0.0,-5.0,0.0,0.0,-4.0,0.0,0.0,-4.0,0.0,0.0,-4.0,0.0,0.0
06-05-2025 04:00,-4.251071,3.0,3.0,-5.681694,5.0,6.0,-2.330952,3.0,3.0,-18.066673,4.0,5.0,-3.0,0.0,0.0,-3.0,0.0,0.0,-3.0,0.0,0.0,-3.0,0.0,0.0,-2.0,0.0,0.0,-4.0,0.0,0.0,-3.0,0.0,0.0,-3.0,0.0,0.0,-3.0,0.0,0.0,,,,-4.0,0.0,0.0,-3.0,0.0,0.0,-4.0,0.0,0.0
06-05-2025 05:00,-3.928139,3.0,3.0,-4.875149,3.0,3.0,-1.860577,3.0,3.0,-16.689118,4.0,5.0,-1.0,0.0,0.0,-2.0,0.0,0.0,-3.0,0.0,0.0,-2.0,0.0,0.0,-2.0,0.0,0.0,-3.0,0.0,0.0,-1.0,0.0,0.0,-3.0,0.0,0.0,-3.0,0.0,0.0,-4.0,0.0,0.0,-3.0,0.0,0.0,-2.0,0.0,0.0,-4.0,0.0,0.0
06-05-2025 06:00,-1.990546,3.0,4.0,-4.213572,3.0,3.0,-1.205458,3.0,3.0,-15.311564,4.0,5.0,,,,-2.0,0.0,1.0,-3.0,0.0,0.0,-1.0,0.0,0.0,-1.0,0.0,1.0,-2.0,0.0,0.0,-2.0,0.0,0.0,-1.0,0.0,0.0,-2.0,0.0,0.0,-1.0,0.0,0.0,-1.0,0.0,0.0,-2.0,0.0,0.0,-2.0,0.0,0.0
06-05-2025 07:00,-2.959342,3.0,3.0,-2.702619,3.0,3.0,-0.877899,3.0,3.0,-14.561562,4.0,5.0,-2.0,0.0,0.0,-1.0,0.0,0.0,-2.0,0.0,0.0,-1.0,0.0,0.0,-1.0,0.0,0.0,-3.0,0.0,0.0,-2.0,0.0,0.0,-2.0,0.0,0.0,-2.0,0.0,0.0,-3.0,0.0,0.0,-3.0,0.0,0.0,-2.0,0.0,0.0,-3.0,0.0,0.0
06-05-2025 08:00,-1.667614,3.0,3.0,-0.574897,3.0,4.0,1.391573,3.5,4.0,-13.934009,4.0,5.0,-1.0,0.0,0.0,1.0,0.0,1.0,-1.0,0.0,0.0,-1.0,0.0,0.0,-1.0,0.0,0.0,-2.0,0.0,0.0,0.0,0.0,0.0,-1.0,1.0,1.0,-1.0,0.0,0.0,-3.0,0.0,0.0,-2.0,0.0,0.0,0.0,0.0,0.0,-3.0,0.0,1.0
06-05-2025 09:00,-0.698818,3.0,3.0,-0.244108,3.0,3.0,1.882585,4.0,5.0,-12.556454,4.0,5.0,1.0,0.0,0.0,2.0,0.0,0.0,,,,1.0,0.0,0.0,1.0,0.0,0.0,0.0,0.0,0.0,1.0,0.0,0.0,0.0,10.0,16.0,0.0,0.0,0.0,-1.0,0.0,0.0,-1.0,0.0,0.0,0.0,0.0,0.0,-1.0,0.0,0.0
06-05-2025 10:00,-0.375886,3.0,3.0,2.402201,8.0,10.0,2.257936,3.0,3.0,-11.178899,4.0,5.0,2.0,0.0,0.0,2.0,0.0,0.0,0.0,0.0,0.0,2.0,0.0,0.0,2.0,0.0,0.0,1.0,0.0,0.0,1.0,0.0,0.0,1.0,0.0,0.0,1.0,0.0,0.0,0.0,1.0,1.0,0.0,0.0,0.0,1.0,0.0,0.0,-1.0,0.0,0.0
06-05-2025 11:00,-0.237517,3.0,3.0,2.071412,3.0,3.0,2.397695,4.0,5.0,-11.178899,4.0,5.0,3.0,0.0,0.0,3.0,0.0,0.0,1.0,0.0,0.0,2.0,0.0,0.0,2.0,0.0,0.0,1.0,0.0,0.0,2.0,0.0,3.0,1.0,0.0,0.0,1.0,0.0,0.0,0.0,0.0,0.0,0.0,0.0,0.0,1.0,0.0,0.0,-1.0,0.0,0.0
06-05-2025 12:00,0.915842,3.0,3.0,2.73299,3.0,3.0,3.846633,4.0,5.0,-11.178899,4.0,5.0,3.0,0.0,0.0,4.0,0.0,0.0,1.0,0.0,0.0,3.0,0.0,0.0,3.0,0.0,0.0,2.0,0.0,0.0,3.0,0.0,0.0,2.0,0.0,0.0,2.0,0.0,0.0,1.0,0.0,0.0,2.0,0.0,0.0,,,,1.0,0.0,0.0
06-05-2025 13:00,1.238775,3.0,3.0,2.73299,3.0,3.0,4.173974,3.0,3.0,-9.801344,5.0,6.0,5.0,0.0,0.0,5.0,0.0,0.0,2.0,0.0,0.0,4.0,0.0,0.0,4.0,0.0,0.0,3.0,0.0,0.0,4.0,0.0,0.0,2.0,1.0,1.0,3.0,0.0,0.0,1.0,0.0,0.0,2.0,0.0,0.0,2.0,0.0,0.0,1.0,0.0,0.0
06-05-2025 14:00,1.561707,3.0,3.0,3.063778,3.0,3.0,4.173974,4.0,5.0,-9.801344,11.0,13.0,5.0,0.0,0.0,4.0,0.0,0.0,2.0,0.0,0.0,4.0,0.0,0.0,4.0,0.0,0.0,3.0,0.0,0.0,5.0,0.0,0.0,2.0,0.0,1.0,3.0,0.0,0.0,1.0,0.0,0.0,2.0,0.0,0.0,2.0,0.0,0.0,1.0,0.0,0.0
06-05-2025 15:00,1.561707,3.0,3.0,3.063778,3.0,3.0,4.173974,4.0,4.0,-9.801344,4.0,5.0,5.0,0.0,0.0,4.0,0.0,1.0,2.0,0.0,1.0,4.0,0.0,0.0,4.0,0.0,0.0,3.0,0.0,0.0,,,,2.0,1.0,1.0,3.0,0.0,0.0,1.0,0.0,0.0,2.0,0.0,0.0,3.0,0.0,0.0,1.0,0.0,0.0
06-05-2025 16:00,,,,3.394567,16.0,21.0,,,,-9.801344,4.0,5.0,5.0,0.0,1.0,4.0,0.0,0.0,3.0,3.0,3.0,4.0,0.0,0.0,4.0,0.0,0.0,3.0,0.0,0.0,4.0,0.0,0.0,2.0,5.0,7.0,,,,1.0,0.0,0.0,2.0,0.0,0.0,2.0,0.0,0.0,1.0,0.0,0.0
06-05-2025 18:00,,,,2.402201,4.0,5.0,,,,,,,,,,4.0,0.0,1.0,,,,4.0,0.0,0.0,,,,,,,,,,,,,,,,2.0,0.0,0.0,2.0,0.0,0.0,,,,,,
06-05-2025 19:00,1.238775,3.0,3.0,1.409835,3.0,3.0,3.519292,4.0,5.0,-11.178899,4.0,5.0,4.0,0.0,0.0,3.0,0.0,0.0,2.0,0.0,0.0,3.0,0.0,0.0,3.0,0.0,1.0,2.0,0.0,0.0,3.0,0.0,0.0,2.0,13.0,24.0,3.0,0.0,0.0,1.0,0.0,0.0,2.0,0.0,0.0,2.0,0.0,0.0,1.0,0.0,0.0
06-05-2025 20:00,1.238775,3.0,3.0,0.748258,3.0,3.0,3.707933,3.0,3.0,-11.178899,4.0,5.0,4.0,0.0,0.0,3.0,0.0,0.0,2.0,0.0,0.0,3.0,0.0,0.0,3.0,0.0,0.0,2.0,0.0,0.0,4.0,0.0,1.0,1.0,0.0,0.0,3.0,0.0,0.0,1.0,0.0,0.0,1.0,0.0,1.0,2.0,0.0,0.0,1.0,0.0,0.0
06-05-2025 21:00,0.730635,3.0,4.0,-0.244108,3.0,3.0,2.585714,4.0,5.0,-12.556454,4.0,5.0,3.0,0.0,0.0,,,,2.0,0.0,0.0,2.0,0.0,0.0,3.0,0.0,1.0,1.0,0.0,0.0,2.0,0.0,0.0,1.0,0.0,0.0,2.0,0.0,0.0,,,,1.0,0.0,0.0,2.0,0.0,0.0,0.0,0.0,0.0
06-05-2025 22:00,0.269978,3.0,3.0,-0.905685,3.0,3.0,2.257936,3.0,4.0,-12.556454,4.0,5.0,2.0,0.0,0.0,2.0,0.0,1.0,1.0,0.0,0.0,1.0,0.0,0.0,2.0,0.0,0.0,1.0,0.0,0.0,1.0,0.0,0.0,1.0,0.0,0.0,1.0,0.0,0.0,0.0,0.0,0.0,0.0,0.0,0.0,1.0,0.0,0.0,0.0,0.0,0.0
06-05-2025 23:00,-0.052954,3.0,3.0,-1.567263,3.0,3.0,1.555244,3.0,3.0,-12.556454,4.0,5.0,2.0,0.0,0.0,1.0,0.0,1.0,0.0,0.0,0.0,2.0,0.0,0.0,1.0,0.0,1.0,0.0,0.0,0.0,1.0,0.0,0.0,1.0,0.0,0.0,1.0,0.0,0.0,0.0,0.0,0.0,,,,1.0,0.0,0.0,-1.0,0.0,0.0
06-06-2025 00:00,-1.02175,3.0,3.0,-2.559628,4.0,5.0,0.619048,4.0,5.0,-13.934009,4.0,5.0,0.0,0.0,0.0,0.0,0.0,0.0,0.0,0.0,0.0,0.0,0.0,0.0,0.0,0.0,0.0,-1.0,0.0,0.0,0.0,0.0,0.0,0.0,0.0,0.0,0.0,0.0,0.0,-1.0,0.0,0.0,0.0,0.0,0.0,0.0,0.0,0.0,-1.0,0.0,0.0
06-06-2025 01:00,-1.667614,4.0,5.0,,,,0.432681,3.5,4.0,-13.934009,4.0,5.0,0.0,0.0,1.0,-1.0,0.0,0.0,-1.0,0.0,0.0,,,,0.0,0.0,0.0,-2.0,0.0,0.0,0.0,0.0,0.0,,,,-1.0,0.0,0.0,-1.0,0.0,0.0,-2.0,0.0,0.0,-1.0,0.0,0.0,-1.0,0.0,0.0
06-06-2025 02:00,-2.313478,3.0,3.0,-3.033627,3.0,3.0,-0.22278,3.0,3.0,-13.934009,4.0,4.0,-1.0,0.0,0.0,-1.0,0.0,0.0,-1.0,0.0,0.0,0.0,0.0,0.0,0.0,0.0,0.0,-1.0,0.0,0.0,0.0,0.0,0.0,-1.0,0.0,0.0,-1.0,0.0,0.0,-2.0,0.0,0.0,-2.0,0.0,0.0,-1.0,0.0,0.0,-2.0,0.0,0.0
06-06-2025 03:00,-2.63641,3.0,3.0,-3.882783,12.0,14.0,-0.692063,3.0,3.0,-14.561562,4.0,5.0,-1.0,0.0,0.0,-2.0,0.0,1.0,-1.0,0.0,0.0,-1.0,0.0,0.0,-1.0,0.0,0.0,-2.0,0.0,0.0,-1.0,0.0,0.0,-1.0,0.0,0.0,-1.0,0.0,0.0,-2.0,0.0,0.0,-2.0,0.0,0.0,-1.0,0.0,0.0,-2.0,0.0,0.0
06-06-2025 04:00,-2.63641,3.0,3.0,-4.026652,3.0,3.0,-0.692063,3.0,3.0,-15.311564,4.0,5.0,-2.0,0.0,0.0,-1.0,0.0,0.0,-1.0,0.0,0.0,-1.0,0.0,1.0,-1.0,0.0,0.0,-2.0,0.0,0.0,1.0,0.0,0.0,-1.0,0.0,0.0,-2.0,0.0,0.0,-2.0,0.0,0.0,-2.0,0.0,0.0,-1.0,0.0,0.0,-2.0,0.0,0.0
06-06-2025 05:00,-2.313478,3.0,3.0,-4.026652,3.0,3.0,-0.550339,3.0,3.0,-15.311564,4.0,5.0,,,,-2.0,0.0,0.0,-1.0,0.0,0.0,-1.0,0.0,0.0,-1.0,0.0,0.0,-2.0,0.0,0.0,-1.0,0.0,0.0,-1.0,0.0,1.0,-1.0,0.0,0.0,-2.0,0.0,0.0,-2.0,0.0,0.0,-1.0,0.0,0.0,-2.0,0.0,0.0
06-06-2025 06:00,-0.237517,3.0,3.0,-2.559628,3.0,3.0,0.104779,4.0,5.0,-11.178899,4.0,5.0,-1.0,0.0,0.0,2.0,0.0,0.0,-1.0,0.0,0.0,0.0,0.0,0.0,0.0,0.0,0.0,-1.0,0.0,0.0,0.0,0.0,0.0,1.0,0.0,1.0,-1.0,0.0,0.0,0.0,0.0,0.0,0.0,0.0,0.0,1.0,0.0,0.0,-1.0,0.0,0.0
06-06-2025 07:00,-1.02175,3.0,3.0,-3.033627,3.0,3.0,0.29127,3.0,3.0,-12.556454,4.0,5.0,0.0,0.0,0.0,0.0,0.0,0.0,-1.0,0.0,0.0,0.0,0.0,0.0,0.0,0.0,0.0,0.0,0.0,0.0,-1.0,0.0,0.0,0.0,0.0,0.0,-1.0,0.0,0.0,-1.0,0.0,0.0,-1.0,0.0,0.0,0.0,0.0,0.0,-1.0,0.0,0.0
06-06-2025 08:00,-0.375886,3.0,3.0,-0.244108,3.0,3.0,2.209926,3.0,3.0,-12.556454,4.0,5.0,1.0,0.0,0.0,2.0,0.0,0.0,0.0,0.0,0.0,1.0,0.0,0.0,2.0,0.0,0.0,1.0,0.0,0.0,1.0,0.0,0.0,0.0,0.0,0.0,0.0,0.0,0.0,0.0,0.0,0.0,-1.0,0.0,0.0,1.0,0.0,0.0,0.0,0.0,0.0
06-06-2025 09:00,1.238775,3.0,3.0,4.717722,16.0,20.0,6.138022,3.0,4.0,-5.668679,4.0,5.0,2.0,0.0,0.0,6.0,0.0,4.0,1.0,0.0,0.0,2.0,0.0,0.0,6.0,0.0,0.0,,,,1.0,0.0,0.0,1.0,0.0,1.0,2.0,0.0,0.0,2.0,0.0,0.0,1.0,0.0,0.0,3.0,0.0,0.0,,,
06-06-2025 10:00,0.269978,3.0,3.0,7.033242,3.0,3.0,8.756753,3.0,3.0,-2.91357,4.0,5.0,7.0,0.0,0.0,10.0,1.0,2.0,2.0,0.0,0.0,2.0,0.0,0.0,8.0,0.0,0.0,4.0,0.0,0.0,1.0,7.0,16.0,2.0,26.0,43.0,2.0,0.0,0.0,3.0,0.0,0.0,1.0,0.0,0.0,5.0,0.0,0.0,0.0,0.0,0.0
06-06-2025 11:00,-0.052954,3.0,3.0,10.671917,11.0,14.0,9.276442,3.0,3.0,-1.536015,4.0,5.0,8.0,0.0,0.0,8.0,0.0,0.0,2.0,0.0,0.0,3.0,0.0,0.0,9.0,0.0,0.0,6.0,0.0,0.0,1.0,0.0,1.0,2.0,0.0,0.0,2.0,0.0,0.0,2.0,0.0,0.0,0.0,0.0,0.0,6.0,0.0,0.0,-1.0,0.0,0.0
06-06-2025 12:00,0.269978,3.0,3.0,11.136513,3.0,3.0,10.229789,3.0,3.0,-1.536015,4.0,5.0,10.0,0.0,1.0,8.0,0.0,1.0,4.0,0.0,0.0,5.0,0.0,0.0,10.0,0.0,0.0,8.0,0.0,0.0,2.0,0.0,0.0,3.0,0.0,0.0,4.0,0.0,0.0,3.0,0.0,0.0,1.0,0.0,0.0,8.0,0.0,0.0,0.0,0.0,0.0
06-06-2025 13:00,0.730635,3.0,3.0,14.111637,13.0,16.0,10.124603,3.0,3.0,-2.129129,4.0,5.0,10.0,0.0,1.0,9.0,0.0,1.0,6.0,0.0,1.0,6.0,0.0,0.0,10.0,0.0,0.0,8.0,27.0,28.0,3.0,0.0,0.0,3.0,9.0,19.0,6.0,0.0,0.0,,,,2.0,0.0,0.0,8.0,0.0,0.0,1.0,0.0,1.0
06-06-2025 14:00,1.698786,3.0,3.0,13.781068,3.0,3.0,11.048142,3.0,3.0,-4.291125,10.0,13.0,10.0,0.0,0.0,8.0,0.0,0.0,7.0,0.0,0.0,8.0,0.0,0.0,10.0,0.0,0.0,8.0,0.0,0.0,4.0,1.0,1.0,4.0,0.0,0.0,7.0,0.0,0.0,3.0,0.0,0.0,4.0,18.0,31.0,8.0,0.0,0.0,3.0,0.0,0.0
06-06-2025 15:00,3.176367,3.0,3.0,15.103345,3.0,3.0,11.896918,3.0,4.0,-5.668679,4.0,5.0,10.0,0.0,0.0,8.0,0.0,0.0,9.0,0.0,1.0,9.0,0.0,0.0,11.0,0.0,0.0,10.0,0.0,0.0,5.0,0.0,1.0,5.0,1.0,1.0,8.0,0.0,0.0,3.0,0.0,0.0,5.0,0.0,0.0,8.0,0.0,1.0,4.0,0.0,0.0
06-06-2025 16:00,,,,17.7479,3.0,3.0,12.357507,4.0,5.0,-5.668679,4.0,5.0,11.0,0.0,0.0,7.0,0.0,0.0,10.0,0.0,0.0,10.0,0.0,0.0,11.0,0.0,2.0,10.0,0.0,1.0,6.0,33.0,54.0,6.0,0.0,2.0,7.0,0.0,0.0,5.0,0.0,0.0,7.0,4.0,7.0,7.0,18.0,40.0,6.0,0.0,1.0
06-06-2025 17:00,3.957807,3.0,3.0,17.417329,10.0,12.0,9.276442,4.0,5.0,-5.668679,19.0,24.0,11.0,0.0,0.0,7.0,0.0,1.0,8.0,0.0,0.0,9.0,0.0,0.0,10.0,0.0,1.0,10.0,0.0,1.0,6.0,0.0,0.0,6.0,5.0,5.0,,,,6.0,0.0,0.0,6.0,52.0,85.0,6.0,0.0,1.0,6.0,0.0,0.0
06-06-2025 18:00,3.63509,3.0,3.0,14.111637,3.0,3.0,7.447387,4.0,5.0,-7.046234,4.0,5.0,9.0,0.0,1.0,6.0,0.0,0.0,6.0,0.0,1.0,7.0,0.0,0.0,8.0,0.0,1.0,8.0,0.0,1.0,6.0,0.0,0.0,5.0,33.0,55.0,7.0,0.0,0.0,5.0,0.0,1.0,4.0,13.0,27.0,5.0,0.0,0.0,5.0,0.0,1.0
06-06-2025 19:00,3.176367,3.0,3.0,11.136513,8.0,10.0,6.328098,3.0,3.0,-8.42379,4.0,5.0,7.0,0.0,0.0,5.0,0.0,1.0,5.0,0.0,1.0,5.0,0.0,0.0,7.0,0.0,0.0,6.0,0.0,0.0,5.0,0.0,0.5,4.0,0.0,3.0,5.0,1.0,6.0,4.0,0.0,0.0,3.0,0.0,0.0,4.0,0.0,0.0,4.0,0.0,0.0
06-06-2025 20:00,2.530503,3.0,3.0,7.83082,3.0,3.0,5.207936,4.0,5.0,-9.801344,4.0,5.0,7.0,0.0,0.0,5.0,3.0,3.0,4.0,0.0,0.0,5.0,0.0,0.0,6.0,0.0,0.0,4.0,0.0,0.0,4.0,48.0,87.0,4.0,0.0,0.0,4.0,0.0,0.0,3.0,0.0,0.0,3.0,0.0,0.0,4.0,0.0,0.0,3.0,0.0,0.0
06-06-2025 21:00,2.207571,3.0,3.0,4.002437,10.0,12.0,4.224603,3.0,3.0,-9.801344,4.0,5.0,5.0,0.0,0.0,3.0,0.0,0.0,3.0,0.0,0.0,4.0,0.0,0.0,5.0,0.0,1.0,4.0,0.0,0.0,4.0,0.0,0.0,3.0,0.0,0.0,3.0,0.0,0.0,2.0,0.0,0.0,2.0,0.0,0.0,3.0,0.0,0.0,2.0,0.0,0.0
06-06-2025 22:00,1.561707,3.0,3.0,2.402201,3.0,3.0,3.19195,3.0,3.0,-11.178899,6.0,7.0,4.0,0.0,0.0,2.0,0.0,0.0,2.0,0.0,0.0,3.0,0.0,0.0,3.0,0.0,0.0,3.0,0.0,0.0,3.0,0.0,0.0,3.0,0.0,2.0,3.0,0.0,0.0,2.0,0.0,0.0,1.0,0.0,0.0,2.0,0.0,0.0,2.0,0.0,0.0
06-06-2025 23:00,0.59291,3.0,3.0,0.417469,13.0,16.0,2.725254,3.0,3.0,-12.556454,4.0,5.0,3.0,0.0,0.0,2.0,0.0,1.0,1.0,0.0,0.0,2.0,0.0,0.0,2.0,0.0,0.0,1.0,0.0,0.0,2.0,4.0,7.0,1.0,0.0,1.0,2.0,0.0,0.0,1.0,0.0,0.0,1.0,0.0,0.0,2.0,0.0,0.0,1.0,0.0,0.0
06-07-2025 00:00,0.269978,3.0,3.0,-0.574897,3.0,3.0,2.397695,3.0,3.0,-12.556454,4.0,5.0,2.0,0.0,0.0,1.0,0.0,0.0,1.0,0.0,0.0,2.0,0.0,0.0,2.0,0.0,0.0,1.0,0.0,0.0,2.0,0.0,0.0,1.0,0.0,0.0,2.0,0.0,0.0,0.0,0.0,1.0,1.0,1.0,1.0,1.0,0.0,0.0,1.0,0.0,0.0
06-07-2025 01:00,-0.052954,3.0,3.0,-1.236474,15.0,18.0,2.070136,3.0,4.0,-12.556454,4.0,5.0,2.0,0.0,0.0,0.0,0.0,0.0,1.0,0.0,0.0,1.0,0.0,0.0,2.0,0.0,0.0,1.0,0.0,0.0,1.0,0.0,0.0,1.0,0.0,0.0,1.0,0.0,0.0,0.0,0.0,0.0,0.0,3.0,6.0,0.0,0.0,0.0,0.0,0.0,0.0
06-07-2025 02:00,-0.375886,3.0,3.0,-1.898051,3.0,3.0,1.742576,3.0,3.0,-12.556454,4.0,5.0,1.0,0.0,0.0,0.0,0.0,0.0,1.0,0.0,0.0,1.0,0.0,0.0,,,,0.0,0.0,0.0,1.0,0.0,1.0,1.0,0.0,0.0,0.0,0.0,0.0,0.0,0.0,1.0,0.0,1.0,1.0,,,,0.0,0.0,0.0
06-07-2025 03:00,-0.698818,3.0,3.0,-1.898051,3.0,3.0,1.415017,3.0,3.0,-13.934009,4.0,5.0,1.0,0.0,0.0,0.0,0.0,0.0,0.0,0.0,0.0,1.0,0.0,0.0,1.0,0.0,0.0,0.0,0.0,0.0,1.0,0.0,0.0,1.0,0.0,0.0,1.0,0.0,0.0,-1.0,0.0,0.0,-1.0,0.0,0.0,0.0,0.0,0.0,0.0,0.0,0.0
06-07-2025 04:00,-0.698818,3.0,3.0,-1.898051,3.0,3.0,,,,-12.556454,4.0,5.0,1.0,0.0,0.0,0.0,0.0,0.0,0.0,0.0,0.0,1.0,0.0,0.0,1.0,0.0,0.0,0.0,0.0,0.0,1.0,0.0,0.0,1.0,0.0,0.0,0.0,0.0,0.0,-1.0,0.0,0.0,0.0,0.0,0.0,0.0,0.0,0.0,0.0,0.0,0.0
06-07-2025 05:00,-0.698818,3.0,3.0,-1.567263,3.0,3.0,1.415017,3.0,3.0,-12.556454,4.0,5.0,1.0,0.0,0.0,1.0,0.0,0.0,0.0,0.0,0.0,1.0,0.0,0.0,1.0,0.0,0.0,0.0,0.0,0.0,1.0,0.0,0.0,1.0,0.0,0.0,0.0,0.0,0.0,0.0,0.0,0.0,,,,0.0,0.0,0.0,0.0,0.0,0.0
06-07-2025 06:00,-0.375886,3.0,3.0,-0.905685,3.0,3.0,1.742576,3.0,3.0,-12.556454,4.0,5.0,2.0,0.0,0.0,1.0,0.0,0.0,0.0,0.0,0.0,1.0,0.0,0.0,1.0,0.0,0.0,0.0,0.0,0.0,1.0,0.0,0.0,,,,1.0,0.0,0.0,0.0,0.0,0.0,0.0,0.0,0.0,1.0,0.0,0.0,0.0,0.0,0.0
06-07-2025 07:00,-0.052954,3.0,3.0,-0.244108,11.0,14.0,2.070136,4.0,5.0,-11.178899,4.0,5.0,2.0,0.0,0.0,2.0,0.0,0.0,1.0,0.0,0.0,2.0,0.0,0.0,2.0,0.0,0.0,1.0,0.0,0.0,2.0,0.0,0.0,1.0,0.0,0.0,1.0,0.0,0.0,,,,0.0,0.0,0.0,1.0,0.0,0.0,0.0,0.0,0.0
06-07-2025 08:00,0.59291,3.0,3.0,0.748258,3.0,3.0,2.725254,4.0,5.0,-11.178899,4.0,5.0,3.0,0.0,1.0,2.0,0.0,0.0,1.0,0.0,0.0,2.0,0.0,0.0,3.0,0.0,0.0,1.0,0.0,0.0,3.0,0.0,0.0,1.0,0.0,1.0,2.0,0.0,0.0,0.0,0.0,0.0,1.0,1.0,1.0,1.0,0.0,0.0,1.0,0.0,0.0
06-07-2025 09:00,0.59291,3.0,3.0,0.748258,13.0,16.0,2.864609,3.0,4.0,-11.178899,4.0,5.0,,,,,,,1.0,0.0,0.0,2.0,0.0,0.0,3.0,0.0,0.0,2.0,0.0,0.0,3.0,0.0,0.0,1.0,0.0,1.0,2.0,0.0,0.0,1.0,0.0,0.0,1.0,0.0,0.0,2.0,0.0,0.0,0.0,0.0,0.0
06-07-2025 10:00,0.915842,3.0,3.0,2.071412,3.0,3.0,2.913492,4.0,5.0,-11.178899,4.0,5.0,3.0,0.0,0.0,3.0,0.0,0.0,2.0,0.0,0.0,3.0,0.0,0.0,3.0,0.0,0.0,2.0,0.0,0.0,3.0,0.0,1.0,2.0,0.0,0.0,3.0,0.0,0.0,0.0,0.0,0.0,1.0,1.0,1.0,2.0,0.0,0.0,1.0,0.0,0.0
06-07-2025 11:00,1.561707,3.0,3.0,4.056144,3.0,3.0,3.896825,3.0,3.0,-9.801344,4.0,5.0,4.0,0.0,0.0,4.0,0.0,0.0,2.0,0.0,0.0,4.0,0.0,0.0,4.0,0.0,0.0,3.0,0.0,0.0,4.0,0.0,0.0,2.0,1.0,1.0,3.0,0.0,0.0,1.0,0.0,0.0,2.0,0.0,1.0,2.0,0.0,0.0,1.0,0.0,0.0
06-07-2025 12:00,2.530503,3.0,3.0,6.371665,3.0,3.0,5.673289,3.0,3.0,,,,6.0,0.0,0.0,6.0,0.0,0.0,4.0,0.0,0.0,5.0,0.0,0.0,5.0,0.0,0.0,4.0,0.0,0.0,,,,2.0,0.0,0.0,5.0,0.0,0.0,2.0,0.0,0.0,3.0,0.0,1.0,3.0,0.0,0.0,2.0,0.0,0.0
06-07-2025 13:00,2.853435,3.0,3.0,6.371665,12.0,15.0,5.863492,3.0,3.0,-8.42379,5.0,6.0,7.0,0.0,0.0,7.0,0.0,0.0,5.0,0.0,0.0,,,,6.0,0.0,1.0,5.0,0.0,0.0,5.0,0.0,0.0,3.0,17.0,38.0,5.0,0.0,0.0,3.0,0.0,0.0,4.0,15.0,28.0,4.0,0.0,0.0,3.0,0.0,1.0
06-07-2025 14:00,3.312372,3.0,3.0,6.371665,3.0,3.0,7.830158,3.0,4.0,-7.046234,4.0,5.0,7.0,0.0,0.0,7.0,0.0,0.0,5.0,0.0,0.0,7.0,0.0,0.0,7.0,0.0,1.0,6.0,0.0,0.0,6.0,0.0,0.0,5.0,1.0,1.0,6.0,0.0,1.0,4.0,0.0,0.0,5.0,0.0,0.0,5.0,0.0,1.0,4.0,0.0,0.0
06-07-2025 15:00,2.989655,3.0,3.0,9.017974,12.0,15.0,9.411436,4.0,5.0,-7.046234,4.0,5.0,8.0,0.0,0.0,8.0,0.0,0.0,7.0,0.0,0.0,8.0,0.0,0.0,7.0,0.0,0.0,8.0,0.0,9.0,7.0,0.0,0.0,6.0,0.0,1.0,7.0,0.0,0.0,4.0,0.0,0.0,6.0,0.0,0.0,6.0,0.0,0.0,5.0,0.0,0.0
06-07-2025 16:00,,,,,,,11.702825,3.0,4.0,-7.046234,4.0,5.0,8.0,0.0,0.0,7.0,0.0,0.0,,,,11.0,0.0,0.0,8.0,0.0,0.0,8.0,0.0,0.0,6.0,0.0,0.0,6.0,1.0,3.0,,,,4.0,0.0,0.0,6.0,0.0,0.0,5.0,0.0,0.0,6.0,0.0,0.0
06-07-2025 19:00,2.021503,3.0,3.0,3.725355,3.0,4.0,6.328408,4.0,5.0,-9.801344,4.0,5.0,5.0,0.0,0.0,5.0,0.0,1.0,3.0,0.0,0.0,5.0,0.0,0.0,5.0,0.0,0.0,5.0,0.0,0.0,6.0,0.0,0.0,4.0,0.0,0.0,4.0,0.0,0.0,3.0,0.0,0.0,4.0,0.0,0.0,3.0,0.0,0.0,4.0,0.0,0.0
06-07-2025 20:00,1.884638,3.0,3.0,1.740624,3.0,3.0,4.552381,3.0,3.0,-9.801344,4.0,5.0,4.0,0.0,0.0,4.0,0.0,1.0,2.0,0.0,0.0,5.0,0.0,0.0,4.0,0.0,0.0,2.0,0.0,0.0,5.0,0.0,0.0,3.0,0.0,1.0,4.0,0.0,0.0,1.0,0.0,0.0,2.0,0.0,0.0,2.0,0.0,0.0,2.0,0.0,0.0
06-07-2025 21:00,1.238775,3.0,4.0,0.748258,3.0,3.0,4.035492,3.0,3.0,-10.417417,4.0,5.0,3.0,0.0,0.0,3.0,0.0,0.0,1.0,0.0,0.0,3.0,0.0,0.0,3.0,0.0,0.0,2.0,0.0,0.0,3.0,0.0,0.0,3.0,0.0,1.0,2.0,0.0,0.0,1.0,0.0,0.0,1.0,0.0,0.0,2.0,0.0,0.0,2.0,0.0,0.0
06-07-2025 22:00,0.59291,3.0,3.0,-0.244108,3.0,3.0,2.864609,3.0,3.0,-11.178899,4.0,5.0,2.0,0.0,0.0,2.0,0.0,0.0,1.0,0.0,0.0,3.0,0.0,0.0,2.0,0.0,0.0,1.0,0.0,0.0,3.0,0.0,0.0,2.0,0.0,1.0,1.0,0.0,0.0,0.0,0.0,0.0,1.0,0.0,0.0,2.0,0.0,0.0,1.0,0.0,0.0
06-07-2025 23:00,0.269978,3.0,3.0,-0.905685,4.0,5.0,2.725254,3.0,3.0,-11.178899,4.0,5.0,2.0,0.0,0.0,2.0,0.0,1.0,0.0,0.0,0.0,3.0,0.0,0.0,2.0,0.0,0.0,1.0,0.0,0.0,3.0,0.0,0.0,2.0,0.0,1.0,1.0,0.0,0.0,0.0,0.0,0.0,1.0,0.0,0.0,1.0,0.0,0.0,1.0,0.0,0.0
06-08-2025 00:00,-0.052954,3.0,3.0,-1.567263,3.0,3.0,1.882585,3.0,3.0,-12.556454,4.0,5.0,1.0,0.0,0.0,1.0,0.0,0.0,,,,2.0,0.0,0.0,2.0,0.0,0.0,1.0,0.0,0.0,2.0,0.0,0.0,1.0,4.0,17.0,1.0,0.0,0.0,0.0,0.0,0.0,0.0,0.0,0.0,1.0,0.0,0.0,1.0,0.0,0.0
06-08-2025 01:00,-0.375886,3.0,3.0,-1.42512,3.0,3.0,1.742576,3.0,3.0,-12.556454,4.0,5.0,1.0,0.0,0.0,1.0,0.0,0.0,0.0,0.0,0.0,1.0,0.0,0.0,1.0,0.0,0.0,0.0,0.0,0.0,2.0,0.0,1.0,1.0,29.0,48.0,1.0,0.0,0.0,,,,0.0,0.0,0.0,1.0,0.0,0.0,0.0,0.0,0.0
06-08-2025 02:00,-0.375886,3.0,3.0,-1.898051,3.0,3.0,1.602381,3.0,3.0,-12.556454,4.0,5.0,1.0,0.0,0.0,1.0,0.0,0.0,0.0,0.0,0.0,1.0,0.0,0.0,1.0,0.0,0.0,0.0,0.0,0.0,1.0,0.0,0.0,1.0,0.0,1.0,1.0,0.0,0.0,0.0,0.0,0.0,0.0,0.0,1.0,1.0,0.0,0.0,0.0,0.0,0.0
06-08-2025 03:00,-0.698818,3.0,3.0,-2.559628,,,1.087458,3.0,3.0,-13.934009,4.0,5.0,1.0,0.0,0.0,1.0,0.0,0.0,0.0,0.0,0.0,1.0,0.0,0.0,1.0,0.0,0.0,,,,1.0,3.0,9.0,1.0,3.0,9.0,0.0,0.0,0.0,-1.0,0.0,0.0,0.0,0.0,0.0,0.0,0.0,0.0,0.0,0.0,0.0
06-08-2025 04:00,-1.344682,3.0,3.0,-2.559628,3.0,3.0,0.619048,3.0,3.0,-13.934009,4.0,5.0,0.0,0.0,0.0,0.0,0.0,1.0,,,,0.0,0.0,0.0,0.0,0.0,0.0,0.0,0.0,0.0,1.0,0.0,0.0,0.0,0.0,1.0,0.0,0.0,0.0,-1.0,0.0,0.0,-1.0,0.0,0.0,0.0,0.0,0.0,-1.0,0.0,0.0
06-08-2025 05:00,-1.344682,3.0,3.0,,,,0.619048,3.0,3.0,-13.934009,4.0,5.0,0.0,0.0,0.0,0.0,0.0,0.0,0.0,0.0,0.0,0.0,0.0,0.0,0.0,0.0,0.0,-1.0,0.0,0.0,0.0,0.0,0.0,0.0,0.0,1.0,0.0,0.0,0.0,-1.0,0.0,0.0,-1.0,0.0,0.0,0.0,0.0,0.0,-1.0,0.0,0.0
06-08-2025 06:00,-0.375886,3.0,3.0,-1.898051,15.0,19.0,1.087458,3.0,3.0,-13.934009,4.0,5.0,1.0,0.0,0.0,1.0,0.0,0.0,0.0,0.0,0.0,1.0,0.0,0.0,1.0,0.0,0.0,0.0,0.0,0.0,1.0,0.0,0.0,0.0,1.0,4.0,0.0,0.0,0.0,-1.0,0.0,0.0,0.0,0.0,0.0,1.0,0.0,0.0,-1.0,0.0,0.0
06-08-2025 07:00,-0.375886,3.0,3.0,-1.094551,3.0,3.0,1.087458,3.0,3.0,-12.556454,4.0,5.0,1.0,0.0,0.0,1.0,0.0,0.0,0.0,0.0,0.0,1.0,0.0,0.0,1.0,0.0,0.0,-1.0,0.0,3.0,0.0,0.0,0.0,-1.0,0.0,1.0,-1.0,0.0,0.0,0.0,0.0,0.0,-1.0,0.0,1.0,0.0,0.0,0.0,-1.0,0.0,0.0
06-08-2025 08:00,-1.667614,3.0,3.0,-2.890417,12.0,15.0,-0.036508,4.0,5.0,-13.934009,4.0,5.0,0.0,0.0,0.0,0.0,0.0,1.0,-1.0,0.0,0.0,0.0,0.0,0.0,1.0,0.0,0.0,,,,-1.0,0.0,1.0,-2.0,0.0,1.0,-1.0,0.0,0.0,-1.0,0.0,0.0,-2.0,0.0,0.0,-1.0,0.0,0.0,-2.0,0.0,0.0
06-08-2025 09:00,-1.990546,9.0,11.0,-3.221206,3.0,3.0,1.087458,3.0,3.0,-13.934009,4.0,4.0,1.0,0.0,0.0,0.0,0.0,0.0,-1.0,0.0,0.0,0.0,0.0,0.0,1.0,0.0,0.0,-1.0,0.0,0.0,-1.0,0.0,0.0,-1.0,0.0,3.0,-1.0,0.0,0.0,-2.0,0.0,0.0,-1.0,12.0,22.0,-1.0,0.0,0.0,-2.0,0.0,0.0
06-08-2025 10:00,-1.344682,3.0,3.0,-1.898051,11.0,13.0,0.946825,4.0,5.0,-12.556454,4.0,5.0,1.0,0.0,1.0,0.0,0.0,1.0,-1.0,0.0,0.0,0.0,0.0,0.0,2.0,0.0,0.0,0.0,0.0,0.0,0.0,0.0,1.0,-1.0,0.0,2.0,0.0,0.0,0.0,-1.0,0.0,0.0,-1.0,0.0,4.0,-1.0,0.0,0.0,-2.0,0.0,0.0
06-08-2025 11:00,-0.698818,3.0,3.0,-1.567263,3.0,3.0,2.070136,4.0,5.0,-12.556454,4.0,5.0,,,,1.0,0.0,0.0,-1.0,0.0,0.0,1.0,0.0,0.0,2.0,0.0,0.0,0.0,0.0,0.0,0.0,1.0,1.0,0.0,0.0,2.0,0.0,0.0,0.0,-1.0,0.0,0.0,,,,0.0,0.0,0.0,,,
06-08-2025 12:00,-0.375886,3.0,3.0,-0.574897,3.0,3.0,2.397695,4.0,5.0,-12.556454,4.0,5.0,2.0,0.0,0.0,1.0,0.0,0.0,0.0,0.0,0.0,2.0,0.0,0.0,2.0,0.0,0.0,1.0,0.0,0.0,1.0,0.0,0.0,0.0,3.0,6.0,1.0,0.0,0.0,0.0,0.0,0.0,0.0,0.0,0.0,1.0,0.0,0.0,-1.0,0.0,1.0
06-08-2025 13:00,-0.375886,3.0,3.0,0.086681,3.0,3.0,2.725254,3.0,3.0,-12.556454,5.0,6.0,3.0,0.0,0.0,2.0,0.0,0.0,1.0,0.0,0.0,2.0,0.0,0.0,2.0,0.0,0.0,1.0,0.0,0.0,2.0,33.0,57.0,,,,1.0,0.0,0.0,0.0,0.0,0.0,1.0,0.0,1.0,1.0,0.0,0.0,0.0,0.0,1.0
06-08-2025 14:00,-0.698818,3.0,3.0,0.748258,14.0,17.0,,,,-12.556454,4.0,5.0,3.0,0.0,0.0,1.0,0.0,0.0,1.0,0.0,0.0,2.0,0.0,0.0,2.0,0.0,0.0,1.0,0.0,0.0,2.0,0.0,0.0,1.0,0.0,0.0,1.0,0.0,0.0,0.0,0.0,0.0,1.0,0.0,0.0,,,,0.0,0.0,0.0
06-08-2025 15:00,-0.375886,3.0,3.0,0.086681,3.0,3.0,2.070136,4.0,5.0,-12.556454,4.0,5.0,2.0,0.0,0.0,2.0,0.0,0.0,0.0,0.0,0.0,2.0,0.0,0.0,2.0,0.0,0.0,1.0,0.0,0.0,2.0,0.0,0.0,1.0,0.0,0.0,1.0,0.0,0.0,0.0,0.0,0.0,0.0,0.0,0.0,0.0,0.0,0.0,0.0,0.0,0.0
06-08-2025 16:00,-0.052954,3.0,3.0,0.417469,3.0,3.0,2.397695,4.0,5.0,-11.178899,4.0,5.0,2.0,0.0,0.0,2.0,0.0,0.0,1.0,0.0,0.0,2.0,0.0,0.0,2.0,0.0,0.0,1.0,0.0,0.0,2.0,0.0,0.0,1.0,0.0,0.0,,,,0.0,0.0,0.0,1.0,0.0,0.0,1.0,0.0,0.0,0.0,0.0,0.0
06-08-2025 17:00,,,,0.748258,3.0,3.0,3.052814,4.0,5.0,-11.178899,4.0,4.0,2.0,0.0,0.0,2.0,0.0,0.0,1.0,0.0,0.0,3.0,0.0,0.0,2.0,0.0,0.0,2.0,0.0,0.0,2.0,0.0,0.0,2.0,0.0,0.0,1.0,0.0,0.0,,,,1.0,0.0,0.0,1.0,0.0,0.0,1.0,0.0,0.0
06-08-2025 18:00,0.269978,3.0,3.0,0.748258,10.0,12.0,2.913492,3.0,3.0,-11.178899,4.0,5.0,2.0,0.0,0.0,,,,1.0,0.0,0.0,2.0,0.0,0.0,2.0,0.0,0.0,1.0,0.0,0.0,2.0,0.0,0.0,2.0,0.0,0.0,1.0,0.0,0.0,0.0,0.0,0.0,1.0,0.0,0.0,1.0,0.0,0.0,1.0,0.0,0.0
06-08-2025 19:00,0.269978,3.0,3.0,1.079047,3.0,3.0,2.725254,3.0,3.0,-11.178899,4.0,5.0,2.0,0.0,0.0,2.0,0.0,0.0,1.0,0.0,0.0,2.0,0.0,0.0,2.0,0.0,0.0,1.0,0.0,0.0,3.0,0.0,0.0,2.0,0.0,0.0,1.0,0.0,0.0,0.0,0.0,0.0,1.0,0.0,0.0,1.0,0.0,0.0,1.0,0.0,0.0
06-08-2025 20:00,0.59291,3.0,3.0,1.079047,3.0,3.0,3.052814,4.0,5.0,-11.178899,4.0,5.0,2.0,0.0,0.0,2.0,0.0,0.0,1.0,0.0,0.0,2.0,0.0,0.0,2.0,0.0,0.0,1.0,0.0,0.0,2.0,0.0,0.0,2.0,0.0,0.0,2.0,0.0,0.0,1.0,0.0,0.0,1.0,0.0,0.0,1.0,0.0,0.0,1.0,0.0,0.0
06-08-2025 21:00,0.59291,3.0,3.0,0.748258,3.0,3.0,3.052814,3.0,3.0,-11.178899,4.0,5.0,2.0,0.0,1.0,2.0,0.0,1.0,1.0,0.0,1.0,2.0,0.0,1.0,2.0,0.0,0.0,1.0,0.0,1.0,2.0,0.0,1.0,2.0,0.0,1.0,1.0,0.0,0.0,1.0,0.0,1.0,1.0,0.0,0.0,1.0,0.0,0.0,1.0,0.0,0.0
06-08-2025 22:00,0.269978,5.0,6.0,0.086681,9.0,11.0,2.725254,3.0,3.0,-11.178899,6.0,7.0,2.0,0.0,0.0,2.0,0.0,3.0,1.0,0.0,0.0,2.0,0.0,0.0,2.0,0.0,0.0,1.0,0.0,0.0,3.0,0.0,1.0,2.0,0.0,1.0,1.0,1.0,3.0,1.0,0.0,0.0,1.0,0.0,1.0,1.0,0.0,0.0,1.0,0.0,1.0
06-08-2025 23:00,0.269978,3.0,3.0,0.417469,3.0,3.0,2.725254,3.0,3.0,-11.178899,4.0,5.0,2.0,0.0,0.0,2.0,0.0,1.0,1.0,0.0,1.0,2.0,0.0,0.0,2.0,0.0,0.0,1.0,0.0,0.0,2.0,0.0,0.0,2.0,0.0,4.0,1.0,0.0,0.0,1.0,0.0,0.0,1.0,0.0,0.0,1.0,0.0,1.0,1.0,0.0,0.0
06-09-2025 00:00,0.269978,4.0,5.0,-0.244108,11.0,14.0,2.397695,3.0,3.0,-11.178899,4.0,5.0,2.0,0.0,0.0,2.0,0.0,0.0,1.0,0.0,0.0,,,,2.0,0.0,0.0,1.0,0.0,0.0,2.0,0.0,0.0,2.0,0.0,1.0,1.0,0.0,0.0,1.0,0.0,0.0,1.0,0.0,0.0,1.0,0.0,1.0,1.0,0.0,0.0
06-09-2025 01:00,0.59291,3.0,3.0,-0.385561,3.0,3.0,2.397695,3.0,3.0,-11.178899,4.0,5.0,2.0,0.0,0.0,2.0,0.0,11.0,1.0,0.0,0.0,2.0,0.0,0.0,2.0,0.0,0.0,1.0,0.0,0.0,2.0,0.0,1.0,2.0,1.0,15.0,1.0,0.0,1.0,1.0,0.0,1.0,1.0,0.0,1.0,1.0,0.0,0.0,1.0,0.0,0.0
06-09-2025 02:00,0.269978,12.0,15.0,-0.905685,3.0,3.0,2.327925,3.0,3.0,-11.798799,6.0,7.0,1.0,0.0,1.0,2.0,0.0,1.0,1.0,0.0,0.0,2.0,0.0,1.0,1.0,0.0,0.0,0.0,0.0,0.0,2.0,0.0,1.0,2.0,0.0,7.0,1.0,0.0,0.0,0.0,0.0,0.0,1.0,0.0,0.0,1.0,0.0,1.0,1.0,0.0,1.0
06-09-2025 03:00,-0.052954,3.0,3.0,-1.236474,3.0,3.0,1.742576,4.0,4.0,-12.556454,14.0,18.0,1.0,0.0,0.0,1.0,0.0,1.0,1.0,0.0,0.0,1.0,0.0,0.0,1.0,0.0,0.0,0.0,0.0,0.0,2.0,0.0,1.0,1.0,0.0,1.0,1.0,0.0,1.0,0.0,0.0,1.0,0.0,0.0,0.0,1.0,0.0,0.0,0.0,0.0,0.0
06-09-2025 04:00,-0.375886,6.0,7.0,-1.567263,14.0,17.0,1.742576,3.0,3.0,-12.556454,4.0,5.0,1.0,0.0,0.0,1.0,0.0,1.0,0.0,0.0,0.0,1.0,0.0,6.0,1.0,0.0,0.0,0.0,0.0,0.0,1.0,0.0,0.0,1.0,1.0,4.0,0.0,0.0,0.0,0.0,0.0,0.0,0.0,0.0,1.0,0.0,0.0,0.0,0.0,0.0,0.0
06-09-2025 05:00,-0.375886,3.0,3.0,-1.567263,3.0,3.0,0.759898,3.0,3.0,-11.178899,4.0,5.0,0.0,0.0,0.0,2.0,0.0,0.0,0.0,0.0,0.0,0.0,0.0,0.0,0.0,0.0,0.0,-1.0,0.0,0.0,2.0,0.0,0.0,1.0,0.0,0.0,-1.0,0.0,0.0,0.0,0.0,0.0,0.0,0.0,0.0,1.0,0.0,0.0,0.0,0.0,0.0
06-09-2025 06:00,0.59291,3.0,3.0,-0.905685,6.0,7.0,1.415017,3.0,3.0,-11.178899,4.0,5.0,1.0,0.0,0.0,2.0,0.0,1.0,0.0,0.0,0.0,1.0,0.0,0.0,1.0,0.0,0.0,0.0,0.0,0.0,2.0,0.0,0.0,2.0,0.0,0.0,0.0,0.0,0.0,1.0,0.0,0.0,1.0,0.0,0.0,1.0,0.0,0.0,0.0,0.0,0.0
06-09-2025 07:00,2.207571,3.0,3.0,1.079047,3.0,3.0,1.930159,3.0,3.0,-8.42379,4.0,5.0,3.0,0.0,0.0,5.0,0.0,1.0,1.0,0.0,0.0,2.0,0.0,0.0,2.0,0.0,0.0,1.0,0.0,0.0,3.0,0.0,0.0,3.0,0.0,1.0,1.0,0.0,0.0,3.0,0.0,0.0,2.0,0.0,0.0,3.0,0.0,0.0,1.0,0.0,0.0
06-09-2025 08:00,1.238775,3.0,3.0,2.73299,8.0,10.0,4.224603,3.0,3.0,-7.046234,4.0,5.0,4.0,0.0,0.0,7.0,0.0,1.0,2.0,0.0,0.0,2.0,0.0,0.0,4.0,0.0,0.0,3.0,0.0,1.0,2.0,0.0,0.0,3.0,0.0,0.0,1.0,0.0,0.0,2.0,0.0,0.0,2.0,0.0,0.0,4.0,0.0,0.0,2.0,0.0,0.0
06-09-2025 09:00,1.561707,3.0,3.0,3.394567,3.0,3.0,5.34573,4.0,5.0,-5.668679,4.0,5.0,5.0,0.0,0.0,6.0,0.0,0.0,2.0,0.0,0.0,2.0,0.0,0.0,4.0,0.0,0.0,3.0,0.0,1.0,3.0,0.0,0.0,4.0,0.0,0.0,2.0,0.0,0.0,2.0,0.0,0.0,2.0,0.0,0.0,5.0,0.0,0.0,2.0,0.0,0.0
06-09-2025 10:00,2.207571,3.0,3.0,4.717722,20.0,26.0,7.447387,4.0,5.0,-5.668679,4.0,5.0,,,,8.0,0.0,0.0,3.0,0.0,0.0,3.0,0.0,0.0,7.0,0.0,0.0,5.0,0.0,0.0,,,,4.0,1.0,1.0,3.0,0.0,0.0,,,,2.0,0.0,1.0,5.0,0.0,0.0,3.0,0.0,0.0
06-09-2025 11:00,1.884638,3.0,3.0,5.710088,3.0,3.0,8.485714,4.0,5.0,-2.91357,4.0,5.0,6.0,0.0,0.0,10.0,0.0,0.0,4.0,0.0,0.0,4.0,0.0,0.0,8.0,0.0,0.0,6.0,0.0,0.0,3.0,0.0,0.0,4.0,1.0,2.0,3.0,0.0,0.0,3.0,0.0,0.0,2.0,0.0,0.0,7.0,0.0,0.0,3.0,0.0,1.0
06-09-2025 12:00,2.853435,3.0,3.0,6.371665,8.0,10.0,9.411436,3.0,4.0,-0.15846,4.0,5.0,9.0,0.0,0.0,12.0,0.0,1.0,6.0,0.0,0.0,6.0,0.0,0.0,8.0,0.0,0.0,7.0,0.0,0.0,3.0,0.0,0.0,5.0,0.0,0.0,5.0,0.0,0.0,4.0,0.0,0.0,3.0,0.0,0.0,8.0,0.0,0.0,4.0,0.0,0.0
06-09-2025 13:00,4.468095,3.0,3.0,7.033242,3.0,3.0,9.411436,4.0,5.0,-0.15846,4.0,5.0,7.0,0.0,0.0,11.0,0.0,0.0,8.0,0.0,0.0,6.0,0.0,3.0,9.0,0.0,0.0,7.0,0.0,1.0,4.0,0.0,0.0,7.0,0.0,0.0,7.0,0.0,0.0,5.0,0.0,0.0,6.0,0.0,0.0,8.0,0.0,0.0,4.0,0.0,0.0
06-09-2025 14:00,4.468095,4.0,5.0,8.822527,10.0,13.0,10.393459,4.0,5.0,-1.536015,4.0,5.0,8.0,0.0,0.0,11.0,0.0,1.0,10.0,0.0,0.0,7.0,0.0,0.0,9.0,0.0,0.0,8.0,0.0,0.0,7.0,0.0,0.0,7.0,0.0,0.0,8.0,0.0,0.0,6.0,0.0,0.0,6.0,0.0,0.0,9.0,0.0,0.0,6.0,0.0,0.0
06-09-2025 15:00,4.468095,3.0,3.0,7.694819,3.0,3.0,9.34383,3.0,3.0,-2.91357,5.0,6.0,8.0,0.0,0.0,10.0,0.0,2.0,7.0,0.0,0.0,7.0,0.0,1.0,8.0,0.0,0.0,7.0,0.0,1.0,6.0,0.0,0.0,7.0,0.0,0.0,6.0,0.0,0.0,6.0,0.0,0.0,5.0,0.0,0.0,8.0,0.0,0.0,6.0,0.0,0.0
06-09-2025 16:00,,,,,,,,,,-4.291125,4.0,5.0,7.0,0.0,0.0,8.0,0.0,1.0,6.0,0.0,0.0,5.0,0.0,0.0,,,,,,,7.0,0.0,0.0,,,,,,,5.0,0.0,0.0,,,,7.0,0.0,0.0,5.0,0.0,0.0
06-09-2025 18:00,3.312372,3.0,3.0,,,,,,,,,,,,,,,,,,,,,,,,,,,,,,,5.0,0.0,2.0,,,,,,,,,,,,,,,
06-09-2025 19:00,,,,3.725355,3.0,3.0,6.655967,3.0,3.0,-7.046234,4.0,5.0,5.0,0.0,0.0,7.0,0.0,0.0,5.0,0.0,0.0,5.0,0.0,0.0,6.0,0.0,0.0,5.0,0.0,0.0,6.0,0.0,0.0,,,,4.0,0.0,0.0,4.0,0.0,0.0,4.0,0.0,0.0,6.0,0.0,0.0,4.0,0.0,0.0
06-09-2025 20:00,4.468095,3.0,3.0,2.73299,12.0,15.0,6.138022,3.0,3.0,,,,5.0,0.0,0.0,,,,6.0,0.0,0.0,6.0,0.0,0.0,6.0,0.0,0.0,5.0,0.0,0.0,,,,6.0,0.0,0.0,5.0,0.0,0.0,6.0,0.0,0.0,,,,6.0,0.0,0.0,5.0,0.0,0.0
06-09-2025 21:00,3.822231,3.0,3.0,3.394567,3.0,3.0,6.519047,4.0,5.0,-7.046234,4.0,4.5,5.0,0.0,0.0,7.0,0.0,0.5,5.0,0.0,0.0,5.0,0.0,0.0,6.0,0.0,0.0,4.0,0.0,0.0,7.0,0.0,0.0,6.0,0.0,1.0,5.0,0.0,0.0,5.0,0.0,0.0,6.5,0.0,0.0,6.0,0.0,0.0,4.0,0.0,0.0
06-09-2025 22:00,3.499299,3.0,3.0,1.409835,5.0,6.0,5.34573,4.0,5.0,-8.42379,4.0,5.0,5.0,0.0,0.0,5.0,0.0,0.0,4.0,0.0,0.0,5.0,0.0,0.0,5.0,0.0,0.0,4.0,0.0,0.0,5.0,0.0,0.0,5.0,0.0,0.0,4.0,0.0,0.0,4.0,0.0,0.0,5.0,0.0,0.0,5.0,0.0,0.0,4.0,0.0,0.0
06-09-2025 23:00,3.499299,3.0,3.0,1.409835,3.0,3.0,5.155998,4.0,5.0,-8.42379,4.0,5.0,4.0,0.0,0.0,5.0,0.0,1.0,4.0,0.0,0.0,5.0,0.0,0.0,5.0,0.0,0.0,4.0,0.0,0.0,5.0,0.0,0.0,5.0,0.0,0.0,4.0,0.0,0.0,4.0,0.0,0.0,4.0,0.0,0.0,5.0,0.0,0.0,4.0,0.0,0.0
06-10-2025 00:00,3.822231,3.0,3.0,1.079047,3.0,3.0,4.690611,3.0,3.0,-9.801344,4.0,5.0,4.0,0.0,0.0,5.0,0.0,1.0,4.0,0.0,0.0,5.0,0.0,0.0,5.0,0.0,0.0,3.0,0.0,0.0,6.0,0.0,0.0,5.0,0.0,0.0,4.0,0.0,0.0,4.0,0.0,0.0,4.0,0.0,0.0,5.0,0.0,0.0,4.0,0.0,0.0
06-10-2025 01:00,3.499299,3.0,3.0,,,,3.896825,3.0,3.0,-9.801344,4.0,5.0,4.0,0.0,0.0,4.0,0.0,0.0,3.0,0.0,0.0,4.0,0.0,0.0,4.0,0.0,0.0,3.0,0.0,0.0,5.0,0.0,0.0,5.0,0.0,1.0,4.0,0.0,0.0,3.0,0.0,0.0,4.0,0.0,0.0,5.0,0.0,0.0,4.0,0.0,0.0
06-10-2025 02:00,3.176367,3.0,3.0,0.748258,3.0,3.0,3.569048,3.0,3.0,-9.801344,4.0,4.0,3.0,0.0,0.0,3.0,0.0,0.0,3.0,0.0,0.0,4.0,0.0,0.0,4.0,0.0,0.0,3.0,0.0,0.0,4.0,0.0,0.0,5.0,0.0,2.0,3.0,0.0,0.0,3.0,0.0,0.0,3.0,0.0,0.0,5.0,0.0,0.0,4.0,0.0,0.0
06-10-2025 03:00,2.853435,3.0,3.0,0.417469,8.0,10.0,,,,-9.801344,4.0,5.0,3.0,0.0,0.0,4.0,0.0,0.0,3.0,0.0,0.0,4.0,0.0,0.0,4.0,0.0,0.0,,,,5.0,0.0,0.0,5.0,0.0,0.0,3.0,0.0,0.0,3.0,0.0,0.0,4.0,0.0,0.0,5.0,0.0,0.0,4.0,0.0,0.0
06-10-2025 04:00,2.853435,3.0,3.0,0.748258,3.0,3.0,3.707933,3.0,3.0,-5.668679,4.0,5.0,4.0,0.0,0.0,8.0,0.0,1.0,4.0,0.0,0.0,5.0,0.0,0.0,3.0,0.0,0.0,3.0,0.0,0.0,7.0,0.0,0.0,7.0,0.0,0.0,3.0,0.0,0.0,6.0,0.0,0.0,6.0,0.0,0.0,7.0,0.0,0.0,5.0,0.0,0.0
06-10-2025 05:00,3.822231,3.0,3.0,1.880573,14.0,18.0,3.707933,3.0,3.0,-5.668679,4.0,5.0,3.0,0.0,0.0,6.0,0.0,0.0,4.0,0.0,0.0,5.0,0.0,0.0,3.0,0.0,0.0,3.0,0.0,0.0,6.0,0.0,0.0,7.0,0.0,0.0,3.0,0.0,0.0,6.0,0.0,0.0,5.0,0.0,0.0,6.0,0.0,0.0,4.0,0.0,0.0
06-10-2025 06:00,5.113959,3.0,3.0,1.740624,3.0,3.0,4.035492,4.0,5.0,-5.668679,4.0,5.0,5.0,0.0,0.0,9.0,0.0,0.0,4.0,0.0,0.0,5.0,0.0,0.0,4.0,0.0,0.0,3.0,0.0,0.0,6.0,0.0,0.0,7.0,0.0,0.0,4.0,0.0,0.0,,,,6.0,0.0,0.0,8.0,0.0,0.0,6.0,0.0,0.0
06-10-2025 07:00,6.72862,3.0,3.0,2.73299,3.0,3.0,5.01817,3.0,3.0,-2.91357,4.0,5.0,6.0,0.0,0.0,13.0,0.0,1.0,5.0,0.0,0.0,6.0,0.0,0.0,5.0,0.0,0.0,4.0,0.0,0.0,5.0,0.0,1.0,8.0,1.0,6.0,5.0,0.0,0.0,8.0,0.0,0.0,7.0,0.0,0.0,9.0,0.0,0.0,6.0,0.0,0.0
06-10-2025 08:00,7.051552,3.0,3.0,3.063778,3.0,3.0,8.485714,3.0,3.0,2.596649,7.0,8.0,9.0,0.0,3.0,17.0,0.0,1.0,7.0,0.0,0.0,8.0,0.0,0.0,8.0,0.0,1.0,7.0,0.0,1.0,5.0,0.0,1.0,9.0,3.0,7.0,6.0,0.0,0.0,10.0,0.0,0.0,8.0,0.0,4.0,10.0,0.0,1.0,7.0,0.0,0.0
06-10-2025 09:00,7.830413,3.0,3.0,8.687185,3.0,3.0,13.339531,3.0,3.0,5.351759,4.0,5.0,12.0,0.0,0.0,19.0,0.0,0.0,9.0,0.0,0.0,9.0,0.0,0.0,12.0,0.0,5.0,10.0,0.0,0.0,7.0,0.0,0.0,11.0,34.0,68.0,9.0,0.0,0.0,11.0,0.0,0.0,8.0,0.0,0.0,11.0,20.0,20.0,8.0,0.0,1.0
06-10-2025 10:00,8.020348,3.0,3.0,13.979804,3.0,3.0,13.994214,3.0,3.0,3.974204,5.0,6.0,12.0,0.0,0.0,17.0,0.0,1.0,10.0,0.0,0.0,10.0,0.0,0.0,14.0,0.0,1.0,11.0,0.0,0.0,8.0,0.0,1.0,11.0,1.0,1.0,10.0,0.0,0.0,11.0,0.0,0.0,8.0,0.0,0.0,,,,8.0,0.0,0.0
06-10-2025 11:00,8.475848,4.0,5.0,14.310593,3.0,3.0,15.172512,3.0,3.0,6.729313,4.0,5.0,12.0,0.0,1.5,18.0,0.0,2.0,11.0,0.0,0.0,12.0,0.0,0.0,13.0,0.0,0.0,12.0,0.0,1.0,10.0,16.0,28.0,10.0,1.0,1.0,11.0,0.0,0.0,11.0,0.0,0.0,9.0,0.0,0.0,12.0,0.0,0.0,9.0,0.0,0.0
06-10-2025 12:00,9.312076,3.0,3.0,14.442205,3.0,3.0,13.994214,3.0,3.0,5.351759,4.0,5.0,13.0,0.0,0.0,15.0,0.0,3.0,12.0,0.0,0.0,12.0,0.0,1.0,15.0,0.0,1.0,14.0,0.0,0.0,11.0,0.0,0.0,12.0,0.0,0.0,11.0,0.0,0.0,12.0,0.0,0.0,10.0,0.0,0.0,15.0,0.0,0.0,10.0,0.0,0.0
06-10-2025 13:00,8.666213,4.0,5.0,13.119929,11.0,14.0,15.303579,3.0,3.0,3.974204,4.0,5.0,12.0,0.0,0.0,12.0,0.0,3.0,12.0,0.0,0.0,12.0,1.0,8.0,13.0,0.0,1.0,12.0,5.0,10.0,9.0,0.0,0.0,11.0,0.0,1.0,11.0,0.0,0.0,11.0,0.0,0.0,9.0,0.0,0.0,14.0,0.0,0.0,10.0,0.0,0.0
06-10-2025 14:00,8.475848,3.0,3.0,11.797652,3.0,3.0,13.339531,4.0,5.0,1.219094,4.0,5.0,11.0,0.0,0.0,12.0,0.0,1.0,12.0,0.0,0.0,12.0,1.0,1.0,12.0,0.0,0.0,12.0,0.0,2.0,9.0,0.0,0.0,11.0,0.0,1.0,12.0,0.0,1.0,11.0,0.0,0.0,10.0,0.0,0.0,13.0,0.0,0.0,10.0,0.0,0.0
06-10-2025 15:00,9.957941,3.0,3.0,12.656649,4.0,5.0,13.830543,3.0,3.0,-0.15846,4.0,5.0,12.0,0.0,0.0,12.0,0.0,0.0,14.0,0.0,0.0,15.0,0.0,0.0,12.0,0.0,1.0,11.0,30.0,61.0,9.0,0.0,0.0,11.0,0.0,1.0,13.0,0.0,0.0,10.0,0.0,0.0,10.0,0.0,0.0,12.0,1.0,1.0,12.0,0.0,0.0
06-10-2025 16:00,10.089434,3.0,3.0,11.333495,3.0,3.0,13.666873,3.0,4.0,-1.536015,4.0,5.0,12.0,0.0,0.0,11.0,1.0,1.0,15.0,0.0,0.0,15.0,0.0,0.0,14.0,0.0,0.0,13.0,13.0,28.0,9.0,0.0,0.0,12.0,0.0,1.0,12.0,1.0,1.0,11.0,0.0,0.0,11.0,0.0,1.0,12.0,0.0,0.0,12.0,0.0,0.0
06-10-2025 17:00,12.025737,3.0,3.0,12.78936,12.0,15.0,14.321554,4.0,5.0,-1.536015,5.0,6.0,12.0,0.0,0.0,9.0,0.0,1.0,14.0,0.0,0.0,14.0,0.0,9.0,14.0,0.0,1.0,16.0,12.0,27.0,9.0,0.0,0.0,13.0,4.0,6.0,12.0,0.0,1.0,12.0,0.0,0.0,12.0,0.0,0.0,11.0,0.0,0.0,14.0,0.0,0.0
06-10-2025 18:00,10.412151,3.0,3.0,15.433915,3.0,3.0,15.827631,8.0,10.0,-2.91357,4.0,5.0,9.0,0.0,0.0,9.0,1.0,12.0,11.0,0.0,0.0,11.0,0.0,0.0,12.0,0.0,1.0,12.0,0.0,5.0,10.0,0.0,0.0,11.0,1.0,1.0,9.0,0.0,0.0,11.0,0.0,0.0,10.0,10.0,24.0,10.0,0.0,0.0,10.0,0.0,0.0
06-10-2025 19:00,10.280873,3.0,3.0,10.341129,12.0,15.0,10.066118,3.0,3.0,,,,9.0,0.0,1.0,,,,10.0,0.0,0.0,11.0,0.0,0.0,10.0,0.0,1.0,9.0,0.0,1.0,,,,11.0,0.0,1.0,,,,10.0,0.0,1.0,,,,9.0,0.0,0.0,10.0,0.0,1.0
06-10-2025 20:00,9.766717,3.0,3.0,8.491958,3.0,3.0,9.931561,3.0,3.0,,,,,,,,,,,,,,,,10.0,0.0,0.0,9.0,0.0,0.0,,,,10.0,1.0,1.0,8.0,0.0,0.0,9.0,0.0,0.0,,,,,,,9.0,0.0,0.0
06-10-2025 21:00,8.798565,4.0,5.0,7.169681,12.0,15.0,9.411436,3.0,4.0,,,,8.0,0.0,0.0,,,,9.5,0.0,0.0,9.5,0.0,0.0,9.0,0.0,0.0,8.0,0.0,0.0,,,,9.0,0.0,2.0,8.0,0.0,0.0,8.0,0.0,0.0,,,,,,,8.0,0.0,0.0
06-10-2025 22:00,6.72862,3.0,3.0,,,,7.830158,3.0,4.0,,,,8.0,0.0,0.0,,,,7.0,0.0,0.0,,,,9.0,0.0,1.0,7.0,0.0,0.0,,,,8.0,1.0,1.0,9.0,0.0,0.0,7.0,0.0,0.0,,,,,,,5.0,0.0,0.0
06-10-2025 23:00,4.468095,3.0,3.0,3.394567,5.0,6.0,6.655967,3.0,4.0,,,,6.0,0.0,0.0,,,,5.0,0.0,0.0,7.0,0.0,0.0,7.0,0.0,0.0,5.0,0.0,0.0,,,,6.0,0.0,1.0,7.0,0.0,0.0,5.0,0.0,0.0,,,,,,,4.0,0.0,0.0
06-11-2025 00:00,3.499299,3.0,3.0,1.409835,3.0,3.0,6.792704,4.0,5.0,,,,5.0,0.0,0.0,,,,4.0,0.0,0.0,5.0,0.0,0.0,5.0,0.0,1.0,4.0,0.0,0.0,,,,5.0,1.0,1.0,5.0,0.0,0.0,4.0,0.0,0.0,,,,,,,4.0,0.0,0.0
06-11-2025 01:00,3.499299,3.0,3.0,1.079047,13.0,16.0,4.552381,3.0,3.0,,,,4.0,0.0,0.0,7.0,0.0,0.333333,4.0,0.0,0.0,5.0,0.0,0.0,5.0,0.0,0.0,3.0,0.0,0.0,7.428571,0.0,0.0,5.0,0.0,0.0,5.0,0.0,0.0,3.0,0.0,0.0,8.0,0.0,0.142857,7.666667,0.0,0.0,4.0,0.0,0.0
06-11-2025 02:00,,,,1.079047,3.0,3.0,5.34573,4.0,5.0,-7.562817,4.375,5.25,4.0,0.0,0.0,4.0,0.0,1.0,4.0,0.0,0.0,5.0,0.0,0.0,5.0,0.0,0.0,4.0,0.0,0.0,5.0,0.0,0.0,6.0,0.0,0.0,4.0,0.0,0.0,4.0,0.0,0.0,4.0,0.0,0.0,5.0,0.0,0.0,4.0,0.0,0.0
06-11-2025 03:00,3.822231,3.0,3.0,1.079047,13.0,17.0,5.34573,4.0,5.0,-8.42379,4.0,5.0,4.0,0.0,0.0,4.0,0.0,1.0,,,,5.0,0.0,0.0,5.0,0.0,0.0,4.0,0.0,0.0,5.0,0.0,0.0,5.0,1.0,1.0,4.0,0.0,0.0,4.0,0.0,0.0,4.0,0.0,1.0,5.0,0.0,0.0,4.0,0.0,0.0
06-11-2025 04:00,3.499299,3.0,3.0,1.079047,3.0,3.0,6.000848,4.0,5.0,-8.42379,5.0,6.0,5.0,0.0,1.0,5.0,0.0,1.0,5.0,0.0,0.0,5.0,0.0,0.0,6.0,0.0,0.0,5.0,0.0,0.0,5.0,0.0,0.0,6.0,1.0,1.0,5.0,0.0,0.0,5.0,0.0,0.0,5.0,0.0,0.0,5.0,0.0,0.0,5.0,0.0,0.0
06-11-2025 05:00,4.468095,3.0,3.0,1.409835,13.0,17.0,6.465364,3.0,3.0,-8.42379,4.0,5.0,4.0,0.0,0.0,5.0,0.0,1.0,4.0,0.0,0.0,6.0,0.0,0.0,6.0,0.0,0.0,5.0,0.0,0.0,5.0,0.0,0.0,6.0,0.0,0.0,5.0,0.0,0.0,5.0,0.0,0.0,5.0,0.0,0.0,6.0,0.0,0.0,,,
06-11-2025 06:00,4.791027,3.0,3.0,2.071412,3.0,3.0,6.983526,3.0,3.0,-7.654654,4.0,5.0,5.0,0.0,0.0,5.0,0.0,1.0,5.0,0.0,0.0,5.0,0.0,0.0,6.0,0.0,0.0,5.0,0.0,0.0,5.0,0.0,0.0,6.0,0.0,1.0,5.0,0.0,0.0,,,,6.0,0.0,0.0,7.0,0.0,0.0,6.0,0.0,0.0
06-11-2025 07:00,5.113959,3.0,3.0,2.402201,3.0,3.0,7.174603,3.0,3.0,-7.046234,5.0,6.0,5.0,0.0,0.0,6.0,0.0,1.0,5.0,0.0,0.0,6.0,0.0,0.0,7.0,0.0,0.0,5.0,0.0,0.0,6.0,0.0,0.0,7.0,1.0,1.0,6.0,0.0,0.0,5.0,0.0,0.0,6.0,0.0,0.0,7.0,0.0,0.0,6.0,0.0,0.0
06-11-2025 08:00,5.436892,3.0,3.0,3.063778,3.0,3.0,7.311086,3.0,3.0,-5.668679,4.0,5.0,6.0,0.0,1.0,6.0,0.0,1.0,5.0,0.0,0.0,6.0,0.0,0.0,7.0,0.0,0.0,6.0,6.0,9.0,6.0,0.0,0.0,8.0,2.0,2.0,6.0,0.0,0.0,6.0,0.0,0.0,7.0,0.0,0.0,7.0,0.0,1.0,6.0,0.0,0.0
06-11-2025 09:00,5.89411,3.0,3.0,5.04851,3.0,3.0,8.293765,3.0,3.0,-3.51051,4.0,5.0,8.0,0.0,0.0,8.0,0.0,1.0,6.0,0.0,0.0,7.0,0.0,0.0,8.0,0.0,0.0,6.0,0.0,1.0,9.0,0.0,0.0,9.0,1.0,1.0,7.0,0.0,0.0,7.0,0.0,0.0,7.0,0.0,1.0,9.0,0.0,0.0,7.0,0.0,0.0
06-11-2025 10:00,6.405688,3.0,3.0,4.717722,3.0,3.0,8.10207,3.0,3.0,-4.291125,4.0,5.0,8.0,0.0,0.0,8.0,0.0,0.0,7.0,0.0,0.0,8.0,0.0,0.0,8.0,0.0,0.0,7.0,7.0,18.0,9.0,0.0,0.0,,,,7.0,0.0,0.0,7.0,0.0,0.0,8.0,0.0,0.0,9.0,0.0,0.0,7.0,0.0,0.0
06-11-2025 11:00,7.374484,3.0,3.0,7.033242,3.0,3.0,9.604001,3.0,3.0,-1.536015,4.0,5.0,10.0,0.0,1.0,11.0,0.0,1.0,9.0,0.0,0.0,9.0,0.0,0.0,9.0,0.0,0.0,9.0,0.0,0.0,10.0,0.0,0.0,9.0,1.0,1.0,9.0,0.0,0.0,9.0,0.0,0.0,8.0,0.0,0.0,9.0,0.0,0.0,7.0,0.0,0.0
06-11-2025 12:00,7.697416,3.0,3.0,7.169681,3.0,3.0,11.107936,4.0,5.0,-0.15846,4.0,4.0,10.0,0.0,0.0,13.0,0.0,1.0,9.0,0.0,1.0,10.0,0.0,0.0,10.0,0.0,0.0,10.0,0.0,1.0,10.0,0.0,0.0,10.0,1.0,5.0,10.0,0.0,0.0,10.0,0.0,0.0,9.0,0.0,0.0,10.0,0.0,0.0,8.0,0.0,0.0
06-11-2025 13:00,8.989144,3.0,3.0,8.491958,4.0,5.0,12.419048,3.0,3.0,-0.15846,4.0,5.0,12.0,0.0,0.0,14.0,53.0,138.0,11.0,0.0,0.0,11.0,0.0,0.0,12.0,0.0,1.0,11.0,4.0,10.0,12.0,0.0,0.0,11.0,20.0,33.0,10.0,0.0,0.0,11.0,0.0,0.0,11.0,0.0,0.0,12.0,0.0,0.0,9.0,0.0,1.0
06-11-2025 14:00,10.412151,3.0,3.0,8.687185,3.0,3.0,12.684849,3.0,3.0,1.219094,6.0,7.0,12.0,0.0,0.0,14.0,0.0,1.0,12.0,0.0,0.0,12.0,0.0,0.0,14.0,0.0,1.0,13.0,0.0,6.0,12.0,0.0,0.0,13.0,0.0,0.0,12.0,0.0,0.0,12.0,0.0,0.0,12.0,0.0,0.0,14.0,0.0,0.0,11.0,0.0,0.0
06-11-2025 15:00,11.380303,3.0,3.0,10.671917,3.0,3.0,13.994214,3.0,3.0,1.219094,6.0,7.0,12.0,0.0,0.0,12.0,0.0,1.0,12.0,0.0,0.0,14.0,0.0,1.0,14.0,0.0,1.0,14.0,0.0,1.0,11.0,0.0,0.0,14.0,0.0,1.0,12.0,0.0,0.0,14.0,0.0,0.0,12.0,0.0,2.0,13.0,0.0,0.0,12.0,0.0,0.0
06-11-2025 16:00,11.380303,3.0,3.0,12.128221,3.0,3.0,14.976239,3.0,3.0,-0.15846,5.0,6.0,11.0,0.0,0.0,12.0,0.0,0.0,13.0,0.0,0.0,14.0,0.0,0.0,12.0,0.0,1.0,12.0,5.0,12.0,10.0,0.0,0.0,13.0,0.0,2.0,12.0,1.0,2.0,13.0,0.0,0.0,,,,12.0,0.0,0.0,13.0,0.0,0.0
06-11-2025 17:00,10.412151,3.0,3.0,10.341129,3.0,3.0,10.393459,3.0,4.0,-1.536015,4.0,5.0,10.0,0.0,0.0,12.0,0.0,1.0,12.0,0.0,1.0,12.0,0.0,1.0,11.0,0.0,0.0,10.0,0.0,0.0,10.0,0.0,0.0,13.0,0.0,2.0,10.0,0.0,0.0,12.0,0.0,0.0,11.0,0.0,0.0,11.0,0.0,0.0,12.0,0.0,0.0
06-11-2025 18:00,9.766717,3.0,3.0,8.356396,3.0,3.0,9.738776,3.0,3.0,-2.91357,4.0,5.0,9.0,0.0,0.0,11.0,0.0,1.0,11.0,0.0,0.0,11.0,0.0,1.0,11.0,0.0,0.0,10.0,2.0,8.0,8.0,0.0,0.0,11.0,1.0,1.0,10.0,0.0,1.0,11.0,0.0,0.0,10.0,0.0,0.0,10.0,0.0,0.0,10.0,0.0,0.0
06-11-2025 19:00,8.989144,3.0,3.0,7.364031,10.0,12.0,8.485714,3.0,3.0,-4.291125,6.0,7.0,8.0,0.0,0.0,9.0,0.0,1.0,11.0,0.0,0.0,10.0,0.0,0.0,10.0,0.0,0.0,8.0,2.0,2.0,7.0,0.0,0.0,10.0,0.0,1.0,9.0,0.0,1.0,10.0,0.0,1.0,9.0,0.0,0.0,9.0,0.0,0.0,9.0,0.0,0.0
06-11-2025 20:00,8.15313,3.0,3.0,5.516835,3.0,3.0,7.966205,4.0,5.0,-4.291125,5.0,6.0,7.0,0.0,0.0,7.0,0.0,1.0,9.0,0.0,0.0,8.0,0.0,0.0,8.0,0.0,0.0,7.0,0.0,1.0,6.0,0.0,0.0,9.0,1.0,4.0,8.0,0.0,0.0,8.0,0.0,0.0,9.0,0.0,0.0,8.0,0.0,0.0,9.0,0.0,1.0
06-11-2025 21:00,6.405688,3.0,3.0,3.725355,4.0,5.0,6.655967,3.0,3.0,-5.668679,6.0,7.0,6.0,0.0,0.0,7.0,0.0,1.0,8.0,0.0,0.0,7.0,0.0,0.0,8.0,0.0,0.0,6.0,0.0,1.0,5.0,0.0,0.0,7.0,1.0,1.0,7.0,0.0,0.0,7.0,0.0,0.0,7.0,0.0,0.0,6.0,0.0,0.0,7.0,0.0,0.0
06-11-2025 22:00,5.436892,3.0,3.0,2.73299,3.0,3.0,6.000848,3.0,3.0,-7.046234,4.0,5.0,5.0,0.0,0.0,6.0,0.0,1.0,7.0,0.0,0.0,6.0,0.0,0.0,7.0,0.0,0.0,5.0,0.0,0.0,5.0,0.0,0.0,6.0,0.0,2.0,6.0,0.0,0.0,6.0,0.0,0.0,6.0,0.0,0.0,6.0,0.0,0.0,6.0,0.0,0.0
06-11-2025 23:00,4.791027,3.0,3.0,2.071412,8.0,10.0,5.48334,3.0,4.0,-8.42379,5.0,6.0,5.0,0.0,0.0,6.0,0.0,1.0,6.0,0.0,0.0,6.0,0.0,0.0,6.0,0.0,0.0,5.0,0.0,0.0,5.0,0.0,0.0,6.0,0.0,2.0,5.0,1.0,3.0,5.0,0.0,0.0,5.0,0.0,0.0,5.0,0.0,0.0,5.0,0.0,0.0
06-12-2025 00:00,4.145163,3.0,3.0,1.740624,3.0,3.0,5.863492,3.0,3.0,-8.42379,4.0,5.0,4.0,0.0,0.0,5.0,0.0,0.0,5.0,0.0,0.0,5.0,0.0,0.0,6.0,0.0,0.0,4.0,0.0,1.0,5.0,0.0,0.0,6.0,0.0,0.0,5.0,0.0,0.0,5.0,0.0,0.0,4.0,1.0,15.0,5.0,0.0,0.0,5.0,0.0,0.0
06-12-2025 01:00,4.145163,3.0,3.0,1.409835,3.0,3.0,5.673289,3.0,3.0,-8.42379,4.0,5.0,4.0,0.0,0.0,4.0,0.0,4.0,4.0,0.0,0.0,5.0,0.0,0.0,6.0,0.0,0.0,4.0,0.0,0.0,5.0,0.0,0.0,5.0,0.0,1.0,4.0,0.0,0.0,4.0,0.0,0.0,4.0,0.0,0.0,5.0,0.0,0.0,5.0,0.0,0.0
06-12-2025 02:00,3.822231,3.0,4.0,1.409835,3.0,3.0,5.535714,3.0,4.0,-8.42379,4.0,5.0,4.0,0.0,0.0,4.0,0.0,1.0,4.0,0.0,0.0,5.0,0.0,0.0,5.0,0.0,0.0,4.0,0.0,0.0,5.0,0.0,0.0,5.0,1.0,2.0,,,,4.0,0.0,0.0,4.0,0.0,0.0,5.0,0.0,0.0,4.0,0.0,0.0
06-12-2025 03:00,3.822231,3.0,3.0,1.409835,16.0,20.0,5.207936,3.0,3.0,-9.801344,4.0,5.0,4.0,0.0,0.0,4.0,0.0,1.0,4.0,0.0,0.0,5.0,0.0,0.0,6.0,0.0,0.0,4.0,0.0,0.0,5.0,0.0,0.0,5.0,0.0,2.0,5.0,0.0,0.0,5.0,0.0,0.0,4.0,0.0,0.0,5.0,0.0,0.0,5.0,0.0,0.0
06-12-2025 04:00,3.822231,3.0,3.0,1.409835,3.0,3.0,5.673289,3.0,3.0,-9.801344,4.0,5.0,,,,4.0,0.0,1.0,4.0,0.0,0.0,5.0,0.0,1.0,5.0,0.0,0.0,4.0,0.0,0.0,,,,5.0,1.0,1.0,4.0,0.0,0.0,4.0,0.0,0.0,4.0,0.0,0.0,5.0,0.0,0.0,5.0,0.0,0.0
06-12-2025 05:00,4.145163,3.0,3.0,2.071412,3.0,3.0,5.673289,3.0,3.0,-8.42379,4.0,5.0,4.0,0.0,0.0,4.0,0.0,0.0,4.0,0.0,0.0,5.0,0.0,0.0,6.0,0.0,0.0,4.0,0.0,0.0,5.0,0.0,0.0,5.0,0.0,1.0,5.0,0.0,0.0,5.0,0.0,0.0,4.0,0.0,0.0,5.0,0.0,0.0,5.0,0.0,0.0
06-12-2025 06:00,5.759823,4.0,4.0,2.402201,3.0,3.0,6.000848,3.0,4.0,-8.42379,4.0,5.0,4.0,0.0,0.0,5.0,0.0,0.0,4.0,0.0,0.0,5.0,0.0,0.0,5.0,0.0,0.0,5.0,0.0,0.0,5.0,0.0,0.0,6.0,0.0,2.0,4.0,0.0,0.0,,,,4.0,0.0,0.0,6.0,0.0,0.0,5.0,0.0,0.0
06-12-2025 07:00,5.759823,3.0,3.0,3.394567,3.0,3.0,,,,-7.046234,4.0,5.0,6.0,0.0,0.0,6.0,0.0,2.0,5.0,0.0,0.0,6.0,0.0,0.0,6.0,0.0,0.0,5.0,0.0,4.0,5.0,0.0,0.0,7.0,1.0,2.0,5.0,0.0,0.0,7.0,0.0,0.0,5.0,0.0,0.0,6.0,0.0,0.0,6.0,0.0,0.0
06-12-2025 08:00,8.020348,3.0,3.0,4.717722,3.0,3.0,8.293765,19.0,25.0,-0.15846,4.0,5.0,7.0,0.0,0.0,12.0,0.0,1.0,6.0,0.0,0.0,7.0,0.0,0.0,9.0,0.0,0.0,8.0,0.0,0.0,5.0,0.0,0.0,9.0,1.0,1.0,6.0,0.0,1.0,9.0,0.0,0.0,8.0,0.0,1.0,9.0,0.0,0.0,7.0,0.0,0.0
06-12-2025 09:00,8.666213,3.0,3.0,10.341129,24.0,30.0,12.224477,12.0,15.0,2.596649,4.0,5.0,10.0,0.0,0.0,14.0,0.0,0.0,7.0,0.0,0.0,8.0,0.0,0.0,12.0,0.0,1.0,9.0,0.0,1.0,6.0,0.0,0.0,10.0,0.0,1.0,7.0,0.0,0.0,11.0,0.0,1.0,9.0,4.0,9.0,10.0,0.0,0.0,8.0,0.0,0.0
06-12-2025 10:00,,,,11.797652,3.0,3.0,13.01219,4.0,5.0,2.596649,4.0,5.0,13.0,0.0,0.0,15.0,0.0,2.0,9.0,0.0,0.0,9.0,0.0,1.0,14.0,0.0,0.0,11.0,0.0,1.0,8.0,0.0,0.0,12.0,1.0,1.0,8.0,0.0,0.0,12.0,0.0,1.0,10.0,0.0,1.0,13.0,0.0,0.0,9.0,0.0,0.0
06-12-2025 11:00,8.989144,3.0,3.0,10.341129,3.0,3.0,15.303579,3.0,3.0,3.974204,4.0,5.0,13.0,0.0,1.0,14.0,0.0,1.0,10.0,0.0,0.0,11.0,0.0,0.0,14.0,0.0,0.0,13.0,0.0,0.0,9.0,0.0,0.0,11.0,1.0,3.0,8.0,0.0,0.0,12.0,0.0,0.0,10.0,0.0,0.0,14.0,0.0,1.0,9.0,0.0,0.0
06-12-2025 12:00,8.989144,3.0,3.0,11.002705,3.0,3.0,14.385714,3.0,3.0,3.974204,5.0,6.0,13.0,0.0,0.0,12.0,0.0,2.0,11.0,0.0,0.0,12.0,0.0,1.0,14.0,0.0,0.0,13.0,0.0,1.0,9.0,0.0,1.0,11.0,1.0,1.0,9.0,0.0,0.0,12.0,0.0,0.0,10.0,0.0,0.0,15.0,0.0,1.0,9.0,0.0,0.0
06-12-2025 13:00,9.443999,3.0,3.0,11.467082,4.0,5.0,14.976239,4.0,5.0,2.596649,4.0,5.0,13.0,0.0,0.0,14.0,0.0,1.0,14.0,0.0,0.0,14.0,0.0,0.0,15.0,0.0,1.0,14.0,10.0,15.0,9.0,0.0,0.0,13.0,47.0,78.0,11.0,0.0,1.0,13.0,0.0,0.0,11.0,0.0,1.0,14.0,0.0,1.0,11.0,0.0,1.0
06-12-2025 14:00,10.603805,3.0,3.0,11.797652,3.0,3.0,15.958262,4.0,5.0,1.219094,5.0,6.0,12.0,0.0,0.0,12.0,1.0,1.0,13.0,0.0,0.0,14.0,0.0,1.0,14.0,0.0,1.0,15.0,1.0,3.0,11.0,0.0,1.0,13.0,2.0,5.0,12.0,0.0,1.0,13.0,0.0,0.0,12.0,0.0,1.0,14.0,0.0,0.0,12.0,0.0,0.0
06-12-2025 15:00,11.380303,3.0,3.0,12.325861,4.0,4.0,14.321554,3.0,3.0,1.219094,6.0,7.0,13.0,0.0,1.0,14.0,0.0,1.0,16.0,0.0,0.0,15.0,1.0,1.0,17.0,0.0,0.0,16.0,1.0,9.0,12.0,0.0,0.0,15.0,2.0,4.0,15.0,0.0,1.0,14.0,0.0,0.0,14.0,0.0,1.0,15.0,47.0,64.0,13.0,0.0,1.0
06-12-2025 16:00,12.671173,3.0,3.0,13.450498,3.0,3.0,16.940285,3.0,3.0,1.219094,4.0,5.0,14.0,0.0,1.0,14.0,2.0,7.0,15.0,0.0,0.0,14.0,0.0,1.0,16.0,0.0,1.0,15.0,0.0,2.0,14.0,0.0,1.0,15.0,2.0,2.0,14.0,0.0,1.0,15.0,0.0,1.0,14.0,1.0,2.0,15.0,0.0,2.0,14.0,1.0,1.0
06-12-2025 17:00,12.671173,10.0,13.0,11.664283,3.0,3.0,16.940285,4.0,5.0,-0.15846,10.0,13.0,13.0,0.0,1.0,13.0,1.0,1.0,15.0,0.0,0.0,15.0,5.0,7.0,15.0,0.0,1.0,15.0,3.0,12.0,13.0,0.0,1.0,14.0,3.0,3.0,14.0,0.0,1.0,15.0,1.0,1.0,12.0,0.0,1.0,14.0,0.0,1.0,13.0,2.0,12.0
06-12-2025 18:00,12.671173,3.0,3.0,11.797652,3.0,3.0,15.696824,4.0,5.0,-0.15846,5.0,6.0,12.0,0.0,1.0,12.0,1.0,1.0,14.0,0.0,1.0,15.0,0.0,1.0,15.0,0.0,1.0,15.0,0.0,0.0,12.0,0.0,1.0,14.0,2.0,2.0,13.0,0.0,1.0,15.0,0.0,1.0,14.0,1.0,1.0,14.0,0.0,1.0,13.0,0.0,1.0
06-12-2025 19:00,13.316606,3.0,4.0,10.144805,19.0,24.0,15.303579,3.0,3.0,-0.15846,5.0,6.0,12.0,0.0,1.0,12.0,1.0,1.0,13.0,0.0,1.0,14.0,1.0,1.0,14.0,0.0,2.0,12.0,0.0,1.0,12.0,0.0,1.0,13.0,20.0,34.0,13.0,0.0,1.0,14.0,0.0,1.0,12.0,1.0,1.0,13.0,0.0,1.0,13.0,0.0,4.0
06-12-2025 20:00,11.70302,3.0,3.0,8.822527,3.0,3.0,14.648898,4.0,5.0,-0.15846,5.0,6.0,11.0,0.0,1.0,12.0,2.0,3.0,11.0,0.0,1.0,12.0,0.0,1.0,13.0,0.0,1.0,11.0,0.0,1.0,12.0,0.0,1.0,12.0,11.0,17.0,12.0,0.0,1.0,13.0,0.0,1.0,11.0,0.0,1.0,13.0,0.0,0.0,11.0,0.0,1.0
06-12-2025 21:00,11.057587,3.0,3.0,8.161389,5.0,6.0,13.339531,3.0,3.0,-2.91357,10.0,12.0,10.0,0.0,1.0,10.0,2.0,15.0,12.0,0.0,0.0,11.0,0.0,1.0,12.0,0.0,0.0,11.0,0.0,0.0,11.0,0.0,1.0,11.0,3.0,3.0,11.0,0.0,1.0,11.0,0.0,0.0,10.0,0.0,1.0,12.0,0.0,1.0,10.0,0.0,1.0
06-12-2025 22:00,10.280873,3.0,3.0,6.371665,3.0,3.0,12.357507,3.0,3.0,-4.291125,6.0,7.0,10.0,0.0,0.0,8.0,0.0,2.0,11.0,0.0,1.0,10.0,0.0,1.0,11.0,0.0,1.0,9.0,0.0,1.0,9.0,0.0,1.0,10.0,4.0,5.0,11.0,1.0,1.0,11.0,0.0,0.0,10.0,0.0,1.0,11.0,0.0,0.0,9.0,0.0,1.0
06-12-2025 23:00,8.798565,5.0,6.0,6.040876,3.0,3.0,11.702825,3.0,3.0,-5.668679,6.0,7.0,9.0,0.0,1.0,7.0,0.0,2.0,10.0,0.0,1.0,10.0,0.0,1.0,10.0,0.0,0.0,8.0,0.0,2.0,9.0,1.0,1.0,8.0,3.0,3.0,9.0,0.0,2.0,9.0,0.0,1.0,7.0,1.0,1.0,8.0,0.0,1.0,8.0,0.0,0.0
06-13-2025 00:00,7.697416,3.0,3.0,3.394567,3.0,3.0,9.276442,3.0,3.0,-7.046234,5.0,6.0,7.0,0.0,1.0,6.0,0.0,2.0,8.0,0.0,1.0,8.0,0.0,1.0,10.0,0.0,1.0,,,,8.0,0.0,1.0,7.0,2.0,2.0,8.0,0.0,0.0,8.0,0.0,0.0,6.0,0.0,1.0,8.0,0.0,0.0,8.0,0.0,1.0
06-13-2025 01:00,6.405688,4.0,5.0,1.740624,4.0,5.0,7.120046,4.0,5.0,-8.42379,7.0,9.0,6.0,0.0,0.0,5.0,1.0,1.0,6.0,0.0,1.0,7.0,0.0,0.0,7.0,0.0,1.0,6.0,0.0,0.0,6.0,1.0,1.0,5.0,2.0,2.0,6.0,0.0,1.0,6.0,0.0,0.0,5.0,0.0,1.0,6.0,0.0,0.0,6.0,0.0,0.0
06-13-2025 02:00,5.113959,3.0,3.0,,,,6.000848,3.0,3.0,-9.801344,4.0,5.0,5.0,0.0,1.0,4.0,0.0,3.0,5.0,0.0,0.0,5.0,0.0,0.0,5.0,0.0,0.0,5.0,0.0,0.0,5.0,0.0,0.0,5.0,1.0,1.0,5.0,0.0,1.0,5.0,0.0,1.0,4.0,0.0,1.0,5.0,0.0,1.0,4.0,0.0,0.0
06-13-2025 03:00,3.499299,3.0,3.0,1.409835,3.0,3.0,5.34573,4.0,5.0,-7.046234,5.0,6.0,4.0,0.0,0.0,6.0,0.0,1.0,5.0,0.0,0.0,5.0,0.0,0.0,6.0,0.0,1.0,4.0,0.0,1.0,6.0,0.0,1.0,6.0,1.0,3.0,5.0,0.0,1.0,6.0,0.0,0.0,7.0,0.0,0.0,6.0,0.0,1.0,6.0,0.0,1.0
06-13-2025 04:00,3.499299,3.0,3.0,1.740624,10.0,13.0,5.207936,3.0,3.0,-8.42379,4.0,5.0,4.0,0.0,0.0,4.0,0.0,1.0,5.0,0.0,1.0,5.0,0.0,0.0,6.0,0.0,0.0,4.0,0.0,0.0,5.0,0.0,0.0,5.0,2.0,2.0,5.0,0.0,0.0,5.0,0.0,0.0,5.0,0.0,0.0,,,,4.0,0.0,0.0
06-13-2025 05:00,5.436892,5.0,6.0,1.740624,3.0,3.0,5.34573,4.0,5.0,-7.046234,4.0,5.0,5.0,0.0,0.0,5.0,0.0,1.0,5.0,0.0,0.0,5.0,0.0,0.0,6.0,0.0,0.0,4.0,0.0,0.0,5.0,0.0,1.0,6.0,1.0,3.0,5.0,0.0,0.0,5.0,0.0,0.0,6.0,0.0,0.0,6.0,0.0,1.0,5.0,0.0,0.0
06-13-2025 06:00,5.113959,3.0,3.0,2.071412,12.0,15.0,5.863492,3.0,4.0,-7.046234,4.0,5.0,5.0,0.0,0.0,6.0,0.0,1.0,5.0,0.0,0.0,,,,6.0,0.0,0.0,5.0,0.0,0.0,5.0,0.0,0.0,,,,6.0,0.0,1.0,7.0,0.0,0.0,7.0,0.0,1.0,6.0,0.0,0.0,5.0,0.0,1.0
06-13-2025 07:00,6.405688,3.0,3.0,3.725355,3.0,3.0,6.655967,4.0,5.0,-5.668679,5.0,6.0,6.0,0.0,0.0,7.0,0.0,1.0,6.0,0.0,0.0,6.0,0.0,0.0,7.0,0.0,0.0,6.0,0.0,0.0,6.0,0.0,0.0,7.0,1.0,4.0,6.0,0.0,0.0,7.0,0.0,0.0,7.0,0.0,1.0,7.0,0.0,0.0,6.0,0.0,0.0
06-13-2025 08:00,6.72862,3.0,3.0,4.717722,4.0,5.0,7.447387,3.0,3.0,-4.291125,5.0,6.0,7.0,0.0,0.0,8.0,0.0,1.0,8.0,0.0,1.0,6.0,0.0,0.0,8.0,0.0,1.0,6.0,0.0,0.0,6.0,0.0,1.0,7.0,2.0,2.0,8.0,0.0,1.0,8.0,0.0,1.0,7.0,0.0,0.0,7.0,0.0,1.0,7.0,0.0,1.0
06-13-2025 09:00,8.666213,3.0,4.0,7.033242,3.0,3.0,9.931561,3.0,3.0,-1.536015,5.0,6.0,10.0,0.0,1.0,13.0,0.0,2.0,9.0,0.0,0.0,8.0,0.0,0.0,11.0,0.0,0.0,8.0,0.0,1.0,7.0,0.0,0.0,8.0,2.0,4.0,,,,,,,11.0,1.0,1.0,9.0,0.0,0.0,8.0,0.0,0.0
06-13-2025 10:00,11.380303,3.0,3.0,7.694819,3.0,3.0,11.048142,3.0,3.0,3.974204,4.0,5.0,15.0,0.0,0.0,14.0,1.0,1.0,13.0,0.0,1.0,11.0,0.0,0.0,16.0,0.0,1.0,14.0,0.0,0.0,9.0,0.0,1.0,12.0,2.0,3.0,11.0,0.0,1.0,11.0,0.0,0.0,12.0,0.0,1.0,12.0,0.0,1.0,10.0,0.0,1.0
06-13-2025 11:00,11.380303,4.0,5.0,11.797652,3.0,3.0,17.267628,3.0,3.0,5.351759,4.0,5.0,15.0,0.0,1.0,14.0,0.0,2.0,14.0,0.0,1.0,11.0,0.0,0.0,15.0,0.0,0.0,14.0,0.0,0.0,9.0,0.0,1.0,11.0,3.0,4.0,12.0,0.0,1.0,13.0,0.0,0.0,13.0,0.0,1.0,13.0,0.0,1.0,10.0,0.0,0.0
06-13-2025 12:00,10.280873,3.0,3.0,11.797652,4.0,5.0,15.827631,3.0,4.0,1.219094,6.0,7.0,12.0,0.0,0.0,10.0,0.0,1.0,14.0,0.0,0.0,12.0,0.0,1.0,13.0,0.0,1.0,13.0,5.0,16.0,9.0,0.0,0.0,11.0,1.0,1.0,12.0,0.0,1.0,13.0,0.0,1.0,11.0,0.0,1.0,15.0,0.0,1.0,10.0,0.0,0.0
06-13-2025 13:00,10.412151,3.0,3.0,10.144805,3.0,3.0,14.057936,4.0,5.0,1.219094,7.0,8.0,13.0,0.0,0.0,11.0,0.0,1.0,14.0,0.0,0.0,10.0,0.0,0.0,12.0,0.0,1.0,11.0,0.0,1.0,9.0,0.0,0.0,10.0,2.0,2.0,12.0,0.0,1.0,11.0,0.0,1.0,12.0,0.0,1.0,11.0,0.0,2.0,10.0,0.0,0.0
06-13-2025 14:00,11.380303,3.0,3.0,9.679551,3.0,3.0,12.357507,3.0,3.0,-0.15846,4.0,5.0,13.0,0.0,0.0,10.0,0.0,1.0,17.0,0.0,0.0,13.0,0.0,1.0,14.0,0.0,0.0,13.0,0.0,1.0,11.0,0.0,1.0,12.0,3.0,5.0,15.0,10.0,16.0,11.0,0.0,0.0,13.0,0.0,0.0,13.0,0.0,0.0,12.0,0.0,0.0
06-13-2025 15:00,11.70302,3.0,3.0,13.781068,3.0,3.0,13.01219,3.0,3.0,1.219094,4.0,5.0,13.0,0.0,0.0,13.0,0.0,1.0,15.0,0.0,0.0,13.0,0.0,1.0,14.0,0.0,1.0,14.0,0.0,0.0,11.0,0.0,1.0,13.0,1.0,1.0,15.0,0.0,1.0,12.0,0.0,1.0,13.0,0.0,1.0,12.0,0.0,0.0,13.0,0.0,0.0
06-13-2025 16:00,11.572601,3.0,3.0,11.995072,4.0,5.0,13.730159,3.0,3.0,-0.15846,17.0,21.0,12.0,0.0,0.0,11.0,0.0,1.0,14.0,0.0,0.0,15.0,1.0,15.0,13.0,0.0,0.0,14.0,0.0,1.0,11.0,0.0,0.0,13.0,2.0,3.0,14.0,0.0,0.0,13.0,0.0,1.0,13.0,0.0,1.0,13.0,0.0,0.0,12.0,0.0,0.0
06-13-2025 17:00,12.348454,5.0,6.0,12.128221,3.0,3.0,13.402381,3.0,3.0,-0.15846,56.0,75.0,12.0,0.0,1.0,11.0,0.0,1.0,13.0,16.0,18.0,12.0,0.0,0.0,13.0,0.0,1.0,12.0,0.0,1.0,10.0,0.0,1.0,12.0,2.0,5.0,13.0,0.0,0.0,12.0,0.0,0.0,14.0,0.0,2.0,12.0,0.0,0.0,12.0,0.0,1.0
06-13-2025 18:00,12.864329,3.0,3.0,9.679551,3.0,3.0,12.879597,4.0,5.0,-1.536015,4.0,5.0,12.0,0.0,0.0,11.0,1.0,1.0,15.0,0.0,1.0,14.0,0.0,1.0,15.0,0.0,1.0,15.0,0.0,1.0,12.0,0.0,0.0,13.0,5.0,5.0,15.0,0.0,1.0,13.0,1.0,1.0,14.0,1.0,1.0,13.0,0.0,1.0,13.0,0.0,0.0
06-13-2025 19:00,11.70302,3.0,3.0,10.341129,3.0,3.0,14.157884,3.5,4.0,-1.536015,4.0,4.0,12.0,0.0,1.0,11.0,0.0,2.0,14.0,0.0,0.0,13.0,0.0,0.0,14.0,0.0,1.0,13.0,0.0,1.0,10.0,0.0,0.0,12.0,5.0,5.0,14.0,0.0,1.0,12.0,0.0,1.0,12.0,2.0,3.0,13.0,0.0,1.0,12.0,0.0,1.0
06-13-2025 20:00,10.734868,3.0,3.0,7.694819,5.0,6.0,13.339531,3.0,3.0,-1.536015,5.0,6.0,,,,11.0,0.0,1.0,12.0,0.0,1.0,12.0,1.0,1.0,13.0,0.0,1.0,12.0,0.0,1.0,11.0,0.0,1.0,12.0,3.0,3.0,12.0,0.0,0.0,12.0,0.0,1.0,,,,13.0,1.0,1.0,11.0,0.0,1.0
06-13-2025 21:00,11.895533,3.0,3.0,8.356396,3.0,3.0,12.684849,4.0,5.0,-1.536015,4.0,5.0,10.0,0.0,0.0,12.0,0.0,2.0,12.0,0.0,0.0,11.0,0.0,1.0,13.0,0.0,1.0,11.0,1.0,1.0,11.0,0.0,1.0,12.0,2.0,3.0,12.0,1.0,1.0,12.0,1.0,1.0,12.0,1.0,1.0,13.0,0.0,1.0,13.0,0.0,1.0
06-13-2025 22:00,,,,6.508543,4.0,5.0,13.339531,3.0,3.0,-4.291125,6.0,7.0,10.0,0.0,0.0,8.0,0.0,1.0,10.0,0.0,0.0,12.0,0.0,1.0,11.0,0.0,0.0,11.0,0.0,0.0,8.0,0.0,1.0,11.0,2.0,2.0,11.0,0.0,0.0,11.0,0.0,1.0,13.0,0.0,1.0,13.0,0.0,0.0,11.0,0.0,1.0
06-13-2025 23:00,8.34328,3.0,3.0,5.04851,3.0,3.0,9.141269,3.0,4.0,-5.668679,6.0,7.0,7.0,0.0,0.0,,,,8.0,0.0,0.0,9.0,0.0,0.0,9.0,0.0,0.0,7.0,1.0,1.0,7.0,1.0,1.0,9.0,3.0,4.0,8.0,0.0,0.0,8.0,0.0,1.0,8.0,0.0,1.0,9.0,0.0,1.0,9.0,0.0,1.0
06-14-2025 00:00,7.184979,3.0,3.0,3.394567,6.0,7.0,8.293765,3.0,4.0,-5.668679,4.0,5.0,7.0,61.0,75.0,8.0,1.0,1.0,7.0,0.0,0.0,7.0,0.0,0.0,8.0,0.0,1.0,7.0,1.0,2.0,8.0,33.0,36.0,8.0,3.0,5.0,7.0,0.0,0.0,7.0,0.0,1.0,8.0,0.0,1.0,8.0,0.0,1.0,7.0,1.0,1.0
06-14-2025 01:00,5.436892,3.0,3.0,3.725355,3.0,3.0,6.983526,3.0,3.0,-7.046234,6.0,7.0,7.0,0.0,0.0,8.0,1.0,1.0,6.0,10.0,12.0,6.0,0.0,1.0,7.0,0.0,3.0,6.0,4.0,7.0,6.0,7.0,13.0,6.0,2.0,3.0,6.0,0.0,1.0,6.0,0.0,3.0,6.0,0.0,1.0,6.0,0.0,0.0,5.0,0.0,4.0
06-14-2025 02:00,4.468095,7.0,9.0,3.725355,56.0,74.0,6.519047,3.0,3.0,-7.046234,5.0,6.0,5.0,0.0,1.0,7.0,2.0,2.0,5.0,13.0,27.0,6.0,10.0,39.0,7.0,0.0,1.0,6.0,1.0,1.0,5.0,9.0,13.0,5.0,5.0,11.0,6.0,0.0,1.0,6.0,0.0,1.0,5.0,0.0,12.0,5.0,0.0,1.0,5.0,4.0,12.0
06-14-2025 03:00,4.791027,3.0,3.0,2.73299,3.0,3.0,6.983526,4.0,5.0,-7.046234,4.0,5.0,5.0,4.0,6.0,6.0,0.0,2.0,6.0,9.0,27.0,6.0,6.0,33.0,7.0,0.0,1.0,5.0,1.0,4.0,6.0,0.0,1.0,5.0,3.0,3.0,6.0,0.0,1.0,6.0,0.0,0.0,5.0,0.0,1.0,5.0,0.0,1.0,5.0,0.0,4.0
06-14-2025 04:00,4.468095,3.0,3.0,2.73299,52.0,69.0,6.000848,3.0,3.0,-7.046234,4.0,5.0,5.0,0.0,0.0,6.0,0.0,0.0,5.0,0.0,0.0,6.0,0.0,1.0,6.0,0.0,0.0,5.0,0.0,0.0,6.0,1.0,7.0,5.0,2.0,7.0,5.0,0.0,0.0,5.0,0.0,0.0,5.0,0.0,0.0,5.0,0.0,0.0,4.0,0.0,0.0
06-14-2025 05:00,3.822231,3.0,3.0,2.071412,3.0,3.0,6.328408,3.0,3.0,-7.046234,5.0,6.0,5.0,0.0,0.0,6.0,0.0,0.0,5.0,0.0,0.0,5.0,0.0,0.0,6.0,0.0,0.0,5.0,0.0,0.0,5.0,0.0,0.0,6.0,1.0,1.0,5.0,0.0,0.0,5.0,0.0,0.0,4.0,0.0,0.0,5.0,0.0,0.0,5.0,0.0,0.0
06-14-2025 06:00,3.822231,3.0,3.0,3.063778,15.0,19.0,5.673289,3.0,3.0,-7.046234,4.0,4.0,5.0,0.0,0.0,6.0,0.0,1.0,5.0,0.0,0.0,5.0,0.0,0.0,6.0,0.0,0.0,5.0,0.0,0.0,5.0,0.0,0.0,5.0,1.0,1.0,5.0,0.0,0.0,5.0,0.0,0.0,5.0,0.0,0.0,5.0,0.0,0.0,4.0,0.0,0.0
06-14-2025 07:00,3.822231,3.0,3.0,3.394567,3.0,3.0,6.328408,4.0,5.0,-7.046234,4.0,5.0,6.0,0.0,0.0,6.0,0.0,1.0,6.0,0.0,0.0,6.0,0.0,0.0,6.0,0.0,0.0,6.0,0.0,0.0,6.0,0.0,0.0,6.0,1.0,1.0,6.0,0.0,0.0,5.0,0.0,0.0,5.0,0.0,0.0,5.0,0.0,0.0,5.0,0.0,0.0
06-14-2025 08:00,4.145163,4.0,5.0,3.725355,5.0,6.0,6.846825,3.0,3.0,-5.668679,4.0,5.0,6.0,0.0,0.0,7.0,0.0,1.0,6.0,0.0,0.0,6.0,0.0,0.0,6.0,0.0,0.0,6.0,0.0,0.0,6.0,0.0,0.0,6.0,0.0,0.0,6.0,0.0,0.0,6.0,0.0,0.0,5.0,0.0,0.0,6.0,0.0,0.0,5.0,0.0,0.0
06-14-2025 09:00,4.791027,3.0,3.0,6.702453,3.0,3.0,9.276442,3.0,3.0,-1.536015,4.0,5.0,6.0,0.0,0.0,9.0,0.0,1.0,6.0,0.0,0.0,6.0,0.0,0.0,8.0,0.0,0.0,7.0,0.0,0.0,6.0,0.0,0.0,7.0,0.0,1.0,6.0,0.0,0.0,7.0,0.0,0.0,5.0,0.0,0.0,8.0,0.0,0.0,5.0,0.0,1.0
06-14-2025 10:00,5.113959,13.0,16.0,7.364031,4.0,5.0,12.224477,3.0,3.0,3.974204,4.0,5.0,9.0,0.0,0.0,14.0,0.0,1.0,7.0,0.0,0.0,6.0,0.0,0.0,10.0,0.0,0.0,9.0,0.0,0.0,6.0,0.0,0.0,8.0,23.0,45.0,6.0,0.0,0.0,,,,5.0,0.0,0.0,9.0,1.0,9.0,5.0,0.0,1.0
06-14-2025 11:00,5.113959,3.0,3.0,10.671917,3.0,3.0,12.552037,3.0,3.0,5.351759,4.0,5.0,11.0,0.0,0.0,16.0,0.0,1.0,8.0,0.0,0.0,7.0,0.0,0.0,11.0,0.0,0.0,9.0,0.0,0.0,6.0,0.0,0.0,7.0,3.0,7.0,7.0,0.0,0.0,8.0,0.0,0.0,5.0,0.0,1.0,10.0,0.0,1.0,5.0,0.0,1.0
06-14-2025 12:00,5.436892,3.0,3.0,11.797652,3.0,4.0,13.01219,3.0,3.0,5.351759,4.0,5.0,11.0,0.0,0.0,15.0,0.0,0.0,10.0,0.0,0.0,9.0,0.0,0.0,11.0,0.0,1.0,10.0,0.0,0.0,6.0,0.0,0.0,7.0,1.0,1.0,10.0,0.0,0.0,8.0,0.0,0.0,6.0,0.0,0.0,12.0,0.0,0.0,6.0,0.0,1.0
06-14-2025 13:00,6.082755,3.0,3.0,12.45879,3.0,3.0,12.684849,3.0,3.0,5.351759,4.0,5.0,11.0,0.0,0.0,14.0,0.0,0.0,11.0,0.0,0.0,10.0,0.0,1.0,12.0,0.0,0.0,11.0,0.0,2.0,7.0,0.0,0.0,8.0,0.0,4.0,12.0,0.0,0.0,9.0,0.0,0.0,6.0,0.0,0.0,12.0,0.0,0.0,6.0,0.0,6.0
06-14-2025 14:00,5.759823,3.0,3.0,11.797652,23.0,28.0,13.207157,3.0,3.0,2.596649,4.0,5.0,10.0,0.0,0.0,15.0,0.0,1.0,12.0,0.0,0.0,12.0,0.0,0.0,12.0,0.0,0.0,12.0,0.0,0.0,8.0,0.0,1.0,9.0,2.0,4.0,13.0,0.0,0.0,9.0,0.0,1.0,7.0,0.0,0.0,11.0,0.0,0.0,8.0,0.0,0.0
06-14-2025 15:00,7.697416,3.0,3.0,14.442205,3.0,3.0,13.994214,3.0,3.0,1.219094,4.0,5.0,12.0,0.0,0.0,14.0,0.0,3.0,14.0,0.0,0.0,13.0,0.0,0.0,14.0,0.0,0.0,13.0,0.0,0.0,9.0,1.0,2.0,10.0,8.0,12.0,15.0,0.0,0.0,,,,9.0,0.0,1.0,12.0,0.0,0.0,9.0,0.0,0.0
06-14-2025 16:00,8.666213,3.0,3.0,,,,16.285603,3.0,3.0,2.596649,4.0,5.0,13.0,0.0,0.0,14.0,0.0,1.0,15.0,0.0,0.0,15.0,0.0,0.0,16.0,0.0,0.0,16.0,2.0,6.0,9.0,0.0,0.0,10.0,0.0,3.0,15.0,0.0,0.0,,,,10.0,0.0,0.0,12.0,0.0,0.0,10.0,0.0,1.0
06-14-2025 17:00,9.957941,3.0,3.0,15.764484,3.0,3.0,17.922309,4.0,4.0,1.219094,4.0,5.0,14.0,0.0,0.0,14.0,0.0,1.0,15.0,0.0,0.0,16.0,0.0,1.0,17.0,0.0,1.0,17.0,0.0,1.0,12.0,1.0,1.0,11.0,1.0,2.0,15.0,0.0,1.0,12.0,0.0,0.333333,11.0,0.0,0.0,12.0,0.0,0.0,12.0,1.0,2.0
06-14-2025 18:00,11.70302,11.0,14.0,17.08676,9.0,11.0,17.594969,4.0,5.0,1.219094,4.0,5.0,16.0,0.0,0.0,14.0,0.0,1.0,14.0,0.0,0.0,15.0,1.0,2.0,17.0,0.0,1.0,18.0,0.0,0.0,14.0,45.0,74.0,13.0,14.0,24.0,,,,14.0,0.0,0.0,13.0,0.0,5.0,11.0,2.0,15.0,13.0,0.0,1.0
06-14-2025 19:00,14.284758,3.0,3.0,15.103345,3.0,3.0,15.827631,3.0,3.0,,,,,,,14.0,3.0,4.0,15.0,0.0,0.0,15.0,0.0,2.0,17.0,0.0,0.0,18.0,0.0,1.0,,,,17.0,0.0,0.0,15.0,0.0,0.0,15.0,0.0,0.0,,,,12.0,0.0,0.0,16.0,0.0,0.0
06-14-2025 20:00,18.8028,3.0,3.0,,,,16.612945,3.0,3.0,,,,17.0,0.0,0.0,,,,18.0,0.0,0.0,15.0,0.0,0.0,17.0,0.0,0.0,16.0,0.0,0.0,,,,16.0,0.0,0.0,,,,19.0,0.0,0.0,,,,12.0,0.0,0.0,16.0,0.0,0.0
06-14-2025 21:00,19.448233,3.0,3.0,13.615783,3.0,3.0,14.648898,3.0,3.0,,,,18.5,0.0,0.0,,,,20.0,0.0,0.0,16.0,0.0,0.0,15.0,0.0,0.0,14.0,0.0,0.0,19.333333,0.0,0.0,15.0,0.0,0.0,19.0,0.0,0.0,19.0,0.0,0.0,19.0,0.0,0.0,12.0,0.0,0.0,15.0,0.0,0.0
06-14-2025 22:00,16.866495,3.0,4.0,12.45879,3.0,3.0,13.074603,3.0,3.0,-0.15846,4.25,5.25,12.0,0.0,0.0,15.333333,0.0,2.0,19.0,0.0,0.0,15.0,0.0,0.0,13.0,0.0,0.0,11.0,0.0,0.0,14.0,0.0,0.0,13.0,0.0,0.0,20.0,0.0,0.0,17.0,0.0,0.0,15.0,0.0,0.0,11.0,0.0,0.0,14.0,0.0,0.0
06-14-2025 23:00,14.607475,3.0,3.0,10.671917,3.0,3.0,9.411436,3.0,3.0,,,,,,,12.0,0.0,0.0,12.0,0.0,0.0,14.0,0.0,0.0,11.0,0.0,0.0,8.0,0.0,0.0,,,,13.0,1.0,1.0,16.0,0.0,0.0,11.0,0.0,0.0,,,,10.0,0.0,0.0,12.0,0.0,0.0
06-15-2025 00:00,12.541397,4.0,5.0,,,,9.372854,3.5,4.0,,,,,,,,,,12.0,0.0,0.0,12.0,0.0,0.0,10.0,0.0,0.0,7.0,0.0,0.0,,,,,,,12.0,0.0,0.0,9.0,0.0,0.0,,,,10.0,0.0,0.0,11.0,0.0,0.0
06-15-2025 01:00,11.249669,3.0,3.0,8.589791,3.5,4.0,9.604001,3.0,3.0,,,,,,,,,,10.0,0.0,0.0,12.0,0.0,0.0,10.0,0.0,0.0,7.0,0.0,0.0,12.666667,0.0,0.0,11.0,0.0,0.0,11.0,0.0,0.0,11.0,0.0,0.0,,,,10.0,0.0,0.0,11.0,0.0,0.0
06-15-2025 02:00,7.051552,3.0,3.0,7.364031,3.0,3.0,7.638646,3.0,3.0,-3.946736,9.5,11.75,,,,13.0,0.0,2.0,8.0,0.0,0.0,7.0,0.0,0.0,8.0,0.0,0.0,6.0,0.0,0.0,7.0,0.0,0.0,10.0,0.0,1.0,10.0,0.0,0.0,7.0,0.0,0.0,13.25,0.0,0.0,8.0,0.0,0.0,8.0,0.0,0.0
06-15-2025 03:00,5.436892,3.0,3.0,4.386933,3.0,3.0,7.638646,3.0,3.0,-7.046234,5.0,6.0,9.2,0.0,0.0,7.0,0.0,0.0,8.0,0.0,0.0,6.0,0.0,0.0,7.0,0.0,0.0,6.0,0.0,0.0,6.0,0.0,0.0,7.0,0.0,0.0,8.0,0.0,0.0,6.0,0.0,0.0,8.0,0.0,0.0,8.0,0.0,0.0,6.0,0.0,0.0
06-15-2025 04:00,5.759823,3.0,3.0,3.063778,3.0,4.0,,,,-4.291125,4.0,4.0,6.0,0.0,0.0,5.0,0.0,0.0,8.0,0.0,0.0,7.0,0.0,0.0,7.0,0.0,0.0,6.0,0.0,0.0,7.0,0.0,0.0,6.0,1.0,1.0,7.0,0.0,0.0,7.0,0.0,0.0,8.0,0.0,0.0,9.0,0.0,0.0,8.0,0.0,0.0
06-15-2025 05:00,7.697416,3.0,3.0,5.379299,3.0,3.0,7.638646,3.0,3.0,-4.291125,4.0,5.0,8.0,0.0,0.0,8.0,0.0,1.0,9.0,0.0,0.0,7.0,0.0,0.0,9.0,0.0,0.0,7.0,0.0,0.0,7.0,0.0,0.0,9.0,0.0,1.0,7.0,0.0,0.0,10.0,0.0,0.0,10.0,0.0,0.0,9.0,0.0,0.0,8.0,0.0,0.0
06-15-2025 06:00,7.374484,3.0,3.0,4.717722,3.0,3.0,8.621324,4.0,5.0,-4.291125,5.0,6.0,8.0,0.0,0.0,7.0,0.0,1.0,9.0,0.0,0.0,7.0,0.0,0.0,9.0,0.0,0.0,8.0,0.0,0.0,6.0,0.0,0.0,8.0,1.0,2.0,8.0,0.0,0.0,8.0,0.0,0.0,9.0,0.0,1.0,9.0,0.0,0.0,8.0,0.0,0.0
06-15-2025 07:00,7.507695,3.0,3.0,6.040876,3.0,3.0,9.276442,4.0,5.0,-4.291125,4.0,5.0,9.0,0.0,0.0,9.0,0.0,1.0,9.0,0.0,0.0,8.0,0.0,0.0,9.0,0.0,0.0,9.0,0.0,0.0,7.0,0.0,0.0,9.0,2.0,2.0,9.0,0.0,0.0,9.0,0.0,0.0,9.0,0.0,1.0,9.0,0.0,1.0,8.0,0.0,1.0
06-15-2025 08:00,,,,5.379299,13.0,16.0,9.796825,3.0,3.0,-2.91357,4.0,5.0,10.0,0.0,0.0,8.0,0.0,1.0,10.0,0.0,0.0,9.0,0.0,0.0,10.0,0.0,1.0,9.0,0.0,0.0,8.0,0.0,1.0,8.0,0.0,4.0,9.0,0.0,1.0,9.0,0.0,1.0,10.0,0.0,1.0,9.0,0.0,1.0,8.0,0.0,0.0
06-15-2025 09:00,8.666213,3.0,3.0,5.516835,3.0,3.0,11.107936,3.0,3.0,2.596649,6.0,7.0,13.0,0.0,0.0,11.0,1.0,1.0,12.0,0.0,1.0,12.0,0.0,1.0,13.0,0.0,0.0,13.0,0.0,0.0,10.0,0.0,0.0,10.0,1.0,1.0,11.0,0.0,0.0,13.0,0.0,1.0,12.0,0.0,1.0,13.0,0.0,1.0,11.0,0.0,0.0
06-15-2025 10:00,11.572601,3.0,3.0,11.467082,12.0,15.0,11.763492,4.0,5.0,6.729313,6.0,7.0,17.0,0.0,1.0,15.0,1.0,1.0,14.0,0.0,0.0,13.0,1.0,1.0,18.0,0.0,1.0,15.0,0.0,0.0,11.0,0.0,0.0,13.0,2.0,3.0,12.0,0.0,0.0,14.0,0.0,0.0,13.0,0.0,1.0,14.0,0.0,1.0,12.0,0.0,0.0
06-15-2025 11:00,12.218465,3.0,3.0,15.433915,3.0,3.0,16.352381,4.0,5.0,9.484423,4.0,5.0,19.0,0.0,1.0,19.0,0.0,1.0,15.0,0.0,1.0,14.0,0.0,1.0,20.0,0.0,1.0,17.0,1.0,2.0,13.0,0.0,0.0,13.0,1.0,1.0,13.0,0.0,1.0,16.0,1.0,1.0,13.0,0.0,0.0,18.0,0.0,1.0,12.0,0.0,0.0
06-15-2025 12:00,11.572601,3.0,3.0,17.08676,7.0,9.0,18.249651,3.0,3.0,8.106868,4.0,5.0,,,,19.0,1.0,1.0,14.0,0.0,2.0,13.0,0.0,10.0,16.0,0.0,0.0,14.0,1.0,1.0,9.0,0.0,0.0,13.0,2.0,2.0,13.0,0.0,1.0,12.0,0.0,1.0,9.0,0.0,1.0,15.0,0.0,0.0,8.0,0.0,1.0
06-15-2025 13:00,7.697416,3.0,3.0,15.433915,3.0,3.0,18.249651,4.0,5.0,3.974204,6.0,7.0,15.0,0.0,0.0,14.0,1.0,1.0,13.0,0.0,0.0,12.0,0.0,1.0,12.0,0.0,0.0,12.0,0.0,0.0,,,,9.0,1.0,1.0,10.0,0.0,0.0,9.0,0.0,0.0,8.0,0.0,1.0,14.0,0.0,0.0,7.0,0.0,0.0
06-15-2025 14:00,6.72862,3.0,3.0,10.01034,10.0,13.0,14.517393,3.0,3.0,,,,13.0,0.0,0.0,12.0,0.0,3.0,13.0,0.0,1.0,12.0,0.0,1.0,11.0,0.0,0.0,11.0,0.0,0.0,9.0,0.0,0.0,8.0,17.0,23.0,12.0,0.0,0.0,,,,,,,12.0,0.0,1.0,7.0,0.0,0.0
06-15-2025 15:00,5.759823,4.0,5.0,,,,13.01219,3.0,3.0,,,,11.0,0.0,0.0,,,,13.0,1.0,4.0,13.0,0.0,1.0,12.0,0.0,0.0,14.0,0.0,0.0,,,,8.0,0.0,0.0,11.0,0.0,0.0,8.0,0.0,0.0,,,,12.0,0.0,14.0,9.0,0.0,0.0
06-15-2025 16:00,6.405688,3.0,3.0,,,,13.339531,3.0,3.0,,,,,,,,,,13.0,0.0,1.0,13.0,11.0,15.0,14.0,0.0,0.0,16.0,0.0,0.0,,,,9.0,2.0,3.0,11.0,0.0,0.0,8.0,1.0,1.0,,,,12.0,0.0,0.0,9.0,0.0,0.0
06-15-2025 17:00,7.697416,7.0,9.0,,,,14.648898,3.0,3.0,,,,13.5,5.0,14.0,,,,12.0,0.0,1.0,,,,15.0,0.0,1.0,17.0,0.0,0.0,,,,9.0,0.0,1.0,10.0,0.0,0.0,9.0,0.0,1.0,,,,10.0,0.0,0.0,10.0,1.0,4.0
06-15-2025 18:00,8.020348,3.0,3.0,,,,15.958262,4.0,5.0,,,,13.0,1.0,9.0,,,,12.0,0.0,1.0,11.5,0.0,1.0,14.0,0.0,0.0,16.0,0.0,0.0,,,,10.0,0.0,2.0,10.0,0.0,0.0,9.0,0.0,1.0,,,,9.0,0.0,0.0,13.0,12.0,34.0
06-15-2025 19:00,9.635009,38.0,50.0,9.61517,3.5,4.0,14.844953,3.0,3.0,,,,14.0,0.0,1.0,,,,12.0,0.0,1.0,10.0,0.0,0.0,13.0,0.0,0.0,13.0,0.0,1.0,,,,12.0,27.0,46.0,11.0,0.0,0.0,9.0,1.0,1.0,,,,,,,13.0,0.0,0.0
06-15-2025 20:00,12.025737,3.0,3.0,,,,13.01219,4.0,5.0,,,,12.0,0.0,1.0,,,,13.0,0.0,0.0,11.0,0.0,0.0,12.0,0.0,0.0,11.0,0.0,0.0,,,,12.0,2.0,2.0,13.0,0.0,0.0,11.0,0.0,0.0,,,,9.5,0.0,0.0,12.0,0.0,0.0
06-15-2025 21:00,13.316606,3.0,3.0,,,,12.419048,3.0,3.0,,,,,,,,,,14.0,0.0,0.0,11.0,0.0,0.0,12.0,0.0,0.0,11.0,0.0,0.0,,,,11.0,2.0,3.0,14.0,0.0,0.0,12.0,0.0,0.0,,,,8.0,0.0,0.0,11.0,0.0,0.0
06-15-2025 22:00,13.316606,3.0,3.0,12.877205,5.333333,6.0,11.435714,4.0,5.0,,,,,,,,,,14.0,5.0,5.0,11.0,0.0,0.0,11.0,0.0,0.0,8.0,0.0,0.0,,,,11.0,0.0,0.0,13.0,0.0,0.0,12.0,0.0,0.0,,,,8.0,0.0,3.0,10.0,0.0,0.0
06-15-2025 23:00,11.380303,4.0,5.0,8.42352,6.5,8.0,9.276442,3.0,3.0,,,,,,,,,,8.0,1.0,1.0,11.0,0.0,0.0,10.0,0.0,0.0,5.0,0.0,0.0,,,,10.0,1.0,1.0,10.0,0.0,0.0,7.0,0.0,0.0,,,,8.0,9.0,19.0,,,
06-16-2025 00:00,10.089434,3.0,3.0,,,,7.502381,3.0,3.0,,,,,,,,,,9.0,0.0,0.0,9.0,0.0,0.0,9.0,0.0,0.0,5.0,0.0,0.0,,,,10.0,0.0,2.0,8.0,0.0,0.0,7.0,0.0,0.0,,,,7.0,0.0,0.0,8.0,0.0,0.0
06-16-2025 01:00,8.020348,3.0,3.0,4.951994,3.5,4.0,6.519047,3.0,3.0,,,,,,,,,,7.0,0.0,0.0,8.0,0.0,0.0,7.0,0.0,0.0,4.0,0.0,0.0,,,,8.0,0.0,0.0,6.0,0.0,0.0,7.0,0.0,0.0,,,,6.0,0.0,0.0,9.0,0.0,0.0
06-16-2025 02:00,5.113959,3.0,3.0,4.056144,3.0,4.0,6.000848,4.0,5.0,,,,8.166667,0.166667,2.166667,,,,5.0,0.0,0.0,,,,6.0,0.0,0.0,5.0,0.0,0.0,,,,8.0,0.0,1.0,6.0,0.0,1.0,7.0,0.0,0.0,10.333333,1.5,2.666667,6.0,0.0,0.0,7.0,0.0,0.0
06-16-2025 03:00,3.822231,4.0,5.0,3.063778,3.0,3.0,5.34573,3.0,3.0,,,,5.0,0.0,0.0,9.230769,6.307692,15.769231,5.0,0.0,0.0,7.0,0.0,0.0,6.0,0.0,0.0,4.0,0.0,0.0,10.461538,13.538462,21.538462,7.0,0.0,0.0,5.0,0.0,0.0,6.0,0.0,0.0,8.0,0.0,0.0,8.0,0.0,0.0,6.0,0.0,0.0
06-16-2025 04:00,3.822231,3.0,3.0,3.394567,3.0,4.0,5.01817,3.0,3.0,,,,5.0,0.0,0.0,8.0,0.0,0.0,5.0,0.0,0.0,7.0,0.0,0.0,6.0,0.0,0.0,,,,9.0,0.0,1.0,9.0,0.0,1.0,5.0,0.0,0.0,7.0,0.0,0.0,7.0,0.0,0.0,,,,6.0,0.0,0.0
06-16-2025 05:00,5.436892,3.0,3.0,3.725355,3.0,3.0,5.673289,3.0,3.0,,,,6.0,0.0,0.0,6.0,0.0,0.0,6.0,0.0,0.0,6.0,0.0,0.0,6.0,0.0,0.0,5.0,0.0,0.0,8.0,0.0,0.0,6.0,0.0,1.0,5.0,0.0,0.0,6.0,0.0,0.0,7.0,0.0,0.0,8.0,0.0,0.0,6.0,0.0,0.0
06-16-2025 06:00,5.89411,3.0,3.0,5.04851,3.0,3.0,6.000848,4.0,5.0,-5.101451,5.705882,7.0,6.0,0.0,1.0,7.0,0.0,0.0,6.0,0.0,0.0,6.0,0.0,0.0,6.0,0.0,0.0,5.0,0.0,0.0,7.0,0.0,0.0,7.0,0.0,1.0,,,,6.0,0.0,0.0,7.0,0.0,0.0,8.0,0.0,0.0,5.0,0.0,0.0
06-16-2025 07:00,7.374484,4.0,5.0,6.040876,3.0,3.0,6.846825,4.0,5.0,-5.668679,4.0,5.0,8.0,0.0,1.0,9.0,0.0,1.0,6.0,0.0,0.0,7.0,0.0,0.0,7.0,0.0,0.0,7.0,0.0,1.0,6.0,0.0,0.0,7.0,4.0,9.0,6.0,0.0,0.0,9.0,0.0,0.0,8.0,0.0,0.0,9.0,0.0,0.0,7.0,0.0,0.0
06-16-2025 08:00,7.697416,3.0,3.0,6.314889,3.0,3.0,10.393459,3.0,3.0,-4.291125,5.0,6.0,9.0,0.0,1.0,9.0,0.0,1.0,8.0,0.0,1.0,8.0,0.0,1.0,10.0,0.0,0.0,7.0,0.0,1.0,6.0,0.0,3.0,8.0,0.0,1.0,7.0,0.0,1.0,8.0,0.0,0.0,7.0,0.0,0.0,7.0,0.0,0.0,6.0,0.0,1.0
06-16-2025 09:00,7.697416,3.0,3.0,7.169681,3.0,3.0,12.552037,3.0,3.0,-2.91357,4.0,5.0,9.0,0.0,0.0,12.0,0.0,1.0,8.0,0.0,0.0,8.0,0.0,0.0,11.0,0.0,0.0,8.0,0.0,0.0,8.0,0.0,0.0,9.0,1.0,1.0,8.0,0.0,0.0,8.0,0.0,0.0,8.0,0.0,0.0,8.0,0.0,0.0,8.0,0.0,0.0
06-16-2025 10:00,7.374484,3.0,3.0,10.475375,3.0,3.0,12.224477,3.0,4.0,-1.536015,5.0,6.0,11.0,0.0,0.0,10.0,0.0,1.0,9.0,0.0,0.0,9.0,0.0,0.0,11.0,0.0,0.0,10.0,0.0,1.0,8.0,0.0,1.0,8.0,0.0,2.0,9.0,0.0,0.0,9.0,0.0,0.0,7.0,0.0,0.0,9.0,0.0,0.0,8.0,0.0,0.0
06-16-2025 11:00,9.635009,3.0,4.0,10.341129,3.0,3.0,12.030166,3.0,3.0,2.596649,4.0,5.0,13.0,0.0,0.0,13.0,0.0,1.0,11.0,0.0,0.0,11.0,0.0,1.0,14.0,0.0,0.0,11.0,0.0,0.0,9.0,0.0,0.0,10.0,0.0,1.0,10.0,0.0,0.0,11.0,0.0,0.0,8.0,0.0,0.0,11.0,0.0,0.0,8.0,0.0,0.0
06-16-2025 12:00,9.635009,3.0,3.0,12.656649,3.0,3.0,16.612945,4.0,5.0,-0.15846,9.0,11.0,14.0,0.0,0.0,12.0,0.0,1.0,12.0,0.0,0.0,12.0,0.0,0.0,14.0,0.0,0.0,12.0,1.0,9.0,9.0,0.0,0.0,10.0,1.0,1.0,10.0,0.0,0.0,10.0,0.0,0.0,9.0,0.0,0.0,12.0,0.0,0.0,9.0,0.0,0.0
06-16-2025 13:00,10.280873,3.0,3.0,12.128221,3.0,3.0,15.630921,3.0,3.0,1.219094,4.0,5.0,12.0,0.0,0.0,13.0,0.0,0.0,12.0,0.0,1.0,14.0,0.0,1.0,13.0,0.0,0.0,12.0,1.0,5.0,10.0,0.0,0.0,11.0,0.0,1.0,12.0,0.0,0.0,11.0,0.0,0.0,10.0,0.0,0.0,14.0,0.0,0.0,9.0,0.0,0.0
06-16-2025 14:00,10.603805,3.0,3.0,11.136513,4.0,5.0,16.285603,3.0,3.0,-0.15846,4.0,5.0,12.0,0.0,1.0,11.0,0.0,4.0,12.0,0.0,0.0,13.0,0.0,0.0,13.0,0.0,0.0,12.0,0.0,1.0,11.0,0.0,0.0,11.0,0.0,2.0,12.0,0.0,0.0,10.0,0.0,0.0,10.0,0.0,0.0,12.0,0.0,0.0,9.0,0.0,0.0
06-16-2025 15:00,10.412151,4.0,5.0,10.805944,3.0,3.0,14.976239,3.0,3.0,-1.536015,4.0,5.0,12.0,26.0,61.0,10.0,0.0,0.0,13.0,0.0,0.0,14.0,0.0,0.0,14.0,0.0,1.0,13.0,0.0,1.0,10.0,0.0,0.0,11.0,1.0,1.0,13.0,0.0,0.0,,,,10.0,0.0,0.0,12.0,0.0,1.0,9.0,0.0,0.0
06-16-2025 16:00,10.412151,3.0,3.0,13.781068,3.0,4.0,15.500071,3.0,3.0,-2.91357,4.0,5.0,13.0,0.0,1.0,9.0,0.0,1.0,12.0,0.0,0.0,15.0,0.0,0.0,14.0,0.0,1.0,14.0,0.0,1.0,10.0,0.0,0.0,10.0,1.0,1.0,14.0,0.0,0.0,11.0,0.0,0.0,11.0,0.0,0.0,12.0,0.0,0.0,10.0,0.0,0.0
06-16-2025 17:00,11.380303,3.0,3.0,11.797652,3.0,3.0,15.630921,4.0,5.0,-1.536015,4.0,5.0,13.0,5.0,24.0,9.0,0.0,3.0,13.0,0.0,0.0,14.0,0.0,0.0,15.0,0.0,1.0,14.0,0.0,1.0,10.0,0.0,0.0,11.0,0.0,1.0,13.0,0.0,0.0,11.0,0.0,1.0,11.0,0.0,0.0,11.0,0.0,1.0,10.0,0.0,0.0
06-16-2025 18:00,,,,11.995072,4.0,4.0,15.630921,4.0,5.0,-2.91357,44.0,58.0,14.0,0.0,1.0,9.0,0.0,0.0,12.0,0.0,0.0,14.0,0.0,0.0,15.0,0.0,1.0,16.0,0.0,1.0,14.0,0.0,0.0,12.0,1.0,2.0,13.0,2.0,12.0,12.0,0.0,0.0,12.0,0.0,1.0,11.0,0.0,0.0,11.0,0.0,1.0
06-16-2025 19:00,12.218465,3.0,3.0,9.483666,3.0,3.0,15.172512,3.0,3.0,-4.291125,4.0,5.0,12.0,0.0,0.0,9.0,0.0,0.0,12.0,0.0,0.0,13.0,0.0,0.0,13.0,0.0,0.0,13.0,0.0,1.0,14.0,0.0,0.0,13.0,0.0,1.0,13.0,0.0,0.0,12.0,0.0,0.0,14.0,0.0,0.0,10.0,0.0,1.0,12.0,0.0,0.0
06-16-2025 20:00,12.993889,3.0,3.0,8.161389,3.0,4.0,13.534715,3.0,3.0,-5.668679,4.0,5.0,12.0,0.0,0.0,9.0,0.0,1.0,12.0,0.0,0.0,11.0,0.0,0.0,12.0,0.0,0.0,11.0,0.0,0.0,14.0,0.0,0.0,,,,13.0,0.0,0.0,12.0,0.0,0.0,11.0,0.0,0.0,9.0,0.0,0.0,10.0,0.0,0.0
06-16-2025 21:00,13.510194,3.0,3.0,7.364031,3.0,3.0,12.357507,3.0,3.0,-5.668679,4.0,5.0,10.0,0.0,0.0,8.0,0.0,0.0,12.0,0.0,0.0,11.0,0.0,0.0,10.0,0.0,0.0,11.0,0.0,0.0,12.0,0.0,0.0,12.0,1.0,1.0,14.0,0.0,0.0,13.0,1.0,1.0,11.0,0.0,0.0,8.0,0.0,1.0,9.0,0.0,0.0
06-16-2025 22:00,12.671173,3.0,3.0,4.386933,3.0,3.0,9.141269,3.0,3.0,-5.668679,4.0,5.0,9.0,0.0,0.0,7.0,0.0,1.0,9.0,0.0,0.0,10.0,0.0,0.0,9.0,0.0,0.0,8.0,0.0,0.0,10.0,0.0,0.0,11.0,0.0,1.0,10.0,0.0,0.0,11.0,0.0,0.0,10.0,0.0,0.0,9.0,0.0,0.0,9.0,0.0,0.0
06-16-2025 23:00,8.34328,3.0,3.0,,,,9.276442,4.0,5.0,-4.291125,4.0,5.0,8.0,0.0,0.0,8.0,0.0,0.0,9.0,0.0,0.0,9.0,0.0,0.0,9.0,0.0,1.0,8.0,0.0,0.0,9.0,0.0,0.0,8.0,0.0,2.0,9.0,0.0,0.0,8.0,0.0,0.0,9.0,0.0,0.0,9.0,0.0,0.0,8.0,0.0,0.0
06-17-2025 00:00,9.635009,3.0,3.0,4.386933,3.0,3.0,8.621324,4.0,5.0,-5.668679,4.0,5.0,6.0,0.0,0.0,8.0,0.0,0.0,9.0,0.0,0.0,9.0,0.0,0.0,9.0,0.0,0.0,8.0,0.0,0.0,9.0,0.0,0.0,9.0,1.0,1.0,8.0,0.0,0.0,8.0,0.0,0.0,9.0,0.0,0.0,9.0,0.0,0.0,8.0,0.0,0.0
06-17-2025 01:00,9.635009,3.0,3.0,3.725355,4.0,5.0,8.293765,3.0,3.0,-7.046234,4.0,5.0,6.0,0.0,0.0,8.0,0.0,1.0,7.0,0.0,0.0,10.0,0.0,0.0,8.0,0.0,0.0,7.0,0.0,0.0,9.0,0.0,0.0,9.0,0.0,1.0,8.0,0.0,0.0,9.0,0.0,0.0,10.0,0.0,0.0,8.0,0.0,0.0,9.0,0.0,0.0
06-17-2025 02:00,8.020348,3.0,3.0,2.73299,3.0,3.0,6.000848,3.0,3.0,-5.668679,4.0,5.0,4.0,0.0,0.0,7.0,0.0,0.0,,,,7.0,0.0,0.0,6.0,0.0,0.0,5.0,0.0,0.0,9.0,0.0,0.0,8.0,0.0,1.0,6.0,0.0,0.0,7.0,0.0,0.0,8.0,0.0,0.0,7.0,0.0,0.0,7.0,0.0,0.0
06-17-2025 03:00,4.145163,3.0,3.0,2.402201,3.0,3.0,5.34573,4.0,5.0,-5.668679,4.0,5.0,4.0,0.0,0.0,7.0,0.0,1.0,5.0,0.0,0.0,6.0,0.0,0.0,5.0,0.0,0.0,4.0,0.0,0.0,9.0,0.0,0.0,7.0,0.0,0.0,5.0,0.0,0.0,7.0,0.0,0.0,7.0,0.0,0.0,8.0,0.0,0.0,6.0,0.0,0.0
06-17-2025 04:00,3.822231,3.0,3.0,2.402201,3.0,3.0,5.01817,3.0,3.0,-5.668679,4.0,5.0,,,,8.0,0.0,0.0,5.0,0.0,0.0,5.0,0.0,0.0,5.0,0.0,0.0,4.0,0.0,0.0,6.0,0.0,0.0,7.0,1.0,1.0,4.0,0.0,0.0,5.0,0.0,0.0,5.0,0.0,0.0,6.0,0.0,0.0,5.0,0.0,0.0
06-17-2025 05:00,6.082755,3.0,3.0,2.73299,3.0,4.0,5.207936,3.0,3.0,-4.291125,4.0,5.0,4.0,0.0,0.0,,,,5.0,0.0,0.0,7.0,0.0,0.0,5.0,0.0,0.0,4.0,0.0,0.0,7.0,0.0,0.0,8.0,0.0,1.0,5.0,0.0,0.0,8.0,0.0,0.0,7.0,0.0,0.0,9.0,0.0,0.0,5.0,0.0,0.0
06-17-2025 06:00,8.34328,3.0,3.0,3.394567,3.0,3.0,5.863492,3.0,3.0,-4.291125,4.0,5.0,6.0,0.0,0.0,9.0,0.0,1.0,6.0,0.0,0.0,7.0,0.0,0.0,6.0,0.0,1.0,5.0,0.0,0.0,6.0,0.0,0.0,9.0,1.0,1.0,5.0,0.0,0.0,10.0,0.0,0.0,8.0,0.0,0.0,9.0,0.0,0.0,5.0,0.0,0.0
06-17-2025 07:00,9.635009,3.0,3.0,5.04851,7.0,8.0,8.621324,3.0,3.0,-2.91357,4.0,5.0,7.0,0.0,0.0,8.0,0.0,1.0,6.0,0.0,0.0,8.0,0.0,0.0,8.0,0.0,0.0,7.0,0.0,0.0,6.0,0.0,1.0,9.0,0.0,0.0,7.0,0.0,1.0,10.0,0.0,0.0,10.0,0.0,0.0,10.0,0.0,0.0,7.0,0.0,0.0
06-17-2025 08:00,8.989144,3.0,3.0,5.04851,3.0,3.0,10.981845,3.0,3.5,-1.536015,4.0,5.0,9.0,0.0,1.0,10.0,0.0,1.0,7.0,0.0,1.0,8.0,0.0,0.0,10.0,0.0,0.0,8.0,0.0,0.0,6.0,0.0,0.0,9.0,0.0,3.0,7.0,0.0,1.0,,,,9.0,0.0,0.0,9.0,0.0,0.0,7.0,0.0,0.0
06-17-2025 09:00,8.989144,3.0,3.0,7.364031,3.0,3.0,13.339531,4.0,5.0,-0.15846,4.0,5.0,9.0,0.0,0.0,13.0,0.0,1.0,7.0,0.0,0.0,8.0,0.0,0.0,12.0,0.0,0.0,8.0,0.0,0.0,7.0,0.0,0.0,9.0,1.0,1.0,8.0,0.0,0.0,10.0,0.0,0.0,9.0,0.0,0.0,9.0,0.0,0.0,7.0,0.0,0.0
06-17-2025 10:00,8.666213,3.0,3.0,10.341129,3.0,3.0,14.648898,3.0,3.0,-0.15846,4.0,5.0,11.0,0.0,0.0,12.0,0.0,1.0,8.0,0.0,0.0,9.0,0.0,0.0,13.0,0.0,0.0,9.0,0.0,0.0,8.0,0.0,0.0,9.0,0.0,0.0,8.0,1.0,10.0,10.0,0.0,0.0,8.0,0.0,0.0,10.0,0.0,0.0,8.0,0.0,0.0
06-17-2025 11:00,8.666213,3.0,3.0,10.805944,4.0,5.0,15.369048,3.0,3.0,,,,12.0,21.0,46.0,,,,9.0,0.0,0.0,10.0,0.0,0.0,13.0,0.0,0.0,10.0,0.0,1.0,,,,9.0,0.0,1.0,9.0,0.0,1.0,10.0,0.0,0.0,,,,12.0,0.0,0.0,7.0,0.0,0.0
06-17-2025 12:00,8.989144,3.0,3.0,10.341129,3.0,3.0,14.976239,3.0,3.0,,,,13.0,0.0,0.0,,,,10.0,0.0,0.0,11.0,0.0,0.0,13.0,0.0,1.0,11.0,2.0,5.0,,,,9.0,0.0,1.0,12.0,7.0,18.0,10.0,0.0,1.0,,,,12.0,0.0,0.0,7.0,0.0,0.0
06-17-2025 13:00,9.635009,3.0,3.0,10.144805,3.0,3.0,14.844953,4.0,5.0,,,,,,,,,,12.0,0.0,0.0,12.0,0.0,0.0,13.0,0.0,1.0,12.0,0.0,1.0,,,,9.0,0.0,1.0,13.0,0.0,1.0,11.0,0.0,0.0,,,,13.0,0.0,0.0,8.0,0.0,0.0
06-17-2025 14:00,9.443999,3.0,3.0,11.002705,3.0,3.0,14.189834,3.0,3.0,,,,12.5,0.5,1.0,,,,13.0,0.0,0.0,13.0,0.0,0.0,13.0,0.0,1.0,12.0,2.0,6.0,,,,10.0,1.0,9.0,,,,10.0,0.0,1.0,,,,12.0,0.0,0.0,9.0,0.0,0.0
06-17-2025 15:00,9.957941,3.0,3.0,11.136513,3.0,3.0,14.844953,4.0,5.0,,,,12.0,0.0,1.0,,,,12.0,0.0,0.0,14.0,0.0,0.0,14.0,0.0,0.0,12.0,0.0,1.0,,,,10.0,0.0,2.0,13.0,0.0,0.0,11.0,0.0,0.0,,,,11.0,0.0,0.0,9.0,0.0,0.0
06-17-2025 16:00,10.280873,3.0,3.0,11.664283,3.0,3.0,15.500071,3.0,3.0,,,,,,,12.0,0.0,0.833333,14.0,0.0,0.0,14.0,0.0,0.0,14.0,0.0,1.0,13.0,0.0,1.0,,,,10.0,4.0,6.0,14.0,0.0,1.0,10.0,0.0,1.0,,,,11.0,0.0,0.0,9.0,0.0,0.0
06-17-2025 17:00,10.280873,3.0,3.0,11.995072,3.0,4.0,15.500071,3.0,3.0,,,,12.5,6.0,29.0,8.0,0.0,1.0,12.0,0.0,0.0,13.0,0.0,0.0,14.0,0.0,1.0,14.0,6.0,18.0,10.285714,0.0,0.142857,10.0,1.0,1.0,12.0,0.0,1.0,11.0,2.0,9.0,10.571429,0.0,0.0,10.0,0.0,1.0,9.0,0.0,0.0
06-17-2025 18:00,10.603805,5.0,6.0,11.136513,3.0,3.0,14.844953,3.0,4.0,,,,13.0,0.0,0.0,8.0,0.0,1.0,11.0,0.0,1.0,12.0,0.0,0.0,13.0,0.0,2.0,13.0,3.0,9.0,12.0,0.0,0.0,11.0,0.0,2.0,11.0,2.0,12.0,,,,11.0,0.0,1.0,9.0,0.0,1.0,9.0,0.0,0.0
06-17-2025 19:00,11.249669,3.0,3.0,10.144805,3.0,3.0,12.030166,3.0,3.0,-1.689077,10.555556,13.555556,12.0,13.0,21.0,7.0,0.0,1.0,10.0,0.0,0.0,11.0,0.0,0.0,11.0,0.0,0.0,11.0,1.0,2.0,13.0,0.0,0.0,11.0,0.0,1.0,11.0,0.0,0.0,10.0,0.0,1.0,11.0,0.0,1.0,8.0,0.0,1.0,9.0,0.0,0.0
