Time,node-03 / PM2_5,node-03 / PM10_0,node-04 / PM2_5,node-04 / PM10_0,node-05 / PM2_5,node-05 / PM10_0,node-06 / PM2_5,node-06 / PM10_0,node-07 / PM2_5,node-07 / PM10_0,node-08 / PM2_5,node-08 / PM10_0,node-09 / PM2_5,node-09 / PM10_0,node-10 / PM2_5,node-10 / PM10_0,node-11 / PM2_5,node-11 / PM10_0,node-12 / PM2_5,node-12 / PM10_0,node-13 / PM2_5,node-13 / PM10_0,node-14 / PM2_5,node-14 / PM10_0,node-15 / PM2_5,node-15 / PM10_0,node-16 / PM2_5,node-16 / PM10_0,node-17 / PM2_5,node-17 / PM10_0,node-18 / PM2_5,node-18 / PM10_0,node-19 / PM2_5,node-19 / PM10_0
06-18-2025 00:00,3.0,3.0,3.0,3.0,,,,,0.0,0.0,0.0,1.0,0.0,0.0,0.0,0.0,0.0,0.0,0.0,0.0,0.0,0.0,1.0,1.0,0.0,0.0,0.0,0.0,0.0,0.0,0.0,0.0,0.0,0.0
06-18-2025 01:00,3.0,3.0,3.0,3.0,3.0,3.0,4.0,5.0,0.0,0.0,0.0,0.0,0.0,0.0,0.0,0.0,0.0,0.0,0.0,0.0,0.0,0.0,0.0,0.0,0.0,0.0,0.0,0.0,0.0,0.0,0.0,0.0,0.0,0.0
06-18-2025 02:00,3.0,3.0,3.0,3.0,3.0,3.0,5.0,6.0,0.0,0.0,0.0,0.0,0.0,0.0,0.0,0.0,0.0,0.0,0.0,0.0,0.0,0.0,0.0,0.0,0.0,0.0,0.0,0.0,0.0,0.0,0.0,0.0,0.0,0.0
06-18-2025 03:00,3.0,3.0,3.0,3.0,3.0,3.0,4.0,5.0,0.0,0.0,0.0,1.0,0.0,0.0,0.0,0.0,0.0,0.0,0.0,0.0,0.0,0.0,0.0,1.0,0.0,0.0,0.0,0.0,0.0,0.0,0.0,0.0,0.0,0.0
06-18-2025 04:00,,,3.0,3.0,3.0,3.0,4.0,5.0,0.0,0.0,0.0,0.0,0.0,0.0,0.0,0.0,0.0,0.0,0.0,0.0,0.0,0.0,0.0,0.0,0.0,0.0,0.0,0.0,0.0,0.0,0.0,0.0,0.0,0.0
06-18-2025 05:00,3.0,4.0,3.0,3.0,4.0,5.0,4.0,5.0,0.0,0.0,0.0,0.0,0.0,0.0,0.0,0.0,0.0,0.0,0.0,0.0,0.0,0.0,0.0,0.0,0.0,0.0,0.0,0.0,0.0,0.0,0.0,0.0,0.0,0.0
06-18-2025 06:00,3.0,3.0,3.0,3.0,3.0,3.0,4.0,5.0,0.0,0.0,0.0,0.0,0.0,0.0,0.0,0.0,0.0,0.0,0.0,0.0,0.0,0.0,0.0,0.0,0.0,0.0,0.0,0.0,,,0.0,0.0,0.0,0.0
06-18-2025 07:00,3.0,3.0,4.0,5.0,4.0,5.0,5.0,6.0,0.0,0.0,0.0,1.0,0.0,0.0,0.0,0.0,0.0,0.0,0.0,0.0,0.0,0.0,0.0,0.0,0.0,0.0,0.0,0.0,0.0,0.0,0.0,0.0,0.0,0.0
06-18-2025 08:00,3.0,3.0,3.0,3.0,3.0,3.0,48.0,62.0,0.0,1.0,0.0,0.0,0.0,0.0,0.0,0.0,0.0,0.0,0.0,0.0,0.0,0.0,0.0,0.0,0.0,1.0,0.0,0.0,0.0,0.0,0.0,0.0,0.0,0.0
06-18-2025 09:00,3.0,3.0,3.0,3.0,4.0,5.0,4.0,5.0,0.0,0.0,0.0,0.0,0.0,0.0,0.0,0.0,0.0,0.0,0.0,0.0,0.0,0.0,0.0,1.0,0.0,0.0,0.0,0.0,0.0,0.0,0.0,0.0,0.0,0.0
06-18-2025 10:00,3.0,3.0,3.0,3.0,3.0,3.0,4.0,5.0,0.0,1.0,0.0,1.0,0.0,0.0,0.0,0.0,0.0,1.0,0.0,1.0,0.0,0.0,0.0,0.0,1.0,1.0,0.0,0.0,0.0,0.0,0.0,0.0,0.0,0.0
06-18-2025 11:00,4.0,5.0,3.0,4.0,3.0,3.0,4.0,5.0,,,,,0.0,0.0,0.0,0.0,0.0,0.0,0.0,0.0,,,0.0,1.0,0.0,0.0,0.0,0.0,0.0,1.0,0.0,0.0,0.0,0.0
06-18-2025 12:00,3.0,3.0,3.0,3.0,3.0,3.0,,,,,,,0.0,0.0,0.0,0.0,0.0,0.0,0.0,0.0,,,0.0,1.0,0.0,0.0,0.0,0.0,,,,,0.0,0.0
06-18-2025 13:00,4.0,5.0,3.0,3.0,3.0,3.0,,,,,,,0.0,0.0,0.0,0.0,0.0,0.0,,,,,,,0.0,0.0,0.0,0.0,,,0.0,0.0,0.0,0.0
06-18-2025 14:00,3.0,3.0,,,3.0,3.0,,,4.333333,15.0,,,0.0,0.0,0.0,0.0,0.0,0.0,0.0,0.0,,,0.0,1.0,0.0,0.0,0.0,0.0,,,0.0,0.0,0.0,0.0
06-18-2025 15:00,3.0,3.0,,,3.0,3.0,,,,,,,0.0,0.0,,,0.0,1.0,0.0,0.0,,,0.0,2.0,1.0,1.0,0.0,1.0,,,0.0,0.0,0.0,0.0
06-18-2025 16:00,3.0,3.0,,,3.0,3.0,,,,,,,0.0,0.0,0.0,0.0,0.0,1.0,0.0,1.0,,,0.0,0.0,0.0,0.0,0.0,0.0,,,,,0.0,0.0
06-18-2025 17:00,3.0,3.0,3.0,3.0,3.0,3.0,,,,,,,0.0,0.0,,,0.0,0.0,,,,,1.0,1.0,0.0,0.0,,,,,0.0,0.0,0.0,0.0
06-18-2025 18:00,3.0,3.0,8.5,10.5,3.0,3.0,,,,,,,0.0,0.0,0.0,0.0,0.0,0.0,0.0,1.0,,,0.0,1.0,0.0,1.0,0.0,1.0,,,0.0,0.0,0.0,0.0
06-18-2025 19:00,3.0,3.0,3.0,3.0,3.0,3.0,,,,,,,0.0,0.0,0.0,0.0,0.0,0.0,0.0,0.0,,,0.0,1.0,0.0,0.0,0.0,1.0,,,0.0,0.0,0.0,0.0
06-18-2025 20:00,3.0,3.0,3.0,3.0,4.0,5.0,,,,,,,0.0,0.0,0.0,0.0,0.0,1.0,0.0,1.0,,,0.0,1.0,0.0,0.0,0.0,1.0,,,0.0,0.0,0.0,0.0
06-18-2025 21:00,3.0,3.0,3.0,3.0,3.0,3.0,,,,,,,0.0,0.0,0.0,0.0,0.0,0.0,0.0,0.0,,,0.0,0.0,0.0,0.0,0.0,0.0,,,0.0,0.0,0.0,0.0
06-18-2025 22:00,3.0,3.0,3.0,3.0,4.0,5.0,,,,,,,0.0,0.0,0.0,0.0,0.0,1.0,0.0,0.0,,,0.0,0.0,0.0,0.0,0.0,0.0,,,0.0,1.0,0.0,0.0
06-18-2025 23:00,4.0,5.0,3.0,3.0,3.0,3.0,,,,,,,0.0,0.0,0.0,0.0,0.0,0.0,0.0,0.0,,,0.0,0.0,0.0,0.0,0.0,0.0,,,0.0,1.0,0.0,0.0
06-19-2025 00:00,3.0,3.0,3.0,3.0,3.0,4.0,,,,,,,0.0,0.0,0.0,0.0,0.0,0.0,0.0,0.0,,,0.0,0.0,,,0.0,0.0,,,0.0,0.0,0.0,0.0
06-19-2025 01:00,3.0,3.0,3.0,3.0,4.0,5.0,,,,,,,0.0,0.0,0.0,0.0,0.0,0.0,0.0,0.0,,,0.0,1.0,0.0,0.0,1.0,1.0,,,0.0,0.0,0.0,0.0
06-19-2025 02:00,3.0,3.0,3.0,3.0,3.0,3.0,,,,,,,0.0,0.0,0.0,0.0,0.0,0.0,0.0,0.0,,,0.0,1.0,0.0,0.0,0.0,1.0,,,0.0,0.0,0.0,0.0
06-19-2025 03:00,3.0,3.0,8.0,10.0,3.0,3.0,,,,,,,0.0,0.0,0.0,0.0,0.0,0.0,,,,,0.0,1.0,0.0,0.0,0.0,0.0,,,0.0,0.0,0.0,0.0
06-19-2025 04:00,3.0,3.0,3.0,3.0,3.0,3.0,,,1.928571,6.071429,0.0,0.944444,0.0,0.0,0.0,0.0,0.0,0.0,0.0,0.0,0.0,0.0,0.0,0.0,0.0,0.0,0.0,0.0,,,0.0,0.0,0.0,0.0
06-19-2025 05:00,3.0,3.0,10.0,12.0,3.0,3.0,,,0.0,0.0,0.0,0.0,0.0,0.0,0.0,0.0,0.0,0.0,0.0,1.0,0.0,0.0,0.0,0.0,0.0,0.0,0.0,0.0,0.0,0.277778,0.0,0.0,0.0,0.0
06-19-2025 06:00,3.0,3.0,3.0,3.0,3.0,3.0,,,0.0,0.0,0.0,0.0,0.0,0.0,0.0,0.0,0.0,0.0,0.0,0.0,0.0,0.0,0.0,0.0,0.0,0.0,0.0,0.0,0.0,0.0,0.0,0.0,0.0,0.0
06-19-2025 07:00,3.0,3.0,3.0,3.0,3.0,3.0,,,,,,,0.0,0.0,0.0,0.0,0.0,0.0,0.0,0.0,,,1.0,3.0,0.0,0.0,0.0,0.0,,,0.0,0.0,0.0,0.0
06-19-2025 08:00,3.0,3.0,3.0,3.0,3.0,3.0,,,,,,,0.0,0.0,0.0,0.0,0.0,1.0,0.0,1.0,,,0.0,1.0,0.0,0.0,0.0,0.0,,,0.0,0.0,0.0,0.0
06-19-2025 09:00,4.0,5.0,3.0,3.0,3.0,3.0,,,,,,,0.0,0.0,0.0,0.0,,,0.0,0.0,,,3.0,9.0,0.0,0.0,0.0,0.0,,,0.0,0.0,0.0,0.0
06-19-2025 10:00,3.0,3.0,,,4.0,5.0,,,,,,,0.0,1.0,0.0,0.0,0.0,0.5,0.0,0.0,,,135.0,239.0,0.0,0.0,0.0,0.0,,,0.0,0.0,0.0,1.0
06-19-2025 11:00,4.0,5.0,,,3.0,3.0,,,,,,,0.0,0.0,0.0,0.0,,,0.0,0.0,,,0.0,1.0,0.0,1.0,0.0,0.0,,,0.0,0.0,1.0,1.0
06-19-2025 12:00,3.0,3.0,7.333333,9.0,4.0,5.0,,,,,,,0.0,4.0,0.0,1.0,0.0,0.5,0.0,0.0,,,0.0,0.0,17.0,39.0,0.0,0.0,,,0.0,0.0,0.0,0.0
06-19-2025 13:00,,,5.0,6.0,3.0,3.0,,,,,,,,,0.0,0.0,0.0,0.0,0.0,0.0,,,4.0,10.0,0.0,0.0,,,,,0.0,0.0,0.0,0.0
06-19-2025 14:00,3.0,3.0,3.0,3.0,3.0,3.0,,,,,,,0.0,0.5,0.0,0.0,0.0,0.0,0.0,1.0,,,0.0,1.0,1.0,1.0,1.5,1.5,,,0.0,1.0,0.0,0.0
06-19-2025 15:00,3.0,3.0,11.0,14.0,3.0,4.0,,,,,,,0.0,1.0,0.0,1.0,0.0,0.0,0.0,0.0,,,71.0,132.0,0.0,0.0,0.0,1.0,,,0.0,0.0,0.0,0.0
06-19-2025 16:00,3.0,3.0,3.0,3.0,4.0,5.0,,,,,,,0.0,0.0,0.0,1.0,0.0,0.0,0.0,0.0,,,39.0,78.0,0.0,0.0,,,,,0.0,0.0,0.0,0.0
06-19-2025 17:00,3.0,3.0,9.0,11.0,4.0,5.0,,,,,,,0.0,1.0,0.0,0.0,0.0,0.0,0.0,0.0,,,82.0,145.0,0.0,0.0,0.0,0.0,,,0.0,0.0,0.0,0.0
06-19-2025 18:00,6.0,7.0,3.0,3.0,3.0,3.0,,,,,,,0.0,1.0,0.0,0.0,0.0,0.0,0.0,0.0,,,15.0,28.0,0.0,0.0,0.0,0.0,,,,,0.0,1.0
06-19-2025 19:00,3.0,3.0,3.0,3.0,4.0,5.0,,,,,,,4.0,11.0,0.0,1.0,,,0.0,0.0,,,1.0,3.0,0.0,0.0,0.0,0.0,,,0.0,0.0,0.0,0.0
06-19-2025 20:00,3.0,3.0,3.0,3.0,3.0,3.0,,,,,,,0.0,0.0,0.0,0.0,0.0,0.5,,,,,10.0,17.0,0.0,0.0,0.0,0.0,,,,,0.0,0.0
06-19-2025 21:00,3.0,3.0,3.0,3.0,3.0,3.0,,,,,,,0.0,0.0,0.0,0.0,,,0.0,0.0,,,0.0,2.0,0.0,0.0,0.0,0.0,,,,,0.0,0.0
06-19-2025 22:00,3.0,3.0,3.0,3.0,3.0,3.0,,,,,,,0.0,0.0,0.0,0.0,0.0,0.0,0.0,0.0,,,1.0,1.0,0.0,0.0,0.0,0.0,,,,,,
06-19-2025 23:00,3.0,3.0,,,3.0,4.0,,,,,,,0.0,0.0,0.0,1.0,0.0,0.0,0.0,0.0,,,1.0,1.0,4.0,7.0,0.0,1.0,,,,,0.0,0.0
06-20-2025 00:00,3.0,3.0,4.5,5.0,3.0,3.0,,,,,,,0.0,0.0,0.0,1.0,0.0,0.0,4.0,6.0,,,1.0,1.0,0.0,1.0,0.0,0.0,0.277778,2.333333,,,0.0,1.0
06-20-2025 01:00,3.0,3.0,,,3.0,3.0,,,,,2.444444,8.777778,0.0,0.0,0.0,1.0,0.0,1.0,0.0,1.0,,,2.0,3.0,34.0,36.0,0.0,0.0,0.0,0.0,0.0,0.833333,0.0,0.0
06-20-2025 02:00,3.0,3.0,12.0,15.0,3.0,3.0,,,,,0.0,1.0,0.0,1.0,0.0,1.0,0.0,1.0,0.0,0.0,,,3.0,7.0,0.0,0.0,0.0,1.0,0.0,3.0,0.0,1.0,0.0,1.0
06-20-2025 03:00,3.0,3.0,3.0,3.0,3.0,3.0,,,,,0.0,1.0,0.0,0.0,0.0,0.0,0.0,1.0,0.0,1.0,,,,,0.0,0.0,0.0,1.0,0.0,1.0,0.0,1.0,0.0,1.0
06-20-2025 04:00,5.0,6.0,10.0,13.0,3.0,3.0,,,,,0.0,1.0,0.0,1.0,0.0,1.0,0.0,1.0,0.0,0.0,,,4.0,6.0,0.0,0.0,0.0,0.0,0.0,1.0,0.0,1.0,0.0,1.0
06-20-2025 05:00,3.0,3.0,3.0,3.0,4.0,5.0,,,0.227273,1.909091,0.0,1.0,0.0,0.0,0.0,0.0,0.0,0.0,0.0,0.0,,,1.0,3.0,0.0,0.0,0.0,0.0,,,0.0,0.0,0.0,1.0
06-20-2025 06:00,3.0,3.0,12.0,15.0,3.0,3.0,,,0.0,0.0,0.0,1.0,0.0,1.0,0.0,0.0,0.0,0.0,0.0,0.0,,,1.0,1.0,0.0,1.0,0.0,0.0,0.0,1.0,0.0,1.0,0.0,1.0
06-20-2025 07:00,3.0,3.0,3.0,3.0,4.0,5.0,,,,,,,0.0,1.0,1.0,1.0,0.0,1.0,0.0,0.0,,,1.0,1.0,,,0.0,1.0,,,0.0,0.0,0.0,0.0
06-20-2025 08:00,3.0,3.0,11.0,14.0,3.0,3.0,,,,,,,0.0,0.0,0.0,1.0,1.0,2.0,0.0,1.0,,,1.0,1.0,10.0,18.0,1.0,2.0,,,0.0,1.0,0.0,1.0
06-20-2025 09:00,3.0,3.0,3.0,3.0,3.0,3.0,,,,,,,0.0,0.0,0.0,0.0,0.0,0.0,0.0,1.0,,,1.0,1.0,0.0,0.0,0.0,0.0,,,0.0,0.0,0.0,1.0
06-20-2025 10:00,4.0,5.0,4.0,5.0,4.0,5.0,,,,,,,0.0,0.0,0.0,0.0,0.0,0.0,0.0,0.0,,,0.0,4.0,0.0,4.0,0.0,0.0,,,0.0,0.0,0.0,0.0
06-20-2025 11:00,3.0,3.0,3.0,3.0,,,,,,,,,0.0,1.0,0.0,0.0,0.0,1.0,0.0,1.0,,,1.0,1.0,0.0,1.0,0.0,1.0,,,0.0,1.0,0.0,0.0
06-20-2025 12:00,3.0,3.0,19.0,25.0,3.0,4.0,,,,,,,0.0,0.0,0.0,0.0,0.0,1.0,,,,,3.0,5.0,0.0,1.0,0.0,1.0,,,0.0,0.0,0.0,0.0
06-20-2025 13:00,3.0,3.0,3.0,3.0,3.0,3.0,,,0.285714,3.0,,,0.0,0.0,0.0,1.0,6.0,6.0,6.5,18.5,,,1.0,1.0,1.0,6.0,0.0,0.0,,,2.0,4.0,0.0,1.0
06-20-2025 14:00,3.0,3.0,11.0,14.0,4.0,5.0,,,0.0,1.0,,,0.0,0.0,0.0,0.0,0.0,0.0,1.0,1.0,,,2.0,2.0,0.0,1.0,0.0,1.0,,,14.0,16.0,0.0,1.0
06-20-2025 15:00,3.0,3.0,3.0,3.0,3.0,3.0,,,,,,,6.0,13.0,0.0,1.0,1.0,2.0,34.0,69.0,,,1.0,1.0,0.0,2.0,0.0,1.0,,,0.0,1.0,0.0,0.0
06-20-2025 16:00,4.0,4.0,,,3.0,3.0,,,,,,,2.0,2.0,0.0,3.0,1.0,1.0,3.0,10.0,,,3.0,3.0,1.0,3.0,0.0,1.0,,,1.0,3.0,1.0,2.0
06-20-2025 17:00,3.0,3.0,,,3.0,3.0,,,0.0,0.333333,,,0.0,1.0,0.0,1.0,2.0,6.0,6.0,15.0,,,1.0,3.0,7.0,14.0,0.0,2.0,,,3.0,13.0,1.0,1.0
06-20-2025 18:00,3.0,3.0,3.5,4.0,4.0,5.0,,,,,,,0.0,2.0,0.0,1.0,0.0,1.0,1.0,4.0,,,3.0,3.0,5.0,13.0,0.0,1.0,,,,,0.0,1.0
06-20-2025 19:00,,,3.0,3.0,3.0,3.0,,,,,,,0.0,1.0,0.0,1.0,0.0,1.0,1.0,1.0,,,3.0,4.0,6.0,14.0,1.0,1.0,,,0.0,1.0,1.0,1.0
06-20-2025 20:00,3.0,3.0,3.0,3.0,3.0,3.0,,,,,,,0.0,1.0,0.0,1.0,0.0,0.0,0.0,1.0,,,0.0,3.0,1.0,1.0,2.0,3.0,,,1.0,1.0,0.0,0.0
06-20-2025 21:00,3.0,3.0,,,4.0,5.0,,,0.0,0.5,,,0.0,1.0,0.0,0.0,0.5,1.0,0.0,1.0,,,1.0,1.0,0.0,1.0,0.0,1.0,,,0.0,1.0,0.0,0.0
06-20-2025 22:00,4.0,5.0,,,4.0,5.0,,,,,,,0.0,1.0,0.0,1.0,0.0,1.0,0.0,1.0,,,0.0,1.0,0.0,0.0,1.0,1.0,,,,,0.0,1.0
06-20-2025 23:00,3.0,3.0,,,3.0,3.0,,,,,,,32.0,33.0,3.0,11.0,0.0,1.0,1.0,1.0,,,2.0,2.0,0.0,1.0,,,,,,,0.0,1.0
06-21-2025 00:00,3.0,3.0,4.25,4.5,3.5,4.0,,,,,,,0.0,0.0,0.0,0.0,0.0,1.0,1.0,1.0,,,1.0,1.0,0.0,0.0,2.0,4.0,,,,,4.0,6.0
06-21-2025 01:00,3.0,3.0,3.0,3.0,3.0,3.0,,,,,,,0.0,0.0,0.0,0.0,0.0,0.0,0.0,0.0,,,0.0,3.0,0.0,0.0,0.0,0.0,,,,,0.0,0.0
06-21-2025 02:00,3.0,3.0,,,3.0,3.0,,,,,,,0.0,0.0,0.0,0.0,0.0,0.0,0.0,0.0,,,0.0,1.0,0.0,0.0,0.0,0.0,,,,,0.0,0.0
06-21-2025 03:00,3.0,3.0,,,4.0,5.0,,,,,,,0.0,0.0,0.0,0.0,0.0,0.0,0.0,0.0,,,1.0,2.0,0.0,0.0,0.0,0.0,,,,,0.0,0.0
06-21-2025 04:00,,,,,3.0,3.0,,,,,,,0.0,0.0,0.0,0.0,0.0,0.0,0.0,0.0,,,1.0,1.0,0.0,0.0,0.0,0.0,,,,,0.0,0.0
06-21-2025 05:00,3.0,3.0,5.5,6.5,4.0,5.0,,,,,,,0.0,0.0,0.0,0.0,0.0,0.0,0.0,0.0,,,0.0,0.0,0.0,0.0,0.0,0.0,,,,,0.0,0.0
06-21-2025 06:00,3.0,3.0,3.0,3.0,3.0,3.0,,,0.0,0.0,0.291667,0.958333,0.0,0.0,0.0,0.0,0.0,0.0,0.0,0.0,,,0.0,0.0,0.0,0.0,0.0,0.0,0.208333,0.833333,7.5,9.6,0.0,0.0
06-21-2025 07:00,3.0,3.0,3.0,3.0,3.0,3.0,,,1.0,2.0,0.0,0.0,0.0,0.0,0.0,0.0,0.0,0.0,0.0,0.0,,,0.0,1.0,0.0,1.0,0.0,0.0,0.0,0.0,0.0,0.0,0.0,0.0
06-21-2025 08:00,3.0,3.0,20.0,26.0,3.0,3.0,,,0.0,0.0,0.0,0.0,0.0,0.0,0.0,0.0,0.0,0.0,0.0,0.0,,,0.0,0.0,0.0,0.0,0.0,0.0,0.0,0.0,0.0,0.0,0.0,0.0
06-21-2025 09:00,3.0,3.0,3.0,3.0,3.0,3.0,,,0.0,0.0,0.0,0.0,0.0,0.0,0.0,0.0,0.0,1.0,0.0,0.0,,,0.0,1.0,0.0,0.0,0.0,0.0,0.0,0.0,0.0,0.0,0.0,0.0
06-21-2025 10:00,3.0,3.0,6.0,7.0,3.0,3.0,,,0.0,0.0,0.0,1.0,0.0,0.0,0.0,0.0,0.0,0.0,0.0,0.0,,,0.0,0.0,0.0,0.0,0.0,0.0,0.0,0.0,0.0,0.0,0.0,0.0
06-21-2025 11:00,3.0,3.0,3.0,3.0,3.0,3.0,,,62.0,145.0,0.0,0.0,0.0,1.0,0.0,1.0,0.0,1.0,0.0,0.0,,,0.0,1.0,0.0,1.0,0.0,0.0,1.0,1.0,0.0,1.0,0.0,0.0
06-21-2025 12:00,3.0,3.0,,,3.0,4.0,,,0.0,0.0,,,1.0,1.0,1.0,1.0,1.0,1.0,0.0,1.0,,,1.0,5.0,1.0,1.0,0.0,1.0,,,3.0,3.0,0.0,0.0
06-21-2025 13:00,3.0,3.0,3.0,3.0,3.0,3.0,,,0.0,0.0,,,0.0,1.0,0.0,0.0,1.0,1.0,0.0,1.0,,,0.0,1.0,2.0,2.0,0.0,2.0,,,0.0,1.0,1.0,2.0
06-21-2025 14:00,3.0,3.0,,,3.0,3.0,,,0.0,0.0,,,0.0,0.0,0.0,0.0,0.0,0.0,7.0,16.0,,,0.0,0.0,0.0,0.0,0.0,1.0,,,0.0,1.0,0.0,1.0
06-21-2025 15:00,3.0,3.0,,,3.0,3.0,,,0.0,1.0,,,0.0,0.0,0.0,0.0,0.0,2.0,8.0,18.0,,,0.0,1.0,0.0,1.0,0.0,0.0,,,0.0,1.0,0.0,3.0
06-21-2025 16:00,3.0,3.0,3.0,3.0,3.0,4.0,,,0.0,0.0,,,0.0,0.0,0.0,0.0,0.0,1.0,4.0,5.0,,,0.0,0.0,1.0,1.0,0.0,0.0,,,0.0,0.0,0.0,0.0
06-21-2025 17:00,3.0,3.0,3.0,3.0,3.0,3.0,,,0.0,0.0,,,0.0,0.0,0.0,0.0,0.0,1.0,1.0,5.0,,,0.0,1.0,5.0,20.0,0.0,0.0,,,,,0.0,0.0
06-21-2025 18:00,3.0,3.0,,,3.0,4.0,,,0.0,0.0,,,0.0,0.0,0.0,0.0,11.0,37.0,0.0,0.0,,,0.0,1.0,5.0,15.0,0.0,1.0,,,,,0.0,0.0
06-21-2025 19:00,3.0,3.0,,,4.0,5.0,,,0.0,0.0,,,0.0,1.0,0.0,0.0,0.0,1.0,1.0,7.0,,,0.0,0.0,8.0,26.0,0.0,1.0,,,0.0,0.0,0.0,0.0
06-21-2025 20:00,3.0,3.0,,,3.0,3.0,,,0.0,0.0,,,0.0,0.0,0.0,0.0,0.0,1.0,0.0,0.0,,,1.0,3.0,25.0,38.0,0.0,0.0,,,,,0.0,0.0
06-21-2025 21:00,3.0,3.0,,,3.0,3.0,,,0.0,0.0,,,0.0,0.0,0.0,0.0,1.0,1.0,0.0,1.0,,,0.0,1.0,0.0,0.0,0.0,0.0,,,0.0,0.0,0.0,0.0
06-21-2025 22:00,3.0,3.0,,,3.0,3.0,,,0.0,0.0,,,0.0,0.0,0.0,0.0,0.0,0.0,0.0,0.0,,,0.0,1.0,25.0,55.0,0.0,0.0,,,0.0,0.0,0.0,0.0
06-21-2025 23:00,4.0,5.0,,,4.0,5.0,,,,,,,0.0,0.0,0.0,0.0,0.0,0.0,0.0,1.0,,,0.0,1.0,0.0,0.0,0.0,0.0,,,,,0.0,0.0
06-22-2025 00:00,3.0,3.0,3.0,3.0,3.0,3.0,,,0.0,0.0,,,0.0,0.0,0.0,0.0,0.0,0.0,0.0,1.0,,,1.0,1.0,0.0,0.0,0.0,1.0,,,0.0,0.0,0.0,0.0
06-22-2025 01:00,3.0,3.0,,,3.0,4.0,,,,,,,0.0,0.0,0.0,0.0,0.0,0.0,0.0,0.0,,,0.0,0.0,0.0,0.0,0.0,0.0,,,0.0,0.0,0.0,0.0
06-22-2025 02:00,3.0,3.0,,,3.0,3.0,,,,,,,0.0,0.0,0.0,0.0,0.0,0.0,0.0,0.0,,,0.0,1.0,0.0,0.0,0.0,0.0,,,,,0.0,0.0
06-22-2025 03:00,3.0,3.0,,,3.0,4.0,,,,,,,0.0,0.0,0.0,0.0,0.0,0.0,0.0,0.0,,,0.0,1.0,,,0.0,0.0,,,0.0,0.0,0.0,0.0
06-22-2025 04:00,3.0,3.0,6.75,8.0,4.0,5.0,,,,,,,0.0,0.0,0.0,0.0,0.0,0.0,0.0,0.0,,,1.0,1.0,0.0,0.0,0.0,0.0,,,0.0,0.0,0.0,0.0
06-22-2025 05:00,3.0,3.0,3.0,3.0,3.0,3.0,,,,,,,0.0,0.0,,,0.0,0.0,0.0,1.0,,,,,0.0,0.0,0.0,0.0,,,0.0,0.0,0.0,0.0
06-22-2025 06:00,3.0,3.0,,,3.0,3.0,,,,,,,0.0,0.0,0.0,0.0,0.0,0.0,0.0,1.0,,,0.0,0.0,0.0,0.0,0.0,0.0,,,0.0,0.0,0.0,0.0
06-22-2025 07:00,3.0,3.0,3.0,3.0,3.0,3.0,,,,,,,0.0,0.0,0.0,0.0,0.0,0.0,0.0,0.0,,,0.0,0.0,0.0,1.0,,,,,0.0,0.0,0.0,0.0
06-22-2025 08:00,3.0,3.0,11.0,13.0,3.0,3.0,,,0.0,0.0,,,0.0,0.0,0.0,0.0,0.0,1.0,0.0,0.0,,,0.0,0.0,0.0,0.0,0.0,0.0,,,0.0,0.0,0.0,0.0
06-22-2025 09:00,3.0,3.0,,,4.0,5.0,,,0.0,0.0,,,0.0,0.0,0.0,0.0,0.0,1.0,0.0,0.0,,,0.0,0.0,0.0,0.0,0.0,0.0,,,0.0,0.0,0.0,0.0
06-22-2025 10:00,3.0,3.0,,,3.0,3.0,,,3.0,12.0,,,0.0,0.0,0.0,0.0,0.0,0.0,1.0,7.0,,,0.0,1.0,0.0,0.0,0.0,0.0,,,0.0,0.0,0.0,0.0
06-22-2025 11:00,3.0,3.0,,,3.0,3.0,,,0.0,0.0,,,0.0,0.0,0.0,0.0,0.0,0.0,0.0,1.0,,,0.0,0.0,0.0,0.0,0.0,0.0,,,0.0,0.0,0.0,0.0
06-22-2025 12:00,3.0,3.0,3.75,4.0,3.0,3.0,,,0.0,0.0,,,0.0,0.0,0.0,0.0,0.0,1.0,0.0,8.0,,,0.0,2.0,0.0,0.0,0.0,0.0,,,0.0,0.0,0.0,1.0
06-22-2025 13:00,3.0,3.0,,,3.0,3.0,,,0.0,0.0,,,0.0,0.0,0.0,0.0,0.0,1.0,0.0,1.0,,,0.0,0.0,1.0,14.0,0.0,0.0,,,0.0,0.0,0.0,0.0
06-22-2025 14:00,3.0,3.0,,,3.0,3.0,,,0.0,0.0,,,0.0,0.0,0.0,0.0,0.0,1.0,0.0,1.0,,,0.0,1.0,0.0,0.0,0.0,0.0,,,0.0,0.0,0.0,0.0
06-22-2025 15:00,33.0,43.0,,,3.0,3.0,,,0.0,0.0,,,0.0,0.0,0.0,0.0,0.0,0.0,7.0,21.0,,,0.0,1.0,0.0,0.0,0.0,1.0,,,0.0,0.0,0.0,0.0
06-22-2025 16:00,3.0,3.0,8.0,10.0,3.0,3.0,,,0.0,1.0,,,0.0,0.0,0.0,0.0,0.0,0.0,1.0,1.0,,,0.0,1.0,0.0,0.0,1.0,5.0,,,0.0,1.0,0.0,1.0
06-22-2025 17:00,4.0,5.0,3.0,3.0,3.0,4.0,,,0.0,0.0,,,0.0,0.0,0.0,0.0,0.0,0.0,5.0,17.0,,,0.0,2.0,0.0,1.0,0.0,0.0,,,0.0,1.0,0.0,2.0
06-22-2025 18:00,3.0,3.0,11.0,13.0,4.0,5.0,,,0.0,0.0,,,0.0,0.0,0.0,1.0,0.0,0.0,0.0,1.0,,,0.0,1.0,0.0,1.0,0.0,0.0,,,0.0,0.0,0.0,1.0
06-22-2025 19:00,,,3.0,3.0,3.0,3.0,,,0.0,0.0,,,0.0,0.0,0.0,0.0,0.0,0.0,0.0,0.0,,,1.0,1.0,0.0,0.0,0.0,1.0,,,0.0,1.0,0.0,0.0
06-22-2025 20:00,4.0,5.0,,,14.0,18.0,,,,,,,0.0,2.0,0.0,0.0,0.0,1.0,0.0,1.0,,,1.0,5.0,0.0,1.0,1.0,1.0,,,1.0,2.0,0.0,1.0
06-22-2025 21:00,3.0,3.0,,,3.0,3.0,,,,,,,2.0,4.0,0.0,1.0,0.0,5.0,,,,,1.0,1.0,0.0,1.0,0.0,1.0,,,0.0,0.0,0.0,0.0
06-22-2025 22:00,3.0,3.0,5.5,6.5,3.5,4.0,,,0.0,1.0,,,0.0,0.0,1.0,14.0,0.0,1.0,0.0,0.5,,,1.0,1.0,3.0,3.0,4.0,5.0,,,1.0,1.0,0.0,0.0
06-22-2025 23:00,3.0,3.0,,,3.0,3.0,,,,,,,6.0,7.0,10.0,36.0,0.0,0.0,,,,,1.0,1.0,0.0,0.0,0.0,0.0,,,0.0,0.0,0.0,0.0
06-23-2025 00:00,3.0,3.0,3.0,3.0,3.0,3.0,,,,,,,0.0,0.0,0.0,0.0,0.0,1.0,0.0,0.0,,,0.0,1.0,0.0,1.0,0.0,0.0,,,0.0,0.0,0.0,1.0
06-23-2025 01:00,3.0,3.0,3.5,4.0,3.0,3.0,,,0.0,0.0,,,0.0,0.0,0.0,0.0,0.0,0.0,0.0,0.0,,,0.0,1.0,0.0,0.0,0.0,0.0,,,0.0,0.0,0.0,0.0
06-23-2025 02:00,4.0,5.0,5.0,6.0,3.0,3.0,,,0.0,0.0,,,0.0,0.0,0.0,0.0,0.0,0.0,0.0,0.0,,,0.0,1.0,0.0,0.0,0.0,0.0,,,0.0,0.0,0.0,0.0
06-23-2025 03:00,3.0,3.0,3.0,3.0,3.0,3.0,,,0.0,0.0,,,0.0,0.0,0.0,0.0,0.0,0.0,0.0,0.0,,,0.0,1.0,0.0,0.0,0.0,0.0,1.384615,1.794872,0.0,0.0,0.0,0.0
06-23-2025 04:00,3.0,3.0,3.0,3.0,3.0,4.0,,,0.0,0.0,,,0.0,0.0,0.0,0.0,0.0,0.0,0.0,0.0,,,0.0,1.0,0.0,0.0,0.0,0.0,0.0,0.0,0.0,0.0,0.0,0.0
06-23-2025 05:00,3.0,3.0,3.0,3.0,3.0,3.0,,,0.0,0.0,,,0.0,0.0,0.0,0.0,,,0.0,0.0,,,1.0,1.0,0.0,0.0,0.0,0.0,0.0,0.0,0.0,0.0,0.0,0.0
06-23-2025 06:00,3.0,3.0,12.0,15.0,3.0,4.0,,,0.0,0.0,,,0.0,0.0,0.0,0.0,0.0,0.0,0.0,0.0,2.368421,4.031579,0.0,0.0,0.0,0.0,0.0,0.0,0.0,0.0,0.0,0.0,0.0,0.0
06-23-2025 07:00,3.0,3.0,3.0,3.0,3.0,3.0,,,0.0,0.0,0.046512,1.302326,0.0,1.0,0.0,0.0,0.0,0.0,0.0,0.0,0.0,0.0,1.0,1.0,0.0,0.0,,,0.0,0.0,0.0,0.0,0.0,0.0
06-23-2025 08:00,3.0,3.0,14.0,18.0,3.0,3.0,,,0.0,1.0,0.0,0.0,,,0.0,0.0,0.0,4.0,0.0,1.0,0.0,0.0,2.0,2.0,0.0,0.0,0.0,0.0,0.0,1.0,0.0,0.0,0.0,0.0
06-23-2025 09:00,3.0,3.0,3.0,3.0,5.0,6.0,,,0.0,1.0,0.0,1.0,0.0,1.0,0.0,1.0,0.0,0.0,0.0,0.0,0.0,0.0,7.0,26.0,0.0,1.0,0.0,0.0,0.0,0.0,0.0,0.0,0.0,0.0
06-23-2025 10:00,10.0,13.0,,,7.0,9.0,,,,,2.0,9.0,0.0,0.0,0.0,1.0,0.0,1.0,1.0,2.0,0.0,1.0,3.0,6.0,,,1.0,1.0,0.0,1.0,0.0,1.0,0.0,4.0
06-23-2025 11:00,3.0,3.0,,,3.0,3.0,,,0.0,0.5,,,0.0,1.0,,,2.0,5.0,1.0,4.0,,,2.0,2.0,3.0,6.0,0.0,1.0,,,0.0,0.0,0.0,0.0
06-23-2025 12:00,8.0,10.0,,,3.0,3.0,,,4.0,5.0,,,0.0,1.0,0.5,1.5,0.0,2.0,1.0,1.0,,,2.0,2.0,0.0,0.0,0.0,1.0,,,0.0,0.0,0.0,0.0
06-23-2025 13:00,3.0,3.0,9.666667,12.0,3.0,4.0,,,0.0,0.0,,,0.0,0.0,0.0,5.0,0.0,1.0,0.0,1.0,,,1.0,1.0,0.0,1.0,0.0,1.0,,,0.0,1.0,0.0,0.0
06-23-2025 14:00,3.0,4.0,,,3.0,3.0,,,0.0,0.0,,,0.0,0.0,0.0,0.0,0.0,1.0,0.0,1.0,,,0.0,1.0,0.0,1.0,0.0,0.0,,,0.0,0.0,0.0,0.0
06-23-2025 15:00,3.0,3.0,3.0,3.0,3.0,3.0,,,0.0,1.0,,,0.0,1.0,0.0,0.0,0.0,0.0,1.0,5.0,,,0.0,0.0,0.0,0.0,0.0,0.0,,,0.0,0.0,0.0,0.0
06-23-2025 16:00,4.0,5.0,3.0,3.0,3.0,3.0,,,,,,,0.0,0.0,0.0,0.0,0.0,1.0,11.0,27.0,,,0.0,0.0,0.0,1.0,0.0,1.0,,,0.0,1.0,0.0,0.0
06-23-2025 17:00,3.0,3.0,,,3.0,4.0,,,35.0,81.0,,,0.0,0.0,0.0,0.0,0.0,0.0,1.0,10.0,,,0.0,0.0,0.0,1.0,0.0,1.0,,,0.0,0.0,0.0,0.0
06-23-2025 18:00,4.0,5.0,6.0,7.0,3.0,3.0,,,0.0,0.0,,,0.0,1.0,0.0,0.0,0.0,1.0,0.0,1.0,,,0.0,1.0,1.0,8.0,0.0,1.0,,,0.0,0.0,0.0,0.0
06-23-2025 19:00,3.0,3.0,,,3.0,3.0,,,0.0,0.0,,,0.0,3.0,0.0,0.0,0.0,1.0,0.0,0.0,,,0.0,1.0,,,0.0,1.0,,,,,0.0,0.0
06-23-2025 20:00,3.0,3.0,,,4.0,5.0,,,0.0,0.0,,,0.0,0.0,0.0,0.0,0.0,1.0,0.0,0.0,,,1.0,1.0,,,0.0,0.0,,,,,0.0,0.0
06-23-2025 21:00,3.0,3.0,8.0,9.666667,3.0,4.0,,,0.0,0.0,,,0.0,1.0,0.0,0.0,0.0,1.0,0.0,0.0,,,,,0.0,0.333333,0.0,1.0,,,0.0,0.0,0.0,0.0
06-23-2025 22:00,3.0,4.0,,,4.0,5.0,,,0.0,0.0,,,0.0,0.0,0.0,0.0,1.0,3.0,0.0,0.0,,,0.0,1.0,0.0,0.0,0.0,0.0,,,0.0,0.0,0.0,0.0
06-23-2025 23:00,3.0,3.0,9.0,11.0,4.0,5.0,,,0.0,0.0,,,0.0,0.0,0.0,0.0,0.0,0.0,0.0,1.0,,,0.0,1.0,0.0,1.0,0.0,1.0,,,0.0,0.0,0.0,0.0
06-24-2025 00:00,4.0,5.0,3.0,3.0,4.0,5.0,,,,,,,0.0,0.0,0.0,0.0,0.0,0.0,0.0,1.0,,,0.0,2.0,0.0,1.0,0.0,0.0,,,0.0,0.0,0.0,1.0
06-24-2025 01:00,3.0,3.0,,,3.0,3.0,,,0.0,0.0,,,0.0,0.0,0.0,0.0,0.0,1.0,0.0,0.0,,,1.0,1.0,0.0,0.0,0.0,0.0,,,0.0,1.0,0.0,0.0
06-24-2025 02:00,,,6.5,7.5,,,,,0.0,0.0,,,0.0,0.0,0.0,0.0,0.0,0.0,0.0,0.0,,,0.0,1.0,0.0,0.0,0.0,0.0,,,0.0,0.0,0.0,0.0
06-24-2025 03:00,3.0,4.0,12.0,16.0,3.0,3.0,,,0.0,0.0,,,0.0,0.0,0.0,0.0,0.0,0.0,0.0,0.0,,,0.0,1.0,0.0,0.0,0.0,0.0,,,0.0,0.0,0.0,0.0
06-24-2025 04:00,3.0,3.0,3.0,3.0,4.0,5.0,,,0.0,0.0,0.222222,1.0,0.0,0.0,0.0,0.0,0.0,0.0,0.0,0.0,0.0,0.055556,0.0,1.0,0.0,0.0,0.0,0.0,0.0,0.055556,0.0,0.0,0.0,0.0
06-24-2025 05:00,3.0,3.0,3.0,3.0,3.0,3.0,,,0.0,0.0,0.0,0.0,0.0,0.0,0.0,0.0,0.0,0.0,0.0,0.0,0.0,0.0,0.0,0.0,0.0,0.0,0.0,0.0,0.0,0.0,0.0,0.0,0.0,0.0
06-24-2025 06:00,3.0,3.0,3.0,3.0,4.0,5.0,,,0.0,0.0,0.0,1.0,0.0,0.0,0.0,0.0,0.0,0.0,0.0,0.0,0.0,0.0,0.0,2.0,0.0,0.0,,,0.0,0.0,0.0,0.0,0.0,0.0
06-24-2025 07:00,10.0,12.0,11.0,14.0,3.0,3.0,,,0.0,0.0,0.0,0.0,0.0,0.0,0.0,0.0,0.0,0.0,0.0,0.0,0.0,0.0,0.0,1.0,0.0,0.0,0.0,0.0,0.0,0.0,0.0,0.0,0.0,0.0
06-24-2025 08:00,3.0,3.0,3.0,3.0,3.0,3.0,8.148515,10.148515,0.0,1.0,1.0,1.0,0.0,1.0,0.0,0.0,0.0,0.0,4.0,9.0,0.0,0.0,1.0,1.0,9.0,25.0,0.0,0.0,0.0,0.0,0.0,0.0,0.0,0.0
06-24-2025 09:00,3.0,3.0,3.0,3.0,3.0,3.0,5.0,6.0,0.0,0.0,0.0,1.0,0.0,0.0,0.0,0.0,0.0,1.0,1.0,1.0,0.0,0.0,0.0,1.0,0.0,0.0,4.0,4.0,,,0.0,1.0,0.0,0.0
06-24-2025 10:00,3.0,3.0,3.0,3.0,4.0,5.0,7.0,8.0,0.0,1.0,0.0,1.0,0.0,0.0,0.0,0.0,0.0,0.0,0.0,0.0,0.0,0.0,1.0,2.0,0.0,0.0,0.0,0.0,,,,,0.0,0.0
06-24-2025 11:00,3.0,4.0,14.0,17.0,3.0,3.0,5.0,6.0,0.0,0.0,0.0,1.0,0.0,0.0,0.0,0.0,0.0,1.0,0.0,1.0,0.0,0.0,0.0,0.0,0.0,1.0,0.0,0.0,0.0,0.333333,0.0,0.5,0.0,0.0
06-24-2025 12:00,3.0,3.0,3.0,3.0,3.0,3.0,4.0,5.0,0.0,0.0,0.0,1.0,0.0,0.0,0.0,0.0,0.0,1.0,16.0,40.0,0.0,0.0,1.0,1.0,0.0,0.0,0.0,1.0,0.0,0.0,0.0,0.0,0.0,0.0
06-24-2025 13:00,3.0,4.0,8.0,10.0,3.0,3.0,4.0,4.0,0.0,0.0,0.0,1.0,1.0,9.0,0.0,0.0,0.0,1.0,0.0,4.0,0.0,0.0,0.0,2.0,0.0,0.0,0.0,0.0,0.0,0.0,,,0.0,0.0
06-24-2025 14:00,3.0,3.0,3.0,3.0,4.0,5.0,4.0,5.0,0.0,0.0,,,0.0,0.0,0.0,0.0,0.0,1.0,4.0,9.0,,,0.0,1.0,,,0.0,0.0,,,0.0,0.0,0.0,0.0
06-24-2025 15:00,3.0,3.0,,,3.0,3.0,,,3.0,7.0,,,0.0,0.0,,,7.0,24.0,1.0,10.0,,,2.0,3.0,0.0,0.0,0.0,0.0,,,0.0,0.0,,
06-24-2025 16:00,3.0,3.0,3.0,3.0,3.0,3.0,,,0.0,0.0,0.0,0.333333,0.0,0.0,0.0,0.0,0.0,3.0,0.0,0.0,0.0,0.0,0.0,1.0,0.0,1.0,0.0,0.0,0.0,0.0,0.0,0.0,0.0,0.0
06-24-2025 17:00,3.0,4.0,3.0,3.0,3.0,3.0,,,0.0,1.0,4.0,13.0,0.0,1.0,,,0.0,0.0,0.0,1.0,0.0,0.0,0.0,1.0,,,0.0,0.0,0.0,0.0,0.0,0.0,0.0,0.0
06-24-2025 18:00,3.0,3.0,3.0,3.0,3.0,3.0,,,0.0,0.0,0.0,1.0,0.0,1.0,0.0,0.0,0.0,1.0,0.0,1.0,0.0,0.0,0.0,4.0,0.0,0.0,0.0,0.0,0.0,0.0,0.0,0.0,0.0,0.0
06-24-2025 19:00,3.0,3.0,8.0,10.0,3.0,3.0,,,0.0,0.0,0.0,3.0,0.0,0.0,0.0,0.0,0.0,0.0,0.0,0.0,0.0,0.0,0.0,0.0,0.0,1.0,0.0,0.0,,,0.0,1.0,0.0,0.0
06-24-2025 20:00,3.0,3.0,3.0,3.0,4.0,5.0,,,0.0,0.0,,,0.0,0.0,0.0,0.0,0.0,0.0,0.0,0.0,,,0.0,0.0,0.0,0.0,0.0,0.0,0.0,0.0,0.0,0.0,0.0,0.0
06-24-2025 21:00,3.0,3.0,3.0,3.0,3.0,3.0,,,0.0,0.0,,,0.0,0.0,0.0,0.0,0.0,0.0,0.0,0.0,,,0.0,0.0,0.0,0.0,0.0,0.0,,,0.0,0.0,0.0,0.0
06-24-2025 22:00,3.0,3.0,,,4.0,5.0,,,0.0,0.0,,,0.0,0.0,0.0,0.0,0.0,0.0,0.0,0.0,,,0.0,0.0,0.0,0.0,0.0,0.0,,,,,0.0,0.0
06-24-2025 23:00,3.0,3.0,7.0,8.5,3.0,3.0,,,0.0,1.0,,,0.0,0.0,0.0,0.0,0.0,0.0,0.0,0.0,,,0.0,0.0,0.0,0.0,0.0,0.0,,,0.0,0.0,0.0,0.0
06-25-2025 00:00,3.0,3.0,,,3.0,3.0,,,,,,,0.0,0.0,0.0,0.0,0.0,0.0,0.0,0.0,,,1.0,1.0,0.0,0.0,0.0,0.0,,,0.0,0.0,0.0,0.0
06-25-2025 01:00,3.0,3.0,3.0,3.0,3.0,3.0,,,0.0,0.0,,,0.0,0.0,0.0,0.0,0.0,0.0,0.0,0.0,,,3.0,6.0,0.0,0.0,0.0,0.0,,,0.0,0.0,0.0,0.0
06-25-2025 02:00,3.0,3.0,3.0,3.0,4.0,5.0,,,0.0,0.0,,,0.0,0.0,0.0,0.0,0.0,0.0,0.0,0.0,,,0.0,1.0,0.0,0.0,0.0,0.0,,,0.0,0.0,0.0,0.0
06-25-2025 03:00,3.0,3.0,15.0,19.0,4.0,4.0,,,,,,,0.0,1.0,0.0,0.0,0.0,0.0,0.0,0.0,,,0.0,1.0,0.0,0.0,,,,,0.0,0.0,0.0,1.0
06-25-2025 04:00,3.0,3.0,3.0,3.0,3.0,3.0,,,,,,,0.0,0.0,0.0,0.0,0.0,0.0,0.0,0.0,,,0.0,0.0,0.0,0.0,0.0,0.0,,,0.0,0.0,0.0,0.0
06-25-2025 05:00,3.0,3.0,4.0,5.0,3.0,3.0,,,,,,,0.0,0.0,0.0,0.0,0.0,0.0,0.0,0.0,,,0.0,0.0,0.0,0.0,0.0,0.0,,,0.0,0.0,0.0,0.0
06-25-2025 06:00,,,3.0,3.0,3.0,4.0,,,0.0,0.5,,,0.0,0.0,0.0,0.0,0.0,0.0,,,,,0.0,0.0,0.0,0.0,0.0,0.0,,,0.0,0.0,0.0,0.0
06-25-2025 07:00,3.0,3.0,8.0,10.0,3.0,3.0,,,,,,,0.0,1.0,0.0,0.0,0.0,0.0,0.0,0.0,,,0.0,1.0,0.0,0.0,0.0,0.0,,,0.0,0.0,0.0,1.0
06-25-2025 08:00,3.0,3.0,3.0,3.0,3.0,3.0,,,0.0,1.5,,,0.0,0.0,0.0,0.0,0.0,0.0,0.0,0.0,,,,,0.0,0.0,0.0,0.0,,,0.0,0.0,0.0,1.0
06-25-2025 09:00,3.0,3.0,9.0,11.0,4.0,4.0,,,0.0,0.0,,,0.0,0.0,0.0,0.0,0.0,0.0,0.0,0.0,,,0.0,1.0,0.0,0.0,0.0,1.0,,,0.0,0.0,0.0,0.0
06-25-2025 10:00,4.0,5.0,3.0,3.0,3.0,3.0,,,0.0,0.0,,,0.0,0.0,0.0,0.0,0.0,0.0,0.0,0.0,,,0.0,0.0,0.0,0.0,0.0,0.0,,,0.0,1.0,0.0,0.0
06-25-2025 11:00,3.0,3.0,5.0,6.0,3.0,3.0,,,0.0,0.0,,,0.0,0.0,0.0,0.0,0.0,0.0,0.0,0.0,,,0.0,1.0,0.0,0.0,0.0,0.0,,,0.0,0.0,0.0,0.0
06-25-2025 12:00,3.0,3.0,,,3.0,3.0,,,0.0,1.0,,,0.0,0.0,0.0,0.0,0.0,0.0,0.0,0.0,,,0.0,0.0,0.0,0.0,0.0,0.0,,,0.0,0.0,0.0,0.0
06-25-2025 13:00,3.0,3.0,7.0,8.0,4.0,5.0,,,0.0,0.0,,,0.0,0.0,0.0,0.0,0.0,1.0,0.0,0.0,,,0.0,1.0,0.0,0.0,0.0,0.0,,,0.0,0.0,0.0,0.0
06-25-2025 14:00,3.0,3.0,3.0,3.0,3.0,3.0,4.814815,5.814815,0.0,0.0,,,0.0,0.0,0.0,0.0,0.0,0.0,0.0,0.0,,,0.0,1.0,,,0.0,0.0,,,0.0,0.0,0.0,0.0
06-25-2025 15:00,3.0,3.0,8.0,10.0,3.0,3.0,4.0,5.0,0.0,0.0,,,1.0,7.0,0.0,0.0,0.0,0.0,0.0,0.0,,,0.0,1.0,,,0.0,0.0,,,0.0,0.0,0.0,0.0
06-25-2025 16:00,3.0,3.0,,,3.0,3.0,6.0,7.0,0.0,0.0,,,0.0,0.0,0.0,0.0,0.0,0.0,0.0,1.0,,,0.0,1.0,0.0,0.0,0.0,0.0,,,0.0,0.0,0.0,0.0
06-25-2025 17:00,3.0,3.0,3.5,4.0,4.0,5.0,,,0.0,0.0,,,0.0,1.0,0.0,0.0,0.0,1.0,,,,,1.0,1.0,0.0,0.0,0.0,0.0,,,0.0,0.0,0.0,0.0
06-25-2025 18:00,3.0,3.0,3.0,3.0,3.0,3.0,,,0.0,0.0,,,0.0,1.0,0.0,0.0,0.0,1.0,,,,,0.0,1.0,,,0.0,0.0,,,0.0,0.0,0.0,0.0
06-25-2025 19:00,3.0,3.0,,,3.0,3.0,,,0.0,0.0,,,0.0,0.0,0.0,1.0,0.0,0.0,0.0,0.666667,,,0.0,2.0,0.0,1.0,0.0,0.0,,,0.0,0.0,0.0,0.0
06-25-2025 20:00,3.0,3.0,,,3.0,3.0,,,0.0,0.0,,,0.0,0.0,0.0,0.0,0.0,0.0,0.0,1.0,,,0.0,0.0,0.0,0.0,0.0,0.0,,,0.0,0.0,0.0,0.0
06-25-2025 21:00,3.0,3.0,5.5,6.5,,,,,0.0,0.0,,,0.0,0.0,0.0,0.0,0.0,0.0,0.0,0.0,,,0.0,0.0,,,0.0,0.0,,,0.0,0.0,0.0,0.0
06-25-2025 22:00,3.0,4.0,7.0,8.5,3.0,3.0,,,,,,,0.0,0.0,0.0,0.0,0.0,0.0,0.0,0.0,,,0.0,1.0,,,0.0,0.0,,,0.0,0.0,0.0,0.0
06-25-2025 23:00,3.0,3.0,8.0,10.0,3.0,3.0,,,,,,,0.0,0.0,0.0,0.0,0.0,0.0,0.0,0.0,,,0.0,1.0,0.0,0.0,,,,,0.0,0.0,0.0,0.0
06-26-2025 00:00,3.0,3.0,3.0,3.0,4.0,5.0,,,,,,,0.0,0.0,0.0,0.0,0.0,0.0,0.0,0.0,,,0.0,1.0,0.0,0.0,0.0,0.0,,,0.0,0.0,0.0,0.0
06-26-2025 01:00,3.0,3.0,,,3.0,3.0,,,,,,,0.0,0.0,0.0,0.0,0.0,0.0,0.0,0.0,,,0.0,0.0,0.0,0.0,0.0,0.0,,,0.0,0.0,0.0,0.0
06-26-2025 02:00,3.0,3.0,8.0,10.0,3.0,4.0,,,0.0,0.0,,,0.0,0.0,0.0,0.0,0.0,0.0,0.0,0.0,,,0.0,0.0,0.0,0.0,0.0,0.0,,,0.0,0.0,0.0,0.0
06-26-2025 03:00,3.0,3.0,3.0,3.0,3.0,3.0,,,0.0,0.0,,,0.0,0.0,0.0,0.0,0.0,0.0,0.0,0.0,,,0.0,0.0,0.0,0.0,0.0,0.0,,,0.0,0.0,0.0,0.0
06-26-2025 04:00,3.0,3.0,15.0,18.0,3.0,3.0,,,0.0,0.0,,,0.0,0.0,0.0,0.0,0.0,0.0,0.0,0.0,,,0.0,1.0,0.0,0.0,0.0,0.0,,,0.0,0.0,0.0,0.0
06-26-2025 05:00,3.0,3.0,3.0,3.0,3.0,3.0,,,0.0,1.0,,,0.0,1.0,0.0,0.0,0.0,0.0,0.0,0.0,,,0.0,2.0,0.0,0.0,0.0,0.0,,,0.0,0.0,0.0,0.0
06-26-2025 06:00,3.0,3.0,13.0,16.0,3.0,4.0,,,,,,,0.0,0.0,0.0,0.0,0.0,0.0,0.0,0.0,,,0.0,1.0,0.0,0.0,0.0,0.0,,,0.0,0.0,0.0,0.0
06-26-2025 07:00,3.0,3.0,3.0,3.0,3.0,3.0,,,,,,,0.0,0.0,0.0,0.0,0.0,0.0,0.0,0.0,,,1.0,2.0,0.0,0.0,0.0,0.0,,,0.0,0.0,0.0,0.0
06-26-2025 08:00,7.0,9.0,5.0,6.0,3.0,3.0,,,,,,,0.0,0.0,0.0,0.0,0.0,0.0,0.0,1.0,,,0.0,1.0,0.0,1.0,0.0,1.0,,,,,0.0,1.0
06-26-2025 09:00,3.0,3.0,3.0,3.0,3.0,3.0,,,,,,,0.0,0.0,,,0.0,0.0,0.0,0.0,,,1.0,1.0,0.0,0.0,0.0,1.0,,,0.0,0.0,0.0,0.0
06-26-2025 10:00,,,15.0,19.0,3.0,4.0,,,0.0,0.2,,,0.0,0.0,0.0,0.0,0.0,0.0,0.0,0.0,,,1.0,1.0,0.0,0.0,0.0,0.0,,,0.0,0.0,3.0,7.0
06-26-2025 11:00,3.0,3.0,3.0,3.0,4.0,5.0,,,0.0,0.0,,,0.0,1.0,0.0,0.0,0.0,0.0,0.0,0.0,,,0.0,2.0,0.0,0.0,0.0,0.0,,,0.0,1.0,0.0,0.0
06-26-2025 12:00,3.0,3.0,20.0,25.0,4.0,5.0,,,0.0,0.0,,,0.0,9.0,0.0,0.0,0.0,0.0,0.0,0.0,,,18.0,29.0,0.0,0.0,0.0,1.0,,,0.0,0.0,0.0,0.0
06-26-2025 13:00,4.0,5.0,3.0,3.0,3.0,3.0,,,0.0,1.0,,,4.0,16.0,0.0,0.0,0.0,1.0,0.0,0.0,,,0.0,2.0,0.0,0.0,0.0,0.0,,,0.0,1.0,0.0,0.0
06-26-2025 14:00,3.0,3.0,,,4.0,5.0,,,0.0,0.0,,,0.0,1.0,0.0,0.0,0.0,1.0,0.0,0.0,,,1.0,1.0,0.0,0.0,0.0,1.0,,,0.0,0.0,0.0,1.0
06-26-2025 15:00,,,8.0,10.0,3.0,3.0,,,0.0,0.0,,,0.0,1.0,0.0,0.0,0.0,0.0,0.0,0.0,,,2.0,2.0,0.0,1.0,0.0,1.0,,,0.0,1.0,0.0,0.0
06-26-2025 16:00,3.5,4.0,5.0,6.0,3.0,3.0,,,0.0,1.0,,,3.0,18.0,0.0,0.0,0.0,0.0,0.0,0.0,,,0.0,1.0,0.0,0.0,0.0,0.0,,,0.0,1.0,0.0,0.0
06-26-2025 17:00,4.0,5.0,3.0,3.0,3.0,3.0,,,0.0,1.0,,,1.0,2.0,0.0,1.0,0.0,0.0,0.0,0.0,,,1.0,3.0,0.0,0.0,0.0,0.0,,,0.0,0.0,0.0,0.0
06-26-2025 18:00,3.0,3.0,3.0,3.0,4.0,5.0,,,0.0,0.0,,,,,0.0,1.0,0.0,0.0,0.0,1.0,,,,,0.0,0.0,,,,,0.0,1.0,0.0,1.0
06-26-2025 19:00,5.0,6.0,3.0,3.0,3.0,3.0,,,0.0,1.0,,,0.0,0.0,0.0,1.0,0.0,1.0,0.0,0.0,,,0.0,1.0,0.0,0.0,0.0,0.0,0.0,0.043478,1.0,1.0,0.0,0.0
06-26-2025 20:00,3.0,3.0,3.0,3.0,3.0,3.0,,,0.0,0.0,,,0.0,0.0,0.0,0.0,0.0,0.0,0.0,0.0,,,5.0,9.0,,,0.0,0.0,0.0,0.0,0.0,0.0,0.0,0.0
06-26-2025 21:00,3.0,3.0,3.0,3.0,3.0,3.0,,,0.0,0.0,,,0.0,0.0,0.0,0.0,0.0,0.0,0.0,1.0,,,5.0,5.0,0.0,0.0,0.0,0.0,,,0.0,0.0,0.0,0.0
06-26-2025 22:00,3.0,3.0,11.0,14.0,3.0,3.0,,,0.0,1.0,,,0.0,0.0,0.0,0.0,0.0,0.0,0.0,0.0,,,2.0,2.0,0.0,0.0,1.0,1.0,,,0.0,1.0,0.0,0.0
06-26-2025 23:00,4.0,5.0,3.0,3.0,3.0,3.0,,,0.0,1.0,,,0.0,0.0,0.0,0.0,0.0,0.0,0.0,1.0,,,1.0,1.0,0.0,0.0,1.0,1.0,,,0.0,0.0,0.0,0.0
06-27-2025 00:00,3.0,3.0,,,4.0,5.0,,,0.0,0.0,,,0.0,1.0,0.0,1.0,0.0,0.0,0.0,0.0,,,0.0,0.0,0.0,0.0,0.0,0.0,,,0.0,0.0,0.0,0.0
06-27-2025 01:00,5.0,6.0,4.5,5.0,3.0,3.0,,,0.0,0.0,,,1.0,1.0,0.0,0.0,0.0,0.0,0.0,0.0,,,0.0,1.0,0.0,0.0,0.0,1.0,,,0.0,0.0,0.0,0.0
06-27-2025 02:00,3.0,3.0,8.0,10.0,3.0,3.0,,,0.0,0.0,,,0.0,0.0,0.0,0.0,0.0,0.0,0.0,0.0,,,0.0,2.0,0.0,0.0,0.0,0.0,,,0.0,0.0,0.0,0.0
06-27-2025 03:00,3.0,3.0,3.0,3.0,3.0,3.0,,,0.0,0.0,,,0.0,0.0,0.0,0.0,0.0,0.0,0.0,0.0,,,0.0,0.0,0.0,0.0,0.0,0.0,,,0.0,0.0,,
06-27-2025 04:00,3.0,3.0,15.0,19.0,3.0,3.0,,,0.0,0.0,,,0.0,0.0,0.0,0.0,0.0,0.0,0.0,0.0,,,0.0,0.0,0.0,0.0,0.0,0.0,,,0.0,0.0,0.0,0.0
06-27-2025 05:00,3.0,3.0,3.0,3.0,3.0,4.0,,,0.0,0.0,,,0.0,0.0,0.0,0.0,0.0,0.0,0.0,0.0,,,1.0,1.0,0.0,0.0,0.0,0.0,,,0.0,0.0,0.0,0.0
06-27-2025 06:00,3.0,3.0,4.0,5.0,3.5,4.0,,,,,,,0.0,0.0,0.0,0.0,0.0,0.0,0.0,0.0,,,0.0,1.0,0.0,0.0,0.0,0.0,,,0.0,0.0,0.0,0.0
06-27-2025 07:00,3.0,3.0,,,3.0,3.0,,,0.0,0.0,,,0.0,0.0,0.0,0.0,0.0,0.0,0.0,0.0,,,0.0,1.0,0.0,0.0,0.0,0.0,,,0.0,0.0,0.0,0.0
06-27-2025 08:00,3.0,3.0,5.0,6.0,3.0,3.0,,,0.0,0.0,,,0.0,0.0,0.0,0.0,0.0,0.0,,,,,0.0,0.0,0.0,0.0,0.0,0.0,,,0.0,0.0,0.0,0.0
06-27-2025 09:00,3.0,3.0,3.0,3.0,3.0,3.0,,,0.0,0.0,,,0.0,0.0,0.0,0.0,,,0.0,1.0,,,0.0,1.0,0.0,0.0,0.0,0.0,,,0.0,0.0,0.0,0.0
06-27-2025 10:00,3.0,3.0,10.0,12.0,3.0,3.0,,,0.0,0.0,,,,,0.0,0.0,0.0,0.0,0.0,1.0,,,0.0,0.0,0.0,0.0,0.0,0.0,,,0.0,0.0,0.0,0.0
06-27-2025 11:00,3.0,3.0,3.0,3.0,,,,,0.0,0.0,,,0.0,0.5,0.0,0.0,0.0,0.0,0.0,0.0,,,0.0,1.0,0.0,1.0,0.0,0.0,,,0.0,0.0,0.0,0.0
06-27-2025 12:00,,,14.0,17.0,4.0,5.0,,,,,,,0.0,0.0,0.0,0.0,0.0,0.0,0.0,0.0,,,0.0,0.0,0.0,0.0,,,,,0.0,0.0,0.0,0.0
06-27-2025 13:00,,,,,,,,,0.0,0.0,,,0.0,0.0,0.0,0.0,0.0,0.0,0.0,0.0,,,0.0,0.0,0.0,0.0,0.0,0.0,,,0.0,0.0,0.0,0.0
06-27-2025 14:00,3.0,3.0,,,3.0,3.0,,,0.0,0.0,,,0.0,9.0,0.0,0.0,0.0,0.0,0.0,0.0,,,0.0,1.0,0.0,0.0,0.0,0.0,,,0.0,0.0,0.0,0.0
06-27-2025 15:00,3.0,3.0,,,4.0,5.0,,,0.0,0.0,,,0.0,0.0,0.0,0.0,0.0,0.0,0.0,0.0,,,0.0,0.0,0.0,0.0,0.0,0.0,,,0.0,0.0,0.0,0.0
06-27-2025 16:00,3.0,4.0,5.25,6.0,3.0,3.0,,,0.0,1.0,,,0.0,0.0,0.0,0.0,0.0,1.0,0.0,0.0,,,0.0,1.0,0.0,0.0,0.0,0.0,,,0.0,0.0,0.0,0.0
06-27-2025 17:00,3.0,3.0,,,3.0,3.0,,,0.0,0.0,,,0.0,0.0,0.0,0.0,0.0,1.0,0.0,4.0,,,0.0,1.0,0.0,0.0,0.0,1.0,,,,,0.0,0.0
06-27-2025 18:00,3.0,3.0,,,3.0,3.0,,,0.0,0.0,,,0.0,0.0,0.0,0.0,0.0,1.0,0.0,1.0,,,0.0,0.0,0.0,0.0,0.0,0.0,,,,,0.0,0.0
06-27-2025 19:00,3.0,3.0,,,3.0,3.0,,,0.0,0.0,,,0.0,0.0,0.0,0.0,0.0,0.0,2.0,8.0,,,0.0,0.0,0.0,0.0,0.0,1.0,,,,,0.0,0.0
06-27-2025 20:00,3.0,3.0,,,3.0,4.0,,,0.0,0.0,,,0.0,0.0,0.0,0.0,0.0,0.0,0.0,0.0,,,0.0,1.0,0.0,0.0,0.0,0.0,,,,,0.0,0.0
06-27-2025 21:00,3.0,3.0,,,4.0,5.0,,,0.0,0.0,,,0.0,0.0,,,0.0,0.0,0.0,0.0,,,0.0,1.0,,,0.0,0.0,,,0.0,0.25,0.0,0.0
06-27-2025 22:00,3.0,3.0,,,3.0,3.0,,,0.0,0.0,,,0.0,0.0,0.0,0.0,0.0,0.0,0.0,0.0,,,0.0,1.0,0.0,0.0,0.0,0.0,,,0.0,0.0,0.0,0.0
06-27-2025 23:00,3.0,3.0,,,3.0,3.0,,,0.0,0.0,,,0.0,0.0,0.0,0.0,0.0,0.0,0.0,0.0,,,0.0,0.0,0.0,0.0,0.0,0.0,,,0.0,0.0,0.0,0.0
06-28-2025 00:00,3.0,3.0,,,3.0,3.0,,,0.0,0.0,,,0.0,0.0,0.0,0.0,0.0,0.0,0.0,0.0,,,0.0,0.0,0.0,0.0,0.0,0.0,,,,,0.0,0.0
06-28-2025 01:00,3.0,3.0,,,3.0,3.0,,,0.0,0.0,,,0.0,0.0,0.0,0.0,0.0,0.0,0.0,0.0,,,0.0,1.0,0.0,0.0,0.0,0.0,,,0.0,0.0,0.0,0.0
06-28-2025 02:00,3.0,3.0,5.8,6.9,3.0,3.0,17.469388,21.653061,0.0,0.0,,,0.0,0.0,0.0,0.0,0.0,0.0,0.0,0.0,,,,,0.0,0.0,0.0,0.0,,,0.0,0.0,0.0,0.0
06-28-2025 03:00,3.0,3.0,3.0,3.0,3.0,3.0,,,0.0,0.0,,,0.0,0.0,,,0.0,0.0,0.0,0.0,,,0.0,0.0,0.0,0.0,0.0,0.0,,,,,0.0,0.0
06-28-2025 04:00,3.0,3.0,,,3.0,3.0,,,0.0,0.0,,,0.0,0.0,0.0,0.0,0.0,0.0,0.0,0.0,,,0.0,0.0,0.0,0.0,0.0,0.0,,,0.0,0.0,0.0,0.0
06-28-2025 05:00,3.0,3.0,10.0,12.0,3.0,3.0,,,0.0,0.0,,,0.0,0.0,0.0,0.0,0.0,0.0,0.0,0.0,,,0.0,1.0,0.0,0.0,0.0,0.0,,,0.0,0.0,0.0,0.0
06-28-2025 06:00,3.0,3.0,3.0,3.0,4.0,5.0,,,0.0,0.0,,,0.0,0.0,0.0,0.0,0.0,0.0,0.0,0.0,,,0.0,0.0,0.0,0.0,0.0,0.0,,,0.0,0.0,0.0,0.0
06-28-2025 07:00,3.0,3.0,8.0,10.0,3.0,4.0,,,0.0,0.0,,,0.0,0.0,0.0,0.0,0.0,0.0,0.0,0.0,,,0.0,0.0,0.0,0.0,0.0,0.0,,,0.0,0.0,0.0,0.0
06-28-2025 08:00,3.0,3.0,3.0,3.0,3.0,4.0,,,0.0,0.0,,,0.0,0.0,0.0,0.0,0.0,0.0,0.0,0.0,,,0.0,0.0,0.0,0.0,,,0.0,0.028571,0.0,0.0,0.0,0.0
06-28-2025 09:00,3.0,3.0,3.0,3.0,4.0,5.0,,,0.0,0.0,,,0.0,0.0,0.0,0.0,0.0,0.0,0.0,0.0,,,0.0,0.0,0.0,0.0,0.0,0.0,0.0,0.0,0.0,0.0,0.0,0.0
06-28-2025 10:00,3.0,3.0,3.0,3.0,4.0,5.0,,,,,,,0.0,0.0,0.0,0.0,0.0,0.0,0.0,0.0,,,0.0,0.0,0.0,0.0,0.0,0.0,0.0,0.0,0.0,0.0,0.0,0.0
06-28-2025 11:00,3.0,3.0,9.0,11.0,3.0,3.0,,,0.0,0.0,,,0.0,0.0,0.0,0.0,0.0,0.0,0.0,0.0,,,0.0,0.0,0.0,0.0,0.0,0.0,0.0,0.0,0.0,0.0,0.0,0.0
06-28-2025 12:00,3.0,3.0,3.0,3.0,3.0,3.0,,,0.0,0.0,,,0.0,0.0,0.0,0.0,0.0,0.0,0.0,0.0,,,0.0,0.0,0.0,1.0,0.0,0.0,,,1.0,2.0,0.0,0.0
06-28-2025 13:00,3.0,3.0,,,4.0,5.0,,,0.0,0.0,,,0.0,0.0,0.0,0.0,0.0,0.0,0.0,0.0,,,0.0,0.0,0.0,0.0,0.0,0.0,,,1.0,3.0,0.0,0.0
06-28-2025 14:00,3.0,3.0,,,3.0,3.0,,,0.0,1.0,,,0.0,0.0,0.0,0.0,0.0,1.0,0.0,0.0,,,0.0,1.0,0.0,1.0,0.0,0.0,,,0.0,0.0,0.0,0.0
06-28-2025 15:00,3.0,3.0,,,4.0,5.0,,,0.0,0.0,,,0.0,0.0,0.0,0.0,0.0,0.0,0.0,0.0,,,0.0,0.0,0.0,0.0,0.0,0.0,,,0.0,2.0,0.0,0.0
06-28-2025 16:00,3.0,3.0,,,3.0,3.0,,,0.0,0.0,,,0.0,0.0,0.0,0.0,0.0,0.0,0.0,1.0,,,0.0,1.0,0.0,0.0,0.0,0.0,,,0.0,0.0,0.0,0.0
06-28-2025 17:00,3.0,3.0,,,3.0,3.0,,,0.0,0.0,,,0.0,0.0,0.0,0.0,0.0,0.0,10.0,18.0,,,0.0,1.0,0.0,7.0,0.0,1.0,,,0.0,1.0,0.0,0.0
06-28-2025 18:00,,,,,3.0,4.0,,,1.0,1.0,,,0.0,0.0,0.0,0.0,0.0,0.0,0.0,0.0,,,0.0,1.0,0.0,0.0,1.0,2.0,,,0.0,0.0,0.0,0.0
06-28-2025 19:00,,,,,3.0,3.0,,,0.0,1.0,,,0.0,0.0,0.0,0.0,0.0,1.0,0.0,1.0,,,1.0,1.0,0.0,2.0,0.0,0.0,,,,,0.0,0.0
06-28-2025 20:00,3.0,3.0,,,3.0,3.0,,,0.0,0.0,,,0.0,1.0,0.0,0.0,0.0,0.0,0.0,1.0,,,0.0,1.0,0.0,0.0,0.0,0.0,,,,,0.0,0.0
06-28-2025 21:00,4.0,5.0,,,3.0,3.0,,,0.0,0.0,,,,,0.0,0.0,6.0,6.0,0.0,0.0,,,0.0,0.0,,,,,,,,,0.0,0.0
06-28-2025 22:00,3.0,3.0,,,34.0,44.0,,,0.0,0.0,,,4.5,6.0,0.0,1.0,0.0,1.0,0.0,1.0,,,2.0,4.0,,,,,,,,,0.0,1.0
06-28-2025 23:00,3.0,3.0,,,3.0,4.0,,,0.0,0.0,,,0.0,0.0,,,0.0,1.0,0.0,0.0,,,0.0,1.0,0.333333,3.0,0.666667,1.0,,,,,0.0,1.0
06-29-2025 00:00,3.0,3.0,,,7.0,8.0,,,0.0,0.0,,,0.0,0.0,,,26.0,29.0,,,,,0.0,1.0,0.0,1.0,0.0,0.0,,,,,0.0,0.0
06-29-2025 01:00,5.0,6.0,,,3.0,3.0,,,0.0,0.0,,,0.0,0.0,0.0,2.666667,0.0,0.0,0.0,0.0,,,52.0,67.0,1.0,1.0,0.0,0.0,,,,,0.0,1.0
06-29-2025 02:00,3.0,3.0,,,3.0,3.0,,,0.0,0.0,,,0.0,0.0,0.0,0.0,0.0,1.0,0.0,1.0,,,56.0,68.0,0.0,0.0,0.0,1.0,,,,,0.0,0.0
06-29-2025 03:00,18.0,23.0,4.8,5.4,4.0,5.0,,,0.0,0.0,,,0.0,0.0,0.0,1.0,0.0,0.0,0.0,0.0,,,2.0,2.0,0.0,0.0,0.0,0.0,,,0.111111,0.444444,0.0,0.0
06-29-2025 04:00,3.0,3.0,3.0,3.0,3.0,3.0,,,0.0,0.0,,,0.0,0.0,0.0,0.0,0.0,1.0,0.0,0.0,,,0.0,2.0,0.0,0.0,0.0,0.0,0.0,0.058824,0.0,0.0,0.0,0.0
06-29-2025 05:00,3.0,3.0,3.0,3.0,3.0,3.0,,,0.0,0.0,,,0.0,0.0,0.0,0.0,0.0,0.0,0.0,0.0,,,1.0,1.0,,,0.0,0.0,0.0,0.0,0.0,0.0,0.0,0.0
06-29-2025 06:00,3.0,3.0,3.0,3.0,3.0,3.0,,,0.0,0.0,,,0.0,0.0,0.0,0.0,0.0,1.0,0.0,0.0,,,1.0,1.0,0.0,0.0,0.0,0.0,0.0,0.0,0.0,0.0,0.0,0.0
06-29-2025 07:00,3.0,3.0,10.0,13.0,4.0,5.0,,,0.0,1.0,,,0.0,0.0,0.0,1.0,0.0,0.0,0.0,0.0,,,0.0,1.0,0.0,0.0,0.0,0.0,0.0,0.0,0.0,0.0,0.0,0.0
06-29-2025 08:00,3.0,3.0,3.0,3.0,3.0,3.0,,,0.0,0.0,,,0.0,1.0,6.0,6.0,0.0,0.0,0.0,0.0,,,30.0,53.0,0.0,0.0,0.0,0.0,0.0,0.0,0.0,0.0,0.0,0.0
06-29-2025 09:00,3.0,4.0,3.0,3.0,3.0,3.0,,,0.0,0.0,,,0.0,0.0,0.0,0.0,0.0,0.0,0.0,0.0,,,1.0,1.0,0.0,0.0,,,0.0,0.0,0.0,0.0,0.0,0.0
06-29-2025 10:00,3.0,3.0,3.0,3.0,3.0,3.0,,,0.0,1.0,,,0.0,0.0,0.0,0.0,0.0,0.0,0.0,0.0,,,0.0,0.0,0.0,0.0,0.0,0.0,4.0,15.0,0.0,0.0,0.0,0.0
06-29-2025 11:00,3.0,3.0,3.0,3.0,3.0,3.0,,,0.0,0.0,,,0.0,0.0,0.0,0.0,0.0,0.0,0.0,0.0,,,1.0,1.0,0.0,1.0,0.0,0.0,,,0.0,0.0,0.0,0.0
06-29-2025 12:00,3.0,3.0,3.0,3.0,4.0,5.0,,,0.0,0.0,,,0.0,1.0,0.0,0.0,0.0,0.0,0.0,0.0,,,6.0,16.0,0.0,0.0,0.0,0.0,0.0,0.0,0.0,0.0,0.0,3.0
06-29-2025 13:00,3.0,3.0,3.0,3.0,3.0,3.0,,,0.0,1.0,,,2.0,2.0,0.0,0.0,0.0,1.0,0.0,0.0,,,0.0,1.0,1.0,1.0,0.0,0.0,0.0,0.0,0.0,0.0,0.0,0.0
06-29-2025 14:00,3.0,3.0,3.0,3.0,4.0,5.0,999.0,999.0,0.0,1.0,,,3.0,4.0,0.0,1.0,3.0,6.0,1.0,1.0,,,1.0,1.0,0.0,0.0,0.0,0.0,0.0,1.0,0.0,0.0,0.0,1.0
06-29-2025 15:00,3.0,4.0,3.0,3.0,3.0,4.0,999.0,999.0,0.0,1.0,,,2.0,5.0,1.0,2.0,3.0,3.0,0.0,1.0,,,7.0,10.0,3.0,3.0,2.0,5.0,0.0,1.0,1.0,1.0,1.0,2.0
06-29-2025 16:00,3.0,3.0,3.0,3.0,3.0,3.0,999.0,999.0,0.0,0.0,,,0.0,4.0,1.0,1.0,11.0,19.0,2.0,7.0,,,39.0,65.0,1.0,1.0,2.0,2.0,7.0,17.0,3.0,5.0,4.0,5.0
06-29-2025 17:00,8.0,10.0,3.0,3.0,6.0,7.0,999.0,999.0,1.0,1.0,,,2.0,4.0,0.0,2.0,3.0,4.0,4.0,7.0,,,5.0,5.0,0.0,2.0,3.0,12.0,1.0,1.0,27.0,51.0,0.0,1.0
06-29-2025 18:00,3.0,3.0,3.0,3.0,3.0,3.0,999.0,999.0,0.0,0.0,,,0.0,1.0,1.0,4.0,2.0,3.0,0.0,1.0,,,,,2.0,2.0,4.0,8.0,1.0,3.0,0.0,1.0,0.0,1.0
06-29-2025 19:00,4.0,5.0,3.0,3.0,4.0,5.0,999.0,999.0,0.0,1.0,,,2.0,3.0,0.0,1.0,1.0,1.0,0.0,1.0,,,6.0,6.0,0.0,1.0,0.0,1.0,1.0,1.0,3.0,6.0,0.0,0.0
06-29-2025 20:00,3.0,3.0,3.0,3.0,3.0,3.0,999.0,999.0,0.0,0.0,,,0.0,1.0,0.0,1.0,0.0,1.0,0.0,0.0,,,3.0,5.0,0.0,1.0,0.0,1.0,1.0,1.0,0.0,1.0,0.0,1.0
06-29-2025 21:00,3.0,3.0,10.0,12.0,3.0,4.0,999.0,999.0,0.0,0.0,,,0.0,0.0,0.0,0.0,0.0,1.0,0.0,1.0,,,1.0,1.0,0.0,1.0,0.0,1.0,0.0,0.0,0.0,1.0,0.0,0.0
06-29-2025 22:00,3.0,3.0,3.0,3.0,4.0,5.0,999.0,999.0,0.0,0.0,,,0.0,0.0,0.0,0.0,0.0,1.0,0.0,1.0,,,3.0,8.0,0.0,0.0,0.0,1.0,0.0,1.0,0.0,0.0,0.0,0.0
06-29-2025 23:00,3.0,3.0,9.0,11.0,3.0,3.0,999.0,999.0,0.0,1.0,0.02,0.77,0.0,1.0,1.0,6.0,0.0,1.0,0.0,1.0,0.009901,0.19802,1.0,1.0,0.0,1.0,1.0,1.0,0.0,0.0,0.0,1.0,0.0,1.0
06-30-2025 00:00,3.0,3.0,3.0,3.0,3.0,3.0,999.0,999.0,0.0,0.0,0.0,1.0,0.0,1.0,0.0,0.0,0.0,1.0,0.0,0.0,0.0,0.0,3.0,4.0,0.0,1.0,0.0,0.0,0.0,1.0,0.0,0.0,0.0,1.0
06-30-2025 01:00,4.0,5.0,7.0,9.0,3.0,3.0,999.0,999.0,0.0,0.0,0.0,1.0,0.0,0.0,0.0,1.0,0.0,1.0,0.0,0.0,0.0,1.0,3.0,4.0,0.0,1.0,0.0,0.0,0.0,1.0,0.0,1.0,0.0,1.0
06-30-2025 02:00,3.0,3.0,3.0,3.0,3.0,3.0,999.0,999.0,0.0,1.0,0.0,1.0,0.0,0.0,0.0,0.0,0.0,1.0,0.0,1.0,0.0,1.0,2.0,2.0,0.0,1.0,0.0,1.0,0.0,1.0,0.0,1.0,0.0,1.0
06-30-2025 03:00,3.0,3.0,14.0,18.0,4.0,5.0,999.0,999.0,0.0,1.0,1.0,1.0,0.0,1.0,0.0,1.0,0.0,1.0,20.0,22.0,1.0,1.0,2.0,2.0,0.0,1.0,0.0,1.0,0.0,1.0,0.0,1.0,0.0,1.0
06-30-2025 04:00,3.0,3.0,3.0,3.0,3.0,3.0,999.0,999.0,,,1.0,1.0,0.0,1.0,0.0,1.0,0.0,1.0,1.0,1.0,0.0,0.0,1.0,1.0,0.0,1.0,0.0,1.0,0.0,1.0,0.0,1.0,0.0,0.0
06-30-2025 05:00,4.0,5.0,5.0,6.0,,,999.0,999.0,0.0,1.0,1.0,5.0,0.0,1.0,0.0,1.0,1.0,1.0,1.0,1.0,0.0,0.0,1.0,2.0,1.0,2.0,0.0,1.0,1.0,1.0,1.0,1.0,1.0,1.0
06-30-2025 06:00,3.0,3.0,3.0,3.0,4.0,5.0,999.0,999.0,0.0,0.0,1.0,1.0,0.0,1.0,0.0,0.0,1.0,1.0,0.0,1.0,0.0,1.0,3.0,3.0,1.0,4.0,0.0,0.0,0.0,0.0,0.0,0.0,,
06-30-2025 07:00,7.0,9.0,3.0,3.0,3.0,3.0,999.0,999.0,0.0,0.0,1.0,2.0,0.0,1.0,0.0,1.0,0.0,1.0,0.0,1.0,0.0,1.0,1.0,1.0,0.0,1.0,0.0,1.0,0.0,1.0,1.0,6.0,0.0,0.5
06-30-2025 08:00,,,3.0,3.0,4.0,5.0,,,0.0,1.0,,,1.0,5.0,0.0,1.0,2.0,4.0,0.0,2.0,,,3.0,4.0,0.0,1.0,1.0,2.0,0.0,1.0,0.0,1.0,0.0,1.0
06-30-2025 09:00,3.0,3.0,3.0,3.0,10.0,12.0,,,0.0,1.0,,,0.0,1.0,25.0,60.0,0.0,1.0,0.0,1.0,,,1.0,3.0,0.0,1.0,1.0,1.0,,,0.0,1.0,0.0,1.0
06-30-2025 10:00,4.0,5.0,3.0,3.0,3.0,3.0,,,0.0,2.0,,,0.0,5.0,0.0,1.0,1.0,1.0,0.0,1.0,,,6.0,6.0,0.0,1.0,1.0,1.0,,,1.0,1.0,0.0,0.0
06-30-2025 11:00,3.0,3.0,4.0,5.0,3.0,3.0,,,16.0,34.0,,,1.0,1.0,0.0,1.0,2.0,4.0,0.0,1.0,,,1.0,1.0,0.0,1.0,1.0,1.0,,,0.0,1.0,0.0,1.0
06-30-2025 12:00,12.0,15.0,3.0,3.0,4.0,5.0,,,0.0,1.0,,,1.0,1.0,0.0,1.0,3.0,4.0,0.0,1.0,,,4.0,4.0,0.0,1.0,1.0,1.0,0.0,1.0,1.0,2.0,1.0,1.0
06-30-2025 13:00,3.0,3.0,10.0,12.0,4.0,5.0,999.0,999.0,0.0,1.0,,,2.0,2.0,0.0,0.0,4.0,6.0,1.0,1.0,,,7.0,11.0,1.0,4.0,2.0,10.0,1.0,3.0,1.0,1.0,1.0,1.0
06-30-2025 14:00,8.0,10.0,3.0,3.0,10.0,12.0,,,0.0,1.0,0.5,2.0,14.0,31.0,0.0,1.0,2.0,3.0,0.0,1.0,,,5.0,6.0,0.0,1.0,1.0,2.0,,,0.0,1.0,0.0,1.0
06-30-2025 15:00,3.0,3.0,4.0,5.0,4.0,5.0,,,15.0,33.0,,,3.0,6.0,3.0,3.0,1.0,1.0,2.0,2.0,,,20.0,31.0,0.0,2.0,2.0,2.0,,,0.0,1.0,1.0,3.0
06-30-2025 16:00,6.0,7.0,3.0,3.0,3.0,3.0,,,0.0,2.0,,,0.0,3.0,0.0,1.0,3.0,4.0,1.0,1.0,,,3.0,7.0,0.0,1.0,0.0,1.0,,,0.0,1.0,0.0,3.0
06-30-2025 17:00,3.0,3.0,,,3.0,3.0,,,1.0,1.0,,,0.0,1.0,1.0,3.0,2.0,3.0,17.0,27.0,,,10.0,14.0,1.0,3.0,3.0,13.0,,,0.0,7.0,0.0,1.0
06-30-2025 18:00,4.0,5.0,,,,,,,0.0,1.0,,,1.0,1.0,0.0,1.0,3.0,11.0,,,,,2.0,2.0,1.0,1.0,1.0,3.0,,,0.0,1.0,0.0,1.0
06-30-2025 19:00,3.0,3.0,,,3.0,3.0,,,1.0,1.0,,,1.0,1.0,0.0,1.0,0.0,1.0,7.0,8.5,,,7.0,9.0,0.0,1.0,0.0,1.0,,,0.0,1.0,0.0,1.0
06-30-2025 20:00,5.0,6.0,4.75,5.5,3.5,4.0,,,0.0,1.0,,,1.0,1.0,0.0,1.0,9.0,21.0,0.0,1.0,,,4.0,4.0,0.0,1.0,,,2.0,4.142857,1.0,3.0,0.0,1.0
06-30-2025 21:00,3.0,3.0,,,,,,,0.0,1.0,,,0.0,1.0,0.0,1.0,1.0,1.0,1.0,1.0,,,3.0,3.0,0.0,1.0,0.0,1.0,,,0.0,0.0,1.0,1.0
06-30-2025 22:00,3.0,3.0,3.0,3.0,3.0,3.0,,,0.0,1.0,1.111111,2.0,0.0,1.0,0.0,1.0,2.0,3.0,0.0,0.0,,,2.0,4.0,1.0,2.0,0.0,1.0,0.0,1.0,0.0,1.0,0.0,1.0
06-30-2025 23:00,3.0,3.0,8.0,10.0,4.0,5.0,,,1.0,1.0,2.0,10.0,0.0,0.0,0.0,1.0,0.0,1.0,0.0,1.0,,,2.0,3.0,,,0.0,0.0,0.0,1.0,0.0,0.0,0.0,1.0
07-01-2025 00:00,4.0,5.0,3.0,3.0,3.0,3.0,,,0.0,1.0,0.0,1.0,0.0,1.0,0.0,1.0,0.0,1.0,,,,,1.0,2.0,0.0,1.0,0.0,0.0,0.0,0.0,0.0,1.0,0.0,1.0
07-01-2025 01:00,3.0,3.0,10.0,12.0,4.0,5.0,999.0,999.0,0.0,1.0,1.0,2.0,0.0,1.0,0.0,0.0,0.0,1.0,0.0,0.0,,,2.0,3.0,0.0,0.0,0.0,0.0,0.0,1.0,0.0,1.0,1.0,1.0
07-01-2025 02:00,4.0,5.0,3.0,3.0,3.0,3.0,999.0,999.0,0.0,1.0,1.0,1.0,0.0,0.0,0.0,1.0,0.0,1.0,0.0,0.0,0.722222,1.5,1.0,1.0,0.0,0.0,0.0,0.0,0.0,1.0,1.0,3.0,0.0,1.0
07-01-2025 03:00,3.0,3.0,7.0,9.0,4.0,5.0,,,0.0,1.0,0.0,2.0,0.0,1.0,0.0,1.0,0.0,0.0,0.0,0.0,0.0,1.0,2.0,2.0,0.0,1.0,0.0,1.0,0.0,2.0,6.0,7.0,0.0,1.0
07-01-2025 04:00,7.0,9.0,3.0,3.0,3.0,3.0,999.0,999.0,,,,,0.0,1.0,0.0,1.0,3.0,3.0,0.0,1.0,,,1.0,1.0,3.0,4.0,0.0,2.0,,,0.0,1.0,1.0,1.0
07-01-2025 05:00,3.0,3.0,16.0,20.0,4.0,5.0,,,0.0,1.0,,,0.0,1.0,0.0,1.0,0.0,1.0,0.0,1.0,,,1.0,3.0,0.0,1.0,0.0,1.0,,,1.0,1.0,0.0,1.0
07-01-2025 06:00,5.0,6.0,3.0,3.0,3.0,3.0,,,0.0,1.0,,,0.0,1.0,0.0,1.0,0.0,1.0,0.0,1.0,,,3.0,4.0,0.0,1.0,0.0,1.0,,,1.0,2.0,0.0,1.0
07-01-2025 07:00,3.0,3.0,9.0,11.0,3.0,3.0,,,0.0,1.0,,,1.0,2.0,0.0,1.0,0.0,1.0,0.0,0.0,,,2.0,2.0,0.0,1.0,1.0,1.0,,,1.0,2.0,1.0,2.0
07-01-2025 08:00,5.0,6.0,3.0,3.0,3.0,3.0,,,6.0,12.0,,,0.0,1.0,0.0,4.0,0.0,1.0,0.0,1.0,,,2.0,2.0,0.0,1.0,1.0,1.0,,,2.0,3.0,0.0,2.0
07-01-2025 09:00,3.0,3.0,16.0,20.0,3.0,3.0,999.0,999.0,1.0,2.0,,,3.0,9.0,1.0,2.0,1.0,1.0,3.0,9.0,0.166667,1.333333,4.0,4.0,1.0,1.0,1.0,2.0,,,3.0,7.0,0.0,1.0
07-01-2025 10:00,4.0,5.0,3.0,3.0,4.0,5.0,999.0,999.0,5.0,5.0,2.142857,4.571429,2.0,4.0,0.0,1.0,0.0,1.0,0.0,1.0,0.0,1.0,8.0,9.0,1.0,2.0,1.0,2.0,0.714286,1.428571,2.0,9.0,2.0,6.0
07-01-2025 11:00,3.0,3.0,11.0,14.0,3.0,3.0,999.0,999.0,1.0,1.0,2.0,2.0,2.0,2.0,1.0,3.0,3.0,3.0,0.0,1.0,0.0,1.0,7.0,8.0,3.0,3.0,2.0,2.0,4.0,4.0,1.0,1.0,2.0,3.0
07-01-2025 12:00,7.0,9.0,3.0,3.0,12.0,15.0,999.0,999.0,0.0,1.0,5.0,8.0,1.0,3.0,2.0,2.0,0.0,4.0,3.0,7.0,4.0,4.0,5.0,5.0,11.0,20.0,1.0,3.0,2.0,5.0,3.0,6.0,0.0,2.0
07-01-2025 13:00,3.0,3.0,14.0,17.0,4.0,4.0,999.0,999.0,5.0,10.0,3.0,5.0,4.0,6.0,1.0,4.0,2.0,2.0,0.0,2.0,2.0,2.0,5.0,8.0,1.0,4.0,2.0,5.0,1.0,1.0,6.0,13.0,1.0,4.0
07-01-2025 14:00,6.0,7.0,3.0,3.0,3.0,3.0,999.0,999.0,0.0,2.0,,,1.0,1.0,0.0,1.0,0.0,2.0,1.0,1.0,1.0,2.0,4.0,6.0,24.0,47.0,2.0,5.0,,,5.0,10.0,1.0,3.0
07-01-2025 15:00,3.0,3.0,10.0,13.0,3.0,4.0,999.0,999.0,1.0,3.0,,,0.0,3.0,0.0,1.0,3.0,5.0,0.0,1.0,0.0,1.0,1.0,1.0,2.0,9.0,1.0,2.0,,,,,0.0,1.0
07-01-2025 16:00,4.0,5.0,3.0,3.0,3.0,3.0,,,0.0,1.0,,,1.0,1.0,0.0,1.0,0.0,2.0,0.0,7.0,,,3.0,3.0,1.0,1.0,0.0,1.0,,,1.0,2.0,0.0,2.0
07-01-2025 17:00,3.0,3.0,10.0,13.0,6.0,7.0,,,0.0,1.0,,,2.0,4.0,1.0,1.0,0.5,1.5,1.0,1.0,,,2.0,2.0,6.0,6.0,3.0,4.0,,,5.0,9.0,1.0,3.0
07-01-2025 18:00,7.0,9.0,3.0,3.0,3.0,3.0,,,1.0,1.0,,,2.0,4.0,0.0,2.0,0.0,1.0,2.0,6.0,,,3.0,3.0,18.0,52.0,3.0,9.0,,,,,2.0,5.0
07-01-2025 19:00,3.0,3.0,,,7.0,9.0,,,0.0,1.0,,,0.0,1.0,1.0,1.0,0.0,1.0,0.0,5.0,,,1.0,5.0,1.0,3.0,9.0,17.0,,,0.0,2.0,6.0,15.0
07-01-2025 20:00,4.0,5.0,6.5,7.5,4.0,5.0,999.0,999.0,1.0,2.0,,,0.0,1.0,0.0,1.0,1.0,2.0,18.0,36.0,,,2.0,4.0,0.0,1.0,2.0,4.0,,,0.0,1.0,0.0,1.0
07-01-2025 21:00,3.0,3.0,5.0,6.0,3.0,3.0,999.0,999.0,0.0,0.0,,,0.0,1.0,0.0,2.0,0.0,1.0,0.0,1.0,0.5,1.0,5.0,12.0,0.0,1.0,0.0,1.0,0.875,3.125,0.0,1.0,0.0,1.0
07-01-2025 22:00,4.0,5.0,3.0,3.0,3.0,3.0,999.0,999.0,0.0,0.0,,,1.0,1.0,0.0,1.0,0.0,1.0,0.0,2.0,0.0,1.0,7.0,13.0,0.0,1.0,0.0,0.0,0.0,1.0,1.0,1.0,0.0,1.0
07-01-2025 23:00,3.0,3.0,3.0,3.0,3.0,3.0,999.0,999.0,0.0,0.0,1.9,2.8,0.0,1.0,0.0,1.0,0.0,0.0,6.0,32.0,0.0,1.0,,,0.0,1.0,0.0,0.0,0.0,1.0,0.0,1.0,0.0,1.0
07-02-2025 00:00,3.0,4.0,3.0,3.0,3.0,3.0,999.0,999.0,0.0,1.0,1.0,1.0,0.0,0.0,0.0,0.0,0.0,1.0,0.0,0.0,0.0,0.0,1.0,1.0,0.0,1.0,0.0,0.0,0.0,1.0,0.0,1.0,1.0,1.0
07-02-2025 01:00,3.0,3.0,3.0,3.0,3.0,3.0,999.0,999.0,0.0,1.0,1.0,1.0,0.0,0.0,0.0,0.0,0.0,0.0,0.0,0.0,0.0,1.0,1.0,2.0,0.0,0.0,0.0,0.0,0.0,1.0,0.0,1.0,0.0,1.0
07-02-2025 02:00,4.0,5.0,3.0,3.0,3.0,3.0,999.0,999.0,0.0,0.0,0.0,4.0,0.0,1.0,0.0,0.0,0.0,0.0,0.0,0.0,0.0,0.0,0.0,1.0,0.0,0.0,0.0,0.0,0.0,0.0,0.0,0.0,0.0,1.0
07-02-2025 03:00,3.0,3.0,3.0,3.0,3.0,3.0,999.0,999.0,0.0,1.0,0.0,2.0,0.0,1.0,,,,,0.0,0.0,0.0,0.0,1.0,1.0,0.0,1.0,0.0,0.0,0.0,0.0,0.0,0.0,0.0,1.0
07-02-2025 04:00,,,3.0,3.0,3.0,4.0,999.0,999.0,0.0,1.0,1.0,2.0,0.0,0.0,0.0,0.0,0.0,0.0,7.0,10.0,0.0,0.0,2.0,2.0,0.0,0.0,0.0,1.0,0.0,1.0,0.0,0.0,,
07-02-2025 05:00,5.0,6.0,9.0,12.0,3.0,3.0,999.0,999.0,0.0,1.0,1.0,1.0,1.0,1.0,0.0,0.0,0.0,0.0,0.0,0.0,0.0,0.0,1.0,3.0,0.0,0.0,,,0.0,1.0,0.0,1.0,0.0,1.0
07-02-2025 06:00,3.0,3.0,3.0,3.0,3.0,3.0,999.0,999.0,0.0,1.0,1.0,7.0,0.0,1.0,0.0,0.0,0.0,0.0,0.0,0.0,0.0,1.0,1.0,3.0,0.0,1.0,0.0,1.0,0.0,1.0,0.0,1.0,0.0,1.0
07-02-2025 07:00,3.0,3.0,3.0,3.0,4.0,5.0,999.0,999.0,,,1.0,4.0,0.0,0.0,0.0,0.0,0.0,1.0,0.0,0.0,0.0,0.0,2.0,4.0,0.0,1.0,0.0,1.0,0.0,0.0,1.0,1.0,0.0,1.0
07-02-2025 08:00,3.0,3.0,3.0,3.0,3.0,3.0,999.0,999.0,0.0,1.0,1.0,1.0,0.0,1.0,0.0,1.0,1.0,1.0,0.0,1.0,0.0,1.0,1.0,1.0,0.0,1.0,0.0,0.0,0.0,0.0,0.0,1.0,0.0,1.0
07-02-2025 09:00,3.0,3.0,8.0,10.0,3.0,3.0,999.0,999.0,0.0,1.0,2.0,2.0,0.0,0.0,0.0,1.0,0.0,0.0,0.0,1.0,0.0,1.0,1.0,2.0,0.0,0.0,0.0,0.0,0.0,1.0,0.0,1.0,0.0,1.0
07-02-2025 10:00,3.0,3.0,3.0,3.0,3.0,3.0,999.0,999.0,0.0,1.0,1.0,2.0,0.0,1.0,0.0,1.0,0.0,1.0,0.0,0.0,0.0,1.0,1.0,1.0,0.0,0.0,0.0,1.0,0.0,0.0,0.0,0.0,0.0,1.0
07-02-2025 11:00,3.0,3.0,11.0,14.0,3.0,3.0,999.0,999.0,0.0,4.0,2.0,2.0,0.0,1.0,0.0,1.0,0.0,1.0,1.0,1.0,0.0,0.0,0.0,2.0,0.0,0.0,0.0,0.0,0.0,1.0,0.0,0.0,0.0,0.0
07-02-2025 12:00,3.0,3.0,3.0,3.0,4.0,5.0,999.0,999.0,0.0,0.0,1.0,2.0,5.0,15.0,0.0,0.0,0.0,0.0,0.0,0.0,0.0,0.0,0.0,1.0,0.0,1.0,0.0,1.0,0.0,0.0,0.0,0.0,0.0,1.0
07-02-2025 13:00,3.0,3.0,10.0,12.0,3.0,3.0,999.0,999.0,0.0,1.0,1.0,1.0,0.0,1.0,0.0,1.0,0.0,1.0,0.0,2.0,0.0,0.0,0.0,2.0,,,0.0,0.0,0.0,0.0,1.0,1.0,0.0,1.0
07-02-2025 14:00,3.0,3.0,,,3.0,3.0,,,0.0,0.0,,,0.0,0.0,0.0,0.0,0.0,0.0,0.0,1.0,,,3.0,5.0,0.0,0.0,0.0,1.0,,,0.0,1.0,0.0,0.0
07-02-2025 15:00,3.0,3.0,3.0,3.0,3.0,4.0,715.0,715.285714,0.0,0.0,,,0.0,0.0,0.0,0.0,0.0,1.0,1.0,1.0,0.0,0.0,0.0,1.0,0.0,6.0,0.0,1.0,,,0.0,1.0,0.0,0.0
07-02-2025 16:00,3.0,3.0,,,3.0,3.0,,,0.0,1.0,,,,,0.0,0.0,0.0,1.5,0.0,0.0,,,1.0,1.0,0.0,1.0,0.0,1.0,,,0.0,0.0,0.0,0.0
07-02-2025 17:00,4.0,5.0,,,3.0,3.0,,,0.0,0.0,,,0.0,3.0,0.0,0.0,1.0,8.0,0.0,0.0,,,1.0,1.0,35.0,72.0,0.0,1.0,,,0.0,1.0,0.0,0.0
07-02-2025 18:00,3.0,3.0,,,3.0,3.0,,,0.0,1.0,,,0.0,0.0,0.0,0.0,0.0,1.0,0.0,0.0,,,0.0,1.0,0.0,1.0,0.0,1.0,,,0.0,1.0,0.0,1.0
07-02-2025 19:00,3.0,3.0,,,3.0,3.0,,,0.0,1.0,,,0.0,1.0,0.0,0.0,0.0,1.0,0.0,1.0,,,1.0,3.0,40.0,77.0,0.0,0.0,,,,,0.0,0.0
07-02-2025 20:00,3.0,3.0,,,3.0,3.0,,,0.0,0.0,,,0.0,0.0,0.0,0.0,,,0.0,0.0,,,0.0,0.0,0.0,1.0,0.0,0.0,,,0.0,0.5,0.0,0.0
07-02-2025 21:00,3.0,3.0,,,3.0,3.0,,,0.0,0.0,,,0.0,0.0,0.0,0.0,0.0,0.0,0.0,0.0,,,0.0,2.0,0.0,1.0,0.0,0.0,,,0.0,0.0,0.0,0.0
07-02-2025 22:00,3.0,3.0,,,3.0,3.0,,,0.0,0.0,,,0.0,0.0,0.0,0.0,1.0,2.0,0.0,1.0,,,9.0,19.0,0.0,0.0,0.0,0.0,,,0.0,0.0,0.0,1.0
07-02-2025 23:00,3.0,4.0,6.75,8.125,4.0,5.0,,,0.0,0.0,,,0.0,0.0,0.0,0.0,0.0,0.0,0.0,0.0,,,16.0,37.0,0.0,0.0,0.0,0.0,,,0.0,0.0,3.0,13.0
07-03-2025 00:00,3.0,3.0,,,3.0,3.0,,,0.0,1.0,,,0.0,0.0,0.0,0.0,0.0,0.0,0.0,0.0,,,6.0,11.0,0.0,1.0,0.0,0.0,,,0.0,3.0,10.0,28.0
07-03-2025 01:00,3.0,3.0,,,4.0,5.0,,,0.0,0.0,,,0.0,0.0,0.0,0.0,0.0,0.0,0.0,0.0,,,0.0,1.0,0.0,0.0,0.0,0.0,,,0.0,0.0,0.0,0.0
07-03-2025 02:00,3.0,3.0,9.666667,12.0,4.0,5.0,,,0.0,0.0,,,0.0,0.0,0.0,0.0,0.0,0.0,0.0,0.0,,,0.0,2.0,0.0,0.0,0.0,0.0,,,0.0,0.0,0.0,0.0
07-03-2025 03:00,3.0,3.0,3.0,3.0,3.5,4.5,,,0.0,0.0,,,0.0,0.0,0.0,0.0,0.0,0.0,0.0,0.0,,,1.0,1.0,0.0,0.0,0.0,0.0,,,0.0,0.0,0.0,0.0
07-03-2025 04:00,3.0,3.0,3.0,4.0,3.0,4.0,,,0.0,0.0,,,0.0,0.0,0.0,0.0,0.0,0.0,0.0,0.0,,,1.0,1.0,0.0,0.0,0.0,0.0,,,0.0,0.0,0.0,0.0
07-03-2025 05:00,3.0,3.0,3.0,3.0,3.0,3.0,,,0.0,0.0,,,0.0,0.0,0.0,0.0,0.0,0.0,0.0,0.0,,,1.0,1.0,0.0,0.0,0.0,0.0,,,0.0,1.0,0.0,0.0
07-03-2025 06:00,3.0,3.0,3.0,3.0,3.0,4.0,,,0.0,0.0,,,0.0,0.0,0.0,0.0,0.0,0.0,0.0,0.0,,,0.0,2.0,0.0,1.0,,,,,0.0,0.0,0.0,0.0
07-03-2025 07:00,3.0,3.0,,,3.0,3.0,,,0.0,0.0,,,0.0,0.0,0.0,0.0,0.0,0.0,0.0,0.0,,,1.0,1.0,0.0,0.0,0.0,0.0,,,0.0,0.0,0.0,0.0
07-03-2025 08:00,3.0,3.0,6.5,8.0,3.0,3.0,,,0.0,1.0,,,0.0,1.0,0.0,1.0,0.0,1.0,0.0,1.0,,,1.0,1.0,0.0,1.0,0.0,1.0,,,0.0,0.0,0.0,0.0
07-03-2025 09:00,3.0,4.0,3.0,3.0,3.0,3.0,,,0.0,1.0,,,0.0,0.0,0.0,1.0,0.0,0.0,0.0,2.0,,,1.0,1.0,0.0,1.0,0.0,0.0,,,0.0,1.0,0.0,0.0
07-03-2025 10:00,3.0,3.0,13.0,16.0,3.0,3.0,,,0.0,0.0,,,0.0,0.0,0.0,0.0,0.0,1.0,0.0,2.0,,,2.0,2.0,0.0,1.0,0.0,0.0,,,0.0,0.0,0.0,0.0
07-03-2025 11:00,6.0,7.0,3.0,3.0,4.0,5.0,,,0.0,1.0,,,0.0,1.0,0.0,1.0,0.0,1.0,0.0,1.0,,,1.0,1.0,0.0,0.0,0.0,0.0,,,0.0,1.0,0.0,1.0
07-03-2025 12:00,,,3.0,3.0,4.0,5.0,,,1.0,4.0,,,0.0,0.0,0.0,1.0,0.0,1.0,21.0,39.0,,,1.0,1.0,0.0,0.0,0.0,0.0,,,0.0,0.0,0.0,1.0
07-03-2025 13:00,3.0,3.0,3.0,3.0,3.0,3.0,,,0.0,0.0,,,0.0,1.0,0.0,1.0,0.0,5.0,0.0,1.0,,,1.0,1.0,1.0,2.0,0.0,0.0,,,0.0,0.0,0.0,1.0
07-03-2025 14:00,,,17.0,22.0,3.0,3.0,,,0.0,1.0,1.583333,5.25,0.0,0.0,0.0,0.0,0.0,1.0,1.0,1.0,,,0.0,2.0,0.0,1.0,0.0,0.0,,,0.0,1.0,0.0,0.0
07-03-2025 15:00,3.0,3.0,3.0,3.0,3.0,3.0,,,0.0,0.0,1.0,1.0,0.0,0.0,0.0,0.0,0.0,1.0,0.0,1.0,,,0.0,1.0,0.0,0.0,0.0,1.0,,,0.0,1.0,0.0,1.0
07-03-2025 16:00,3.0,3.0,11.0,13.0,3.0,3.0,18.44,23.52,0.0,0.0,1.0,1.0,0.0,0.0,0.0,0.0,0.0,0.0,5.0,8.0,0.16,0.4,0.0,2.0,0.0,0.0,0.0,1.0,0.115385,0.576923,0.0,0.0,0.0,0.0
07-03-2025 17:00,3.0,3.0,3.0,3.0,3.0,3.0,4.0,5.0,0.0,0.0,1.0,4.0,0.0,1.0,0.0,0.0,0.0,2.0,19.0,40.0,0.0,0.0,,,0.0,0.0,0.0,1.0,0.0,0.0,0.0,2.0,0.0,0.0
07-03-2025 18:00,5.0,6.0,10.0,12.0,3.0,4.0,4.0,5.0,0.0,1.0,0.0,0.0,0.0,1.0,0.0,1.0,0.0,1.0,1.0,4.0,0.0,0.0,1.0,3.0,0.0,1.0,0.0,1.0,31.0,67.0,0.0,0.0,0.0,1.0
07-03-2025 19:00,3.0,3.0,3.0,3.0,3.0,3.0,4.0,5.0,0.0,0.0,0.0,0.0,1.0,8.0,0.0,1.0,1.0,2.0,0.0,1.0,5.0,13.0,164.0,313.0,0.0,1.0,0.0,2.0,0.0,0.0,0.0,0.0,0.0,0.0
07-03-2025 20:00,6.0,7.0,11.0,13.0,3.0,3.0,7.0,8.0,0.0,0.0,1.0,1.0,0.0,1.0,0.0,0.0,0.0,2.0,0.0,1.0,55.0,77.0,1.0,3.0,0.0,1.0,0.0,1.0,0.0,0.0,0.0,0.0,0.0,0.0
07-03-2025 21:00,3.0,3.0,3.0,3.0,3.0,3.0,4.0,5.0,0.0,0.0,0.0,2.0,0.0,0.0,0.0,1.0,0.0,0.0,0.0,1.0,0.0,0.0,1.0,1.0,0.0,0.0,2.0,4.0,0.0,0.0,0.0,0.0,0.0,1.0
07-03-2025 22:00,5.0,6.0,12.0,15.0,3.0,3.0,,,0.0,0.0,0.0,1.0,0.0,0.0,0.0,1.0,0.0,0.0,0.0,0.0,0.0,0.0,0.0,2.0,0.0,0.0,0.0,1.0,0.0,1.0,0.0,0.0,0.0,1.0
07-03-2025 23:00,3.0,3.0,3.0,3.0,3.0,3.0,5.0,6.0,,,0.0,1.0,0.0,0.0,0.0,0.0,0.0,0.0,0.0,1.0,0.0,1.0,0.0,1.0,0.0,0.0,0.0,0.0,0.0,1.0,0.0,0.0,0.0,1.0
07-04-2025 00:00,3.0,3.0,8.0,10.0,4.0,5.0,4.0,5.0,0.0,0.0,0.0,1.0,0.0,1.0,0.0,0.0,0.0,0.0,0.0,1.0,0.0,0.0,1.0,1.0,,,0.0,7.0,0.0,0.0,0.0,0.0,0.0,0.0
07-04-2025 01:00,3.0,3.0,3.0,3.0,3.0,3.0,6.0,7.0,0.0,0.0,0.0,1.0,0.0,1.0,0.0,0.0,0.0,0.0,0.0,0.0,0.0,0.0,1.0,1.0,0.0,0.0,0.0,0.0,0.0,0.0,0.0,0.0,0.0,1.0
07-04-2025 02:00,8.0,10.0,23.0,30.0,3.0,3.0,4.0,5.0,0.0,0.0,0.0,1.0,0.0,1.0,0.0,0.0,0.0,0.0,0.0,0.0,0.0,0.0,1.0,1.0,0.0,0.0,0.0,0.0,0.0,0.0,25.0,27.0,0.0,0.0
07-04-2025 03:00,3.0,3.0,3.0,3.0,3.0,3.0,5.0,6.0,0.0,0.0,0.0,1.0,0.0,0.0,0.0,1.0,0.0,0.0,0.0,1.0,0.0,0.0,1.0,1.0,0.0,0.0,0.0,0.0,0.0,0.0,4.0,6.0,0.0,0.0
07-04-2025 04:00,3.0,3.0,3.0,3.0,3.0,3.0,5.0,6.0,0.0,0.0,0.0,0.0,0.0,0.0,0.0,0.0,0.0,0.0,0.0,0.0,0.0,0.0,13.0,27.0,0.0,0.0,0.0,0.0,0.0,0.0,1.0,1.0,0.0,0.0
07-04-2025 05:00,3.0,3.0,3.0,3.0,3.0,3.0,4.0,5.0,0.0,0.0,0.0,1.0,0.0,0.0,0.0,0.0,0.0,0.0,0.0,1.0,0.0,0.0,1.0,1.0,0.0,0.0,0.0,0.0,0.0,1.0,0.0,0.0,0.0,0.0
07-04-2025 06:00,3.0,4.0,15.0,19.0,3.0,3.0,5.0,6.0,0.0,1.0,0.0,1.0,0.0,0.0,0.0,0.0,0.0,0.0,0.0,0.0,,,1.0,2.0,0.0,1.0,0.0,1.0,0.0,0.0,0.0,0.0,0.0,0.0
07-04-2025 07:00,3.0,3.0,3.0,3.0,,,4.0,5.0,0.0,1.0,0.0,1.0,0.0,0.0,0.0,0.0,0.0,0.0,0.0,0.0,0.0,0.0,0.0,1.0,0.0,0.0,0.0,1.0,0.0,0.0,1.0,7.0,0.0,1.0
07-04-2025 08:00,3.0,3.0,3.0,3.0,3.0,3.0,6.0,7.0,1.0,1.0,0.0,6.0,0.0,1.0,0.0,1.0,0.0,1.0,0.0,0.0,0.0,1.0,1.0,1.0,0.0,0.0,0.0,1.0,0.0,0.0,0.0,1.0,0.0,0.0
07-04-2025 09:00,3.0,3.0,3.0,3.0,3.0,3.0,5.0,6.0,0.0,0.0,0.0,1.0,0.0,0.0,5.0,7.0,0.0,1.0,0.0,0.0,0.0,0.0,1.0,1.0,11.0,11.0,,,20.0,53.0,0.0,0.0,0.0,1.0
07-04-2025 10:00,5.0,6.0,8.0,10.0,4.0,5.0,9.0,11.0,0.0,1.0,1.0,1.0,0.0,0.0,0.0,0.0,7.0,7.0,0.0,1.0,0.0,0.0,1.0,2.0,0.0,1.0,0.0,1.0,0.0,0.0,0.0,1.0,0.0,0.0
07-04-2025 11:00,3.0,3.0,3.0,3.0,3.0,3.0,5.0,6.0,19.0,38.0,0.0,1.0,0.0,1.0,0.0,0.0,0.0,1.0,0.0,1.0,0.0,0.0,7.0,7.0,0.0,1.0,0.0,1.0,0.0,4.0,0.0,0.0,0.0,1.0
07-04-2025 12:00,5.0,6.0,17.0,22.0,3.0,3.0,,,0.0,1.0,,,1.0,1.0,0.0,1.0,1.0,1.0,0.0,3.0,0.0,1.0,1.0,1.0,0.0,1.0,1.0,1.0,,,,,0.0,0.0
07-04-2025 13:00,3.0,3.0,3.0,3.0,3.0,4.0,,,0.0,1.0,,,0.0,1.0,1.0,2.0,3.0,9.0,2.0,4.0,,,75.0,128.0,2.0,10.0,1.0,1.0,,,0.0,0.5,0.0,1.0
07-04-2025 14:00,4.0,5.0,3.0,3.0,4.0,5.0,,,0.0,0.0,,,0.0,1.0,0.0,1.0,0.0,1.0,5.0,8.0,,,2.0,2.0,0.0,1.0,10.0,12.0,,,,,0.0,1.0
07-04-2025 15:00,3.0,3.0,3.0,3.0,4.0,5.0,,,0.0,1.0,,,0.0,1.0,0.0,1.0,30.0,33.0,3.0,7.0,,,1.0,5.0,1.0,1.0,0.0,1.0,,,0.0,1.0,0.0,1.0
07-04-2025 16:00,5.0,6.0,,,3.5,4.0,,,8.0,23.0,,,0.0,1.0,0.0,2.0,1.0,1.0,2.0,2.0,,,1.0,2.0,1.0,1.0,0.0,3.0,,,,,3.0,9.0
07-04-2025 17:00,3.0,3.0,,,31.0,40.0,,,0.0,0.0,,,1.0,3.0,9.0,21.0,0.0,1.0,1.0,1.0,,,1.0,1.0,0.0,2.0,0.0,1.0,,,,,0.0,5.0
07-04-2025 18:00,13.0,17.0,,,4.0,5.0,,,0.0,0.0,,,2.0,9.0,1.0,2.0,9.0,19.0,4.0,11.0,,,18.0,27.0,0.0,1.0,1.0,1.0,,,,,5.0,8.0
07-04-2025 19:00,3.0,3.0,,,3.0,4.0,,,0.0,0.0,,,0.0,1.0,0.0,1.0,0.0,1.0,0.0,1.0,,,1.0,1.0,0.0,1.0,0.0,1.0,,,,,0.0,0.0
07-04-2025 20:00,9.0,11.0,,,4.0,5.0,,,0.0,0.0,,,0.0,1.0,0.0,1.0,0.0,1.0,0.0,2.0,,,0.0,1.0,1.0,1.0,0.0,1.0,,,,,0.0,1.0
07-04-2025 21:00,3.0,3.0,,,3.0,3.0,,,0.0,0.0,,,0.0,1.0,0.0,1.0,0.0,1.0,11.0,20.0,,,2.0,4.0,0.0,0.0,1.0,11.0,,,,,0.0,1.0
07-04-2025 22:00,9.0,11.0,,,4.0,5.0,,,0.0,0.0,,,0.0,1.0,0.0,1.0,0.0,5.0,0.0,1.0,,,1.0,1.0,0.0,0.0,1.0,3.0,,,,,0.0,1.0
07-04-2025 23:00,3.0,3.0,,,3.0,3.0,,,0.0,0.0,,,0.0,1.0,0.0,2.0,0.0,0.0,6.0,12.0,,,1.0,2.0,0.0,1.0,0.0,1.0,,,,,0.0,1.0
07-05-2025 00:00,5.0,6.0,,,3.0,3.0,,,0.0,0.0,,,0.0,2.0,0.0,1.0,0.0,1.0,2.0,2.0,,,1.0,1.0,0.0,0.0,0.0,1.0,,,,,0.0,1.0
07-05-2025 01:00,3.0,3.0,,,4.0,5.0,,,0.0,0.0,,,0.0,0.0,0.0,1.0,0.0,0.0,0.0,1.0,,,1.0,1.0,0.0,1.0,0.0,0.0,,,,,0.0,1.0
07-05-2025 02:00,4.0,5.0,5.090909,5.818182,,,,,0.0,0.0,,,0.0,1.0,0.0,1.0,0.0,1.0,,,,,1.0,1.0,0.0,0.0,0.0,0.0,,,,,0.0,0.0
07-05-2025 03:00,3.0,3.0,3.0,3.0,4.0,5.0,,,0.0,0.0,,,0.0,6.0,0.0,1.0,,,12.0,22.0,,,7.0,18.0,0.0,0.0,0.0,0.0,,,,,0.0,1.0
07-05-2025 04:00,,,3.0,3.0,3.0,3.0,,,0.0,0.0,,,1.0,1.0,0.0,0.0,0.0,0.0,0.0,0.0,,,1.0,2.0,0.0,1.0,0.0,0.0,,,,,0.0,1.0
07-05-2025 05:00,3.0,3.0,3.0,3.0,3.0,3.0,,,0.0,0.0,,,0.0,1.0,0.0,1.0,0.0,0.0,0.0,0.0,,,1.0,3.0,0.0,1.0,0.0,0.0,,,,,0.0,0.0
07-05-2025 06:00,3.0,3.0,,,3.0,3.0,,,0.0,0.0,,,0.0,1.0,0.0,2.0,0.0,1.0,0.0,0.0,,,1.0,4.0,0.0,0.0,1.0,9.0,,,,,0.0,4.0
07-05-2025 07:00,3.0,4.0,,,4.0,5.0,,,0.0,0.0,,,0.0,1.0,0.0,0.0,0.0,0.0,0.0,1.0,,,1.0,1.0,0.0,1.0,0.0,1.0,,,,,0.0,1.0
07-05-2025 08:00,3.0,3.0,5.333333,6.333333,4.0,5.0,,,0.0,0.0,,,0.0,0.0,0.0,0.0,0.0,0.0,1.0,3.0,,,1.0,3.0,0.0,1.0,0.0,0.0,,,,,0.0,0.0
07-05-2025 09:00,3.0,3.0,3.0,3.0,4.0,5.0,,,0.0,0.0,,,0.0,1.0,0.0,2.0,3.0,14.0,0.0,1.0,,,0.0,1.0,0.0,1.0,0.0,1.0,,,,,0.0,2.0
07-05-2025 10:00,3.0,3.0,,,4.0,5.0,,,0.0,0.0,,,0.0,1.0,0.0,0.0,0.0,1.0,0.0,0.0,,,1.0,1.0,0.0,1.0,1.0,1.0,,,,,0.0,0.0
07-05-2025 11:00,4.0,5.0,13.0,16.0,4.0,5.0,,,23.0,56.0,,,0.0,1.0,0.0,1.0,0.0,1.0,0.0,1.0,,,2.0,3.0,0.0,1.0,0.0,1.0,,,,,1.0,4.0
07-05-2025 12:00,3.0,3.0,,,3.0,3.0,,,4.0,12.0,,,0.0,1.0,0.0,2.0,0.0,5.0,0.0,1.0,,,1.0,2.0,0.0,1.0,0.0,1.0,,,,,0.0,0.0
07-05-2025 13:00,10.0,13.0,,,4.0,5.0,,,0.0,0.0,,,6.0,10.0,11.0,26.0,14.0,36.0,0.0,2.0,,,1.0,1.0,1.0,1.0,2.0,3.0,,,,,3.0,7.0
07-05-2025 14:00,3.0,3.0,,,3.0,3.0,,,0.0,0.0,,,0.0,1.0,0.0,1.0,0.0,2.0,0.0,1.0,,,127.0,264.0,0.0,1.0,0.0,1.0,,,,,0.0,1.0
07-05-2025 15:00,9.0,11.0,,,3.0,3.0,,,0.0,1.0,,,0.0,1.0,18.0,33.0,1.0,6.0,0.0,1.0,,,1.0,3.0,,,1.0,2.0,,,1.791667,3.125,0.0,1.0
07-05-2025 16:00,3.0,3.0,,,7.0,9.0,,,1.0,3.0,,,5.0,20.0,,,1.0,1.0,4.0,10.0,,,11.0,19.0,0.0,4.0,,,,,0.0,0.0,0.0,1.0
07-05-2025 17:00,9.0,11.0,,,6.0,7.0,,,7.0,17.0,,,14.0,36.0,3.5,15.5,6.0,17.0,2.0,3.0,,,,,1.0,1.0,1.0,1.5,,,0.0,1.0,22.0,49.0
07-05-2025 18:00,3.0,3.0,,,17.0,21.0,,,0.0,0.0,,,1.0,4.0,0.0,1.0,0.0,1.0,6.0,10.0,,,77.0,149.0,9.0,27.0,0.0,1.0,,,13.0,17.0,37.0,65.0
07-05-2025 19:00,4.0,5.0,6.333333,7.555556,3.0,3.0,,,0.0,0.0,,,0.0,1.0,0.0,1.0,0.0,1.0,0.0,1.0,,,1.0,1.0,0.0,1.0,0.0,1.0,,,0.0,0.0,0.0,1.0
07-05-2025 20:00,3.0,3.0,,,3.0,3.0,,,10.0,33.0,,,0.0,1.0,0.0,1.0,0.0,0.0,6.0,14.0,,,0.0,2.0,0.0,1.0,,,,,,,0.0,1.0
07-05-2025 21:00,3.0,3.0,,,3.0,3.0,,,1.0,1.0,,,0.0,1.0,2.0,2.0,0.0,1.0,0.0,0.0,,,1.0,1.0,0.0,0.0,0.0,1.0,,,0.0,4.0,0.0,0.0
07-05-2025 22:00,3.0,3.0,,,4.0,5.0,,,0.0,0.0,,,0.0,1.0,1.0,2.0,0.0,1.0,0.0,1.0,,,3.0,3.0,0.0,0.0,0.0,1.0,,,,,0.0,0.0
07-05-2025 23:00,5.0,6.0,,,4.0,5.0,,,10.0,13.0,,,1.0,1.0,,,9.0,10.0,1.0,1.0,,,45.0,56.0,0.0,1.0,0.0,1.0,,,,,0.0,1.0
07-06-2025 00:00,3.0,3.0,,,5.0,6.0,,,0.0,1.0,,,13.0,14.0,1.0,5.0,0.0,0.0,0.0,1.0,,,3.0,3.0,0.0,1.0,7.0,7.0,,,7.75,11.0,0.0,0.0
07-06-2025 01:00,3.0,4.0,,,3.0,3.0,,,0.0,1.0,,,0.0,0.0,0.0,1.0,0.0,0.0,0.0,0.0,,,1.0,1.0,0.0,0.0,0.0,0.0,,,,,0.0,0.0
07-06-2025 02:00,3.0,3.0,7.142857,8.571429,4.0,5.0,,,0.0,1.0,,,0.0,1.0,0.0,0.0,0.0,0.0,0.0,0.0,,,3.0,5.0,0.0,0.0,0.0,0.0,,,0.0,1.0,0.0,0.0
07-06-2025 03:00,3.0,3.0,3.0,3.0,3.0,3.0,,,0.0,0.0,,,0.0,1.0,0.0,1.0,0.0,0.0,0.0,0.0,,,1.0,1.0,0.0,1.0,0.0,1.0,,,0.0,0.0,0.0,0.0
07-06-2025 04:00,3.0,3.0,6.0,7.0,3.0,3.0,,,,,,,0.0,1.0,0.0,0.0,0.0,0.0,0.0,0.0,,,2.0,2.0,0.0,1.0,0.0,0.0,,,0.0,0.0,0.0,1.0
07-06-2025 05:00,3.0,3.0,3.0,3.0,3.0,4.0,,,0.0,0.0,,,0.0,0.0,0.0,0.0,0.0,0.0,0.0,0.0,,,2.0,2.0,0.0,0.0,0.0,1.0,,,0.0,0.0,0.0,1.0
07-06-2025 06:00,3.0,3.0,17.0,21.0,3.0,3.0,,,0.0,0.0,,,1.0,1.0,0.0,0.0,0.0,1.0,0.0,0.0,,,1.0,1.0,0.0,0.0,0.0,0.0,,,0.0,0.0,0.0,0.0
07-06-2025 07:00,3.0,3.0,3.0,3.0,3.0,3.0,,,0.0,0.0,0.386364,1.727273,0.0,1.0,0.0,1.0,0.0,1.0,0.0,0.0,1.883721,3.023256,3.0,3.0,0.0,1.0,0.0,0.0,,,0.0,0.0,0.0,0.0
07-06-2025 08:00,3.0,3.0,4.0,5.0,3.0,3.0,,,0.0,1.0,,,0.0,1.0,0.0,1.0,0.0,0.0,0.0,0.0,0.0,0.0,2.0,2.0,0.0,0.0,0.0,0.0,,,0.0,1.0,0.0,1.0
07-06-2025 09:00,31.0,40.0,3.0,3.0,3.0,4.0,,,0.0,0.0,0.0,2.0,0.0,0.0,0.0,4.0,0.0,0.0,0.0,0.0,0.0,0.0,1.0,1.0,0.0,1.0,0.0,0.0,,,0.0,0.0,0.0,0.0
07-06-2025 10:00,3.0,3.0,12.0,15.0,3.0,3.0,,,0.0,0.0,0.0,1.0,0.0,0.0,0.0,0.0,0.0,1.0,0.0,0.0,0.0,0.0,19.0,60.0,0.0,1.0,0.0,0.0,,,0.0,0.0,0.0,1.0
07-06-2025 11:00,4.0,5.0,3.0,3.0,4.0,5.0,,,0.0,1.0,0.0,1.0,0.0,0.0,0.0,0.0,1.0,7.0,0.0,1.0,0.0,0.0,1.0,1.0,0.0,0.0,0.0,0.0,,,0.0,0.0,0.0,0.0
07-06-2025 12:00,3.0,3.0,9.0,11.0,3.0,3.0,,,0.0,0.0,0.0,1.0,0.0,1.0,0.0,1.0,0.0,0.0,0.0,1.0,0.0,1.0,2.0,2.0,0.0,1.0,0.0,0.0,2.208333,3.125,0.0,0.0,0.0,3.0
07-06-2025 13:00,3.0,3.0,3.0,3.0,4.0,5.0,,,0.0,1.0,0.0,1.0,0.0,1.0,0.0,0.0,0.0,1.0,0.0,0.0,0.0,0.0,1.0,3.0,0.0,0.0,0.0,0.0,0.0,0.0,0.0,1.0,0.0,1.0
07-06-2025 14:00,3.0,3.0,7.0,9.0,4.0,5.0,,,0.0,1.0,0.0,1.0,0.0,1.0,0.0,1.0,0.0,0.0,0.0,0.0,1.0,1.0,1.0,1.0,0.0,0.0,0.0,0.0,0.0,1.0,0.0,1.0,0.0,1.0
07-06-2025 15:00,3.0,3.0,3.0,3.0,3.0,3.0,,,0.0,5.0,0.0,4.0,0.0,0.0,0.0,0.0,0.0,0.0,0.0,0.0,10.0,16.0,1.0,1.0,0.0,0.0,0.0,1.0,0.0,0.0,0.0,1.0,0.0,0.0
07-06-2025 16:00,,,4.0,5.0,3.0,3.0,,,0.0,0.0,0.0,1.0,0.0,1.0,0.0,0.0,0.0,2.0,0.0,1.0,0.0,0.0,1.0,2.0,0.0,0.0,0.0,1.0,0.0,0.0,0.0,1.0,0.0,1.0
07-06-2025 17:00,3.0,3.0,3.0,3.0,3.0,3.0,,,1.0,2.0,0.0,1.0,0.0,1.0,0.0,0.0,0.0,1.0,0.0,0.0,1.0,3.0,1.0,1.0,0.0,1.0,1.0,1.0,0.0,1.0,0.0,0.0,0.0,1.0
07-06-2025 18:00,4.0,5.0,3.0,3.0,3.0,4.0,,,0.0,0.0,0.0,0.0,0.0,0.0,0.0,1.0,0.0,1.0,0.0,0.0,0.0,0.0,0.0,1.0,0.0,0.0,0.0,1.0,0.0,0.0,0.0,0.0,0.0,0.0
07-06-2025 19:00,3.0,3.0,3.0,3.0,3.0,3.0,,,0.0,0.0,0.0,1.0,0.0,1.0,0.0,0.0,0.0,0.0,0.0,0.0,0.0,0.0,0.0,1.0,0.0,0.0,0.0,0.0,9.0,27.0,0.0,1.0,0.0,0.0
07-06-2025 20:00,3.0,3.0,9.0,12.0,4.0,5.0,,,0.0,2.0,4.0,4.0,0.0,1.0,0.0,1.0,0.0,1.0,0.0,1.0,4.0,7.0,1.0,1.0,0.0,1.0,,,0.0,0.0,0.0,0.0,0.0,0.0
07-06-2025 21:00,3.0,3.0,3.0,3.0,3.0,4.0,,,0.0,0.0,0.0,0.0,0.0,0.0,0.0,0.0,0.0,0.0,0.0,0.0,0.0,1.0,5.0,9.0,0.0,0.0,0.0,1.0,0.0,0.0,0.0,0.0,0.0,1.0
07-06-2025 22:00,4.0,5.0,3.0,4.0,4.0,5.0,,,0.0,0.0,1.0,4.0,0.0,0.0,0.0,0.0,0.0,0.0,0.0,0.0,0.0,1.0,0.0,1.0,0.0,0.0,0.0,1.0,0.0,0.0,0.0,0.0,0.0,1.0
07-06-2025 23:00,3.0,3.0,3.0,3.0,3.0,3.0,,,0.0,1.0,0.0,1.0,0.0,1.0,0.0,0.0,0.0,0.0,0.0,0.0,0.0,0.0,1.0,1.0,0.0,1.0,0.0,0.0,0.0,0.0,0.0,1.0,0.0,1.0
07-07-2025 00:00,4.0,5.0,5.0,6.0,4.0,5.0,,,0.0,3.0,0.0,1.0,0.0,0.0,0.0,0.0,0.0,0.0,0.0,0.0,9.0,18.0,0.0,1.0,0.0,0.0,0.0,0.0,0.0,0.0,0.0,0.0,,
07-07-2025 01:00,3.0,3.0,3.0,3.0,3.0,4.0,,,0.0,0.0,3.0,16.0,0.0,0.0,0.0,1.0,0.0,0.0,0.0,0.0,0.0,0.0,1.0,1.0,,,0.0,0.0,0.0,1.0,0.0,1.0,0.0,0.0
07-07-2025 02:00,10.0,12.0,11.0,13.0,3.0,3.0,,,0.0,1.0,0.0,4.0,0.0,0.0,0.0,0.0,0.0,0.0,0.0,0.0,0.0,1.0,0.0,4.0,0.0,1.0,0.0,1.0,,,0.0,4.0,0.0,1.0
07-07-2025 03:00,3.0,3.0,3.0,3.0,3.0,3.0,9.640625,12.03125,0.0,1.0,0.0,1.0,0.0,0.0,0.0,0.0,0.0,0.0,0.0,4.0,0.0,0.0,0.0,1.0,0.0,0.0,0.0,1.0,0.0,0.0,0.0,0.0,0.0,9.0
07-07-2025 04:00,3.0,3.0,12.0,16.0,3.0,3.0,4.0,5.0,0.0,0.0,0.0,1.0,0.0,0.0,0.0,1.0,0.0,0.0,0.0,1.0,0.0,1.0,0.0,1.0,0.0,1.0,0.0,0.0,0.0,0.0,0.0,0.0,0.0,0.0
07-07-2025 05:00,3.0,3.0,3.0,3.0,5.0,6.0,4.0,5.0,0.0,3.0,0.0,1.0,0.0,0.0,0.0,0.0,0.0,1.0,0.0,1.0,0.0,0.0,0.0,1.0,0.0,1.0,0.0,0.0,0.0,0.0,0.0,0.0,0.0,0.0
07-07-2025 06:00,4.0,5.0,5.0,6.0,3.0,4.0,4.0,5.0,0.0,0.0,0.0,3.0,0.0,0.0,0.0,0.0,0.0,0.0,0.0,0.0,0.0,1.0,0.0,1.0,0.0,1.0,0.0,0.0,0.0,0.0,0.0,1.0,0.0,0.0
07-07-2025 07:00,3.0,3.0,3.0,3.0,3.0,3.0,4.0,5.0,0.0,1.0,0.0,1.0,0.0,0.0,0.0,1.0,,,0.0,1.0,0.0,0.0,,,0.0,0.0,0.0,0.0,0.0,0.0,0.0,0.0,0.0,1.0
07-07-2025 08:00,4.0,5.0,12.0,15.0,3.0,3.5,15.0,19.0,0.0,0.0,0.0,1.0,0.0,0.0,0.0,0.0,0.0,0.0,0.0,0.5,0.0,0.0,1.0,5.0,0.0,1.0,0.0,1.0,0.0,1.0,0.0,0.0,0.0,1.0
07-07-2025 09:00,3.0,3.0,3.0,3.0,3.0,3.0,4.0,5.0,0.0,0.0,3.0,21.0,0.0,0.0,0.0,0.0,0.0,0.0,0.0,0.0,0.0,0.0,1.0,1.0,0.0,1.0,0.0,0.0,0.0,0.0,0.0,0.0,0.0,1.0
07-07-2025 10:00,4.0,5.0,3.0,3.0,3.0,3.0,4.0,5.0,0.0,0.0,0.0,1.0,0.0,0.0,0.0,0.0,0.0,0.0,0.0,0.0,0.0,1.0,0.0,1.0,1.0,1.0,0.0,0.0,0.0,0.0,,,0.0,0.0
07-07-2025 11:00,3.0,3.0,,,4.0,5.0,4.0,5.0,0.0,1.0,0.0,1.0,0.0,0.0,0.0,0.0,0.0,0.0,0.0,0.0,0.0,0.0,0.0,0.0,0.0,0.0,0.0,1.0,0.0,0.0,0.0,0.0,0.0,0.0
07-07-2025 12:00,5.0,6.0,3.0,3.0,3.0,3.0,,,0.0,1.0,0.0,0.0,0.0,1.0,0.0,0.0,0.0,0.0,0.0,0.0,,,0.0,0.0,0.0,0.0,0.0,1.0,0.0,0.0,0.0,1.0,0.0,0.0
07-07-2025 13:00,3.0,3.0,,,3.0,3.0,,,,,,,1.0,7.0,0.0,1.0,0.0,0.0,0.0,1.0,,,1.0,3.0,0.0,0.0,0.0,1.0,,,0.0,1.0,0.0,9.0
07-07-2025 14:00,13.0,16.0,,,7.0,9.0,,,0.0,1.0,,,0.0,1.0,0.0,0.0,0.0,0.0,0.0,0.0,,,2.0,5.0,0.0,0.0,,,,,0.0,1.0,4.0,16.0
07-07-2025 15:00,3.0,3.0,,,6.0,7.0,,,0.0,0.0,,,0.0,1.0,0.0,1.0,0.0,0.0,0.0,0.0,,,47.0,86.0,0.0,0.0,0.0,0.0,,,0.0,0.0,0.0,0.0
07-07-2025 16:00,6.0,7.0,,,4.0,5.0,,,0.0,1.0,,,16.0,28.0,0.0,0.0,0.0,0.0,0.0,1.0,,,52.0,105.0,0.0,0.0,0.0,0.0,,,0.0,0.0,0.0,7.0
07-07-2025 17:00,3.0,3.0,,,3.0,3.0,,,0.0,1.0,,,9.0,33.0,,,0.0,0.0,0.0,1.0,,,26.0,62.0,0.0,1.0,0.0,0.0,,,,,24.0,78.0
07-07-2025 18:00,3.0,3.0,,,3.0,3.0,,,0.0,0.0,,,,,0.0,0.0,0.0,0.0,0.0,0.0,,,26.0,41.0,0.0,0.0,0.0,0.0,,,7.5,12.5,1.0,6.0
07-07-2025 19:00,,,,,3.0,4.0,,,0.0,1.0,,,0.0,0.0,0.0,0.0,0.0,0.0,0.0,0.0,,,0.0,2.0,0.0,0.0,0.0,0.0,,,0.0,0.0,0.0,1.0
07-07-2025 20:00,3.0,3.0,,,3.0,3.0,,,0.0,1.0,,,0.0,0.0,0.0,0.0,0.0,0.0,0.0,0.0,,,6.0,16.0,0.0,1.0,0.0,0.0,,,0.0,0.0,0.0,1.0
07-07-2025 21:00,3.0,3.0,,,3.0,3.0,,,0.0,0.0,,,0.0,0.0,0.0,0.0,0.0,0.0,0.0,0.0,,,0.0,1.0,0.0,0.0,0.0,0.0,,,0.0,0.0,0.0,0.0
07-07-2025 22:00,3.0,3.0,,,4.0,4.0,,,0.0,0.0,,,0.0,0.0,0.0,0.0,0.0,1.0,0.0,0.0,,,0.0,1.0,0.0,0.0,0.0,1.0,,,0.0,0.0,0.0,0.0
07-07-2025 23:00,4.0,5.0,,,4.0,5.0,,,0.0,0.0,,,0.0,0.0,0.0,0.0,0.0,0.0,0.0,0.0,,,0.0,1.0,0.0,0.0,0.0,0.0,,,0.0,0.0,0.0,0.0
07-08-2025 00:00,3.0,3.0,4.75,5.416667,,,,,0.0,0.0,,,,,0.0,0.0,0.0,0.0,0.0,0.0,,,0.0,0.0,0.0,0.0,0.0,0.0,,,0.0,0.0,0.0,0.0
07-08-2025 01:00,3.0,3.0,3.0,3.0,4.0,5.0,,,0.0,0.0,,,0.0,0.0,0.0,0.0,0.0,0.0,0.0,0.0,,,0.0,0.0,0.0,0.0,0.0,0.0,,,0.0,0.0,0.0,0.0
07-08-2025 02:00,3.0,3.0,3.0,3.0,4.0,5.0,,,0.0,0.0,,,0.0,0.0,0.0,0.0,0.0,0.0,,,,,0.0,1.0,,,0.0,0.0,,,0.0,0.0,0.0,0.0
07-08-2025 03:00,3.0,3.0,6.0,7.0,3.0,3.0,,,0.0,0.0,,,0.0,0.0,0.0,0.0,0.0,0.0,0.0,0.0,,,0.0,0.0,0.0,0.0,0.0,0.0,,,0.0,0.0,0.0,0.0
07-08-2025 04:00,3.0,3.0,3.0,3.0,4.0,5.0,,,0.0,0.0,,,0.0,0.0,0.0,0.0,0.0,0.0,0.0,0.0,,,0.0,1.0,0.0,0.0,0.0,0.0,,,0.0,0.0,0.0,0.0
07-08-2025 05:00,4.0,5.0,14.0,18.0,4.0,5.0,,,0.0,0.0,,,0.0,0.0,0.0,0.0,0.0,0.0,0.0,0.0,,,0.0,0.0,0.0,0.0,0.0,0.0,,,0.0,0.0,0.0,0.0
07-08-2025 06:00,3.0,3.0,,,3.0,3.0,,,0.0,0.0,,,0.0,0.0,0.0,0.0,0.0,0.0,0.0,0.0,,,0.0,1.0,0.0,0.0,0.0,0.0,,,0.0,0.0,0.0,0.0
07-08-2025 07:00,3.0,3.0,3.0,3.0,4.0,5.0,,,0.0,0.0,,,0.0,0.0,0.0,0.0,0.0,0.0,0.0,0.0,,,0.0,2.0,0.0,0.0,0.0,0.0,,,0.0,0.0,0.0,0.0
07-08-2025 08:00,3.0,3.0,3.0,3.0,3.0,3.0,,,0.0,1.0,,,0.0,0.0,0.0,0.0,0.0,0.0,0.0,0.0,,,1.0,1.0,0.0,0.0,0.0,0.0,,,0.0,0.0,0.0,0.0
07-08-2025 09:00,3.0,3.0,,,4.0,5.0,,,0.0,0.0,,,0.0,0.0,0.0,0.0,0.0,0.0,0.0,0.0,,,0.0,2.0,0.0,0.0,,,,,0.0,0.0,0.0,0.0
07-08-2025 10:00,3.0,3.0,3.0,3.0,4.0,5.0,,,0.0,1.0,,,0.0,0.0,0.0,0.0,0.0,0.0,0.0,0.0,,,0.0,1.0,0.0,0.0,0.0,0.0,,,0.0,0.0,0.0,1.0
07-08-2025 11:00,15.0,19.0,3.0,3.0,3.0,3.0,,,0.0,0.0,,,0.0,0.0,0.0,0.0,0.0,0.0,0.0,0.0,,,0.0,1.0,0.0,0.0,0.0,1.0,,,0.0,0.0,0.0,0.0
07-08-2025 12:00,3.0,3.0,,,3.0,3.0,,,0.0,1.0,,,0.0,0.0,0.0,0.0,0.0,0.0,0.0,0.0,,,1.0,5.0,0.0,0.0,0.0,0.0,,,0.0,0.0,0.0,0.0
07-08-2025 13:00,3.0,3.0,,,4.0,5.0,,,0.0,1.0,,,0.0,0.0,0.0,0.0,0.0,3.0,0.0,0.0,,,38.0,57.0,0.0,0.0,0.0,1.0,,,0.0,0.0,0.0,0.0
07-08-2025 14:00,3.0,3.0,6.0,7.0,4.0,5.0,,,3.0,10.0,,,0.0,0.0,0.0,0.0,0.0,0.0,0.0,0.0,,,,,1.0,1.0,0.0,0.0,,,0.0,1.0,0.0,0.0
07-08-2025 15:00,3.0,3.0,,,3.0,3.0,,,0.0,1.0,,,0.0,0.0,0.0,0.0,0.0,1.0,0.0,0.0,,,1.0,1.0,0.0,0.0,4.0,7.0,,,13.0,24.0,0.0,0.0
07-08-2025 16:00,3.0,3.0,5.0,5.5,3.0,3.0,,,0.0,3.0,,,0.0,0.0,0.0,0.0,0.0,1.0,0.0,0.0,,,3.0,3.0,0.0,0.0,0.0,0.0,,,0.0,0.0,0.0,0.0
07-08-2025 17:00,9.0,11.0,,,3.0,3.0,,,0.0,1.0,,,0.0,0.0,,,0.0,1.0,0.0,1.0,,,39.0,62.0,0.0,0.0,0.0,0.0,,,0.0,0.0,0.0,0.0
07-08-2025 18:00,3.0,3.0,,,4.0,5.0,,,,,,,0.0,0.0,,,0.0,1.0,1.0,1.0,,,1.0,1.0,0.0,0.0,0.0,1.0,,,0.0,1.0,0.0,0.0
07-08-2025 19:00,3.0,4.0,,,3.0,3.0,7.0625,8.9375,0.0,1.0,,,0.0,0.0,,,0.0,1.0,3.0,3.0,,,59.0,97.0,0.0,1.0,0.0,0.0,,,0.0,0.0,0.0,0.0
07-08-2025 20:00,3.0,3.0,,,3.0,3.0,4.0,5.0,0.0,0.0,,,0.0,0.0,,,9.0,13.0,0.0,1.0,1.21875,2.59375,1.0,1.0,0.0,0.0,0.0,0.0,,,0.0,1.0,0.0,0.0
07-08-2025 21:00,4.0,5.0,4.4,5.2,3.0,3.0,4.0,5.0,0.0,0.0,0.3125,2.84375,0.0,0.0,0.0,0.0,0.0,1.0,0.0,0.0,0.0,0.0,0.0,1.0,0.0,0.0,0.0,0.0,0.03125,0.3125,0.0,0.0,0.0,0.0
07-08-2025 22:00,,,3.0,3.0,4.0,5.0,4.0,5.0,0.0,1.0,0.0,6.0,0.0,0.0,0.0,0.0,1.0,3.0,0.0,0.0,0.0,0.0,1.0,1.0,0.0,0.0,0.0,0.0,0.0,0.0,0.0,0.0,0.0,0.0
07-08-2025 23:00,3.0,3.0,6.0,7.0,3.0,3.0,4.0,5.0,0.0,0.0,0.0,1.0,0.0,0.0,0.0,0.0,0.0,1.0,0.0,0.0,0.0,0.0,0.0,1.0,0.0,0.0,0.0,0.0,0.0,0.0,0.0,0.0,0.0,0.0
07-09-2025 00:00,3.0,3.0,3.0,3.0,4.0,5.0,4.0,5.0,0.0,0.0,0.0,1.0,0.0,0.0,0.0,0.0,0.0,0.0,0.0,0.0,0.0,0.0,1.0,2.0,0.0,0.0,0.0,0.0,0.0,0.0,0.0,0.0,0.0,0.0
07-09-2025 01:00,3.0,3.0,8.0,10.0,3.0,3.0,4.0,5.0,0.0,0.0,0.0,0.0,0.0,0.0,0.0,0.0,0.0,0.0,0.0,0.0,0.0,0.0,0.0,1.0,0.0,0.0,0.0,0.0,0.0,0.0,0.0,0.0,0.0,0.0
07-09-2025 02:00,4.0,5.0,3.0,3.0,3.0,3.0,4.0,5.0,0.0,0.0,0.0,0.0,0.0,0.0,0.0,0.0,0.0,0.0,0.0,0.0,0.0,0.0,0.0,2.0,0.0,0.0,0.0,0.0,0.0,0.0,0.0,0.0,0.0,0.0
07-09-2025 03:00,3.0,3.0,3.0,3.0,3.0,3.0,4.0,5.0,0.0,0.0,0.0,0.0,0.0,0.0,0.0,0.0,0.0,0.0,0.0,0.0,0.0,0.0,0.0,1.0,,,0.0,0.0,0.0,0.0,,,0.0,0.0
07-09-2025 04:00,3.0,3.0,3.0,3.0,3.0,3.0,4.0,5.0,0.0,0.0,0.0,1.0,0.0,0.0,0.0,0.0,0.0,0.0,0.0,0.0,0.0,0.0,0.0,0.0,0.0,0.0,,,0.0,0.0,0.0,0.0,0.0,0.0
07-09-2025 05:00,3.0,3.0,4.0,5.0,3.0,3.0,4.0,5.0,0.0,0.0,0.0,0.0,0.0,0.0,0.0,0.0,0.0,0.0,0.0,0.0,0.0,0.0,4.0,5.0,0.0,0.0,0.0,0.0,0.0,0.0,0.0,0.0,0.0,0.0
07-09-2025 06:00,3.0,4.0,3.0,3.0,4.0,5.0,4.0,5.0,0.0,0.0,0.0,1.0,0.0,0.0,0.0,0.0,0.0,0.0,0.0,0.0,0.0,0.0,0.0,1.0,0.0,0.0,0.0,0.0,0.0,0.0,0.0,0.0,0.0,0.0
07-09-2025 07:00,3.0,3.0,3.0,3.0,3.0,3.0,4.0,5.0,0.0,0.0,0.0,0.0,0.0,0.0,0.0,0.0,0.0,0.0,0.0,0.0,0.0,0.0,0.0,2.0,0.0,0.0,0.0,0.0,0.0,0.0,0.0,0.0,,
07-09-2025 08:00,3.0,3.0,3.0,3.0,3.0,3.0,4.0,5.0,0.0,0.0,0.0,1.0,0.0,0.0,0.0,0.0,0.0,0.0,0.0,0.0,1.0,3.0,2.0,14.0,0.0,0.0,0.0,0.0,0.0,0.0,0.0,1.0,0.0,0.0
07-09-2025 09:00,3.0,3.0,10.0,13.0,4.0,5.0,4.0,5.0,0.0,0.0,0.0,0.0,0.0,0.0,,,0.0,0.0,0.0,0.0,0.0,1.0,20.0,40.0,0.0,0.0,0.0,0.0,0.0,0.0,0.0,0.0,0.0,0.0
07-09-2025 10:00,3.0,3.0,3.0,3.0,3.0,3.0,4.0,5.0,0.0,0.0,0.0,1.0,0.0,0.0,0.0,0.0,0.0,0.0,0.0,0.0,12.0,21.0,3.0,15.0,0.0,0.0,0.0,1.0,1.0,3.0,0.0,1.0,0.0,0.0
07-09-2025 11:00,3.0,3.0,11.0,14.0,4.0,5.0,4.0,5.0,1.0,15.0,0.0,1.0,0.0,0.0,0.0,4.0,0.0,0.0,0.0,0.0,0.0,0.0,44.0,76.0,0.0,0.0,0.0,0.0,0.0,1.0,0.0,0.0,0.0,1.0
07-09-2025 12:00,18.0,24.0,3.0,3.0,3.0,3.0,4.0,5.0,0.0,0.0,0.0,2.0,4.0,9.0,0.0,0.0,0.0,0.0,0.0,0.0,1.0,3.0,4.0,10.0,0.0,1.0,0.0,1.0,1.0,3.0,0.0,0.0,0.0,0.0
07-09-2025 13:00,3.0,3.0,6.0,7.0,3.0,4.0,4.0,5.0,0.0,0.0,0.0,1.0,30.0,60.0,9.0,27.0,0.0,1.0,0.0,0.0,0.0,0.0,10.0,24.0,0.0,0.0,1.0,1.0,1.0,1.0,0.0,1.0,1.0,12.0
07-09-2025 14:00,3.0,3.0,3.0,3.0,3.0,3.0,4.0,5.0,0.0,1.0,0.0,1.0,0.0,1.0,0.0,1.0,0.0,0.0,0.0,0.0,1.0,1.0,3.0,4.0,0.0,0.0,0.0,1.0,0.0,0.0,6.0,24.0,0.0,10.0
07-09-2025 15:00,3.0,3.0,,,3.0,3.0,,,0.0,1.0,,,0.0,0.0,0.0,1.0,0.0,1.0,0.0,0.0,,,92.0,144.0,0.0,0.0,0.0,1.0,,,3.0,7.0,0.0,0.0
07-09-2025 16:00,3.0,3.0,,,,,,,0.0,0.0,,,0.0,1.0,0.0,6.0,0.0,1.0,0.0,0.0,,,0.0,1.0,0.0,0.0,0.0,0.0,,,0.0,0.0,0.0,0.0
07-09-2025 17:00,3.0,3.0,6.0,6.666667,3.0,3.0,,,0.0,0.0,0.0,4.0,0.0,0.0,0.0,0.0,0.0,1.0,0.0,0.0,0.5,1.5,0.0,1.0,0.0,0.0,0.0,0.0,0.0,0.333333,0.0,1.0,0.0,0.0
07-09-2025 18:00,3.0,3.0,3.0,3.0,,,4.0,5.0,0.0,0.0,,,0.0,0.0,0.0,0.0,0.0,0.0,0.0,0.0,0.0,0.0,0.0,1.0,0.0,0.0,0.0,0.0,0.0,0.0,0.0,0.0,0.0,0.0
07-09-2025 19:00,3.0,3.0,3.0,3.0,3.0,4.0,4.0,5.0,0.0,1.0,0.0,1.0,0.0,0.0,0.0,0.0,0.0,0.0,0.0,0.0,1.0,1.0,6.0,17.0,0.0,0.0,1.0,1.0,0.0,0.0,0.0,0.0,0.0,0.0
07-09-2025 20:00,7.0,9.0,,,3.0,3.0,4.0,5.0,0.0,1.0,0.0,0.0,0.0,0.0,0.0,1.0,0.0,0.0,0.0,0.0,0.0,0.0,0.0,0.0,0.0,1.0,0.0,0.0,4.0,9.0,0.0,0.0,0.0,0.0
07-09-2025 21:00,3.0,3.0,3.0,3.0,4.0,5.0,4.0,4.0,0.0,0.0,0.0,0.0,0.0,0.0,0.0,0.0,0.0,1.0,0.0,0.0,1.0,1.0,0.0,1.0,1.0,1.0,0.0,0.0,,,0.0,0.0,0.0,0.0
07-09-2025 22:00,3.0,3.0,3.0,3.0,3.0,3.0,6.0,7.0,,,0.0,0.0,0.0,0.0,0.0,0.0,0.0,0.0,0.0,0.0,0.0,0.0,0.0,0.0,0.0,0.0,0.0,0.0,0.0,0.0,0.0,0.0,0.0,0.0
07-09-2025 23:00,3.0,3.0,3.0,3.0,3.0,3.0,4.0,5.0,0.0,0.0,0.0,7.0,0.0,0.0,0.0,0.0,0.0,0.0,0.0,0.0,0.0,0.0,,,0.0,0.0,,,0.0,0.0,0.0,0.0,0.0,0.0
07-10-2025 00:00,,,19.0,23.0,3.0,3.0,4.0,5.0,0.0,0.0,0.0,1.0,0.0,0.0,0.0,0.0,0.0,0.0,0.0,0.0,0.0,0.0,0.0,1.0,0.0,0.0,0.0,0.0,0.0,0.0,0.0,0.0,0.0,0.0
07-10-2025 01:00,5.0,6.0,3.0,3.0,4.0,5.0,4.0,5.0,0.0,0.0,0.0,1.0,0.0,0.0,0.0,0.0,0.0,0.0,0.0,0.0,0.0,0.0,0.0,0.0,0.0,0.0,0.0,0.0,0.0,0.0,0.0,0.0,0.0,0.0
07-10-2025 02:00,3.0,3.0,10.0,13.0,3.0,3.0,4.0,5.0,0.0,0.0,0.0,1.0,0.0,0.0,0.0,0.0,0.0,1.0,,,0.0,0.0,2.0,5.0,0.0,0.0,0.0,0.0,0.0,0.0,0.0,0.0,0.0,0.0
07-10-2025 03:00,9.0,11.0,3.0,3.0,3.0,3.0,4.0,5.0,0.0,0.0,0.0,1.0,0.0,0.0,0.0,1.0,0.0,0.0,0.0,0.0,0.0,0.0,0.0,1.0,0.0,0.0,0.0,0.0,0.0,0.0,0.0,0.0,0.0,0.0
07-10-2025 04:00,3.0,3.0,5.0,6.0,3.0,3.0,,,0.0,0.0,0.0,1.0,0.0,1.0,0.0,1.0,0.0,1.0,0.0,1.0,0.0,0.0,1.0,2.0,,,0.0,0.0,0.0,1.0,,,0.0,1.0
07-10-2025 05:00,14.0,18.0,3.0,3.0,3.0,3.0,,,0.0,1.0,,,1.0,6.0,0.0,4.0,0.0,3.0,0.0,1.0,,,4.0,7.0,0.0,1.0,1.0,1.0,,,0.0,0.5,0.0,1.0
07-10-2025 06:00,3.0,3.0,5.0,6.0,3.0,3.0,,,,,,,0.0,0.0,0.0,1.0,0.0,0.0,1.0,3.0,,,1.0,1.0,0.0,1.0,0.0,0.0,,,0.0,0.0,0.0,0.0
07-10-2025 07:00,6.0,8.0,3.0,3.0,3.0,3.0,,,0.0,0.0,0.333333,4.333333,0.0,0.0,0.0,1.0,0.0,1.0,0.0,0.0,0.0,0.666667,2.0,2.0,0.0,1.0,0.0,1.0,3.333333,5.0,0.0,0.0,0.0,0.0
07-10-2025 08:00,3.0,3.0,13.0,16.0,3.0,3.0,6.0,7.25,0.0,1.0,0.0,1.0,0.0,1.0,0.0,0.0,19.0,22.0,0.0,1.0,0.0,0.0,2.0,4.0,0.0,1.0,0.0,1.0,1.0,1.0,0.0,0.0,0.0,1.0
07-10-2025 09:00,6.0,7.0,3.0,3.0,4.0,5.0,5.0,6.0,0.0,1.0,0.0,1.0,0.0,0.0,0.0,1.0,0.0,1.0,1.0,1.0,0.0,0.0,1.0,1.0,0.0,0.0,0.0,0.0,1.0,1.0,,,0.0,1.0
07-10-2025 10:00,3.0,3.0,3.0,3.0,3.0,3.0,,,3.0,9.0,,,0.0,1.0,0.0,0.0,0.0,1.0,0.0,1.0,,,1.0,1.0,0.0,1.0,0.0,0.0,,,,,0.0,1.0
07-10-2025 11:00,4.0,5.0,3.0,3.0,3.0,3.0,,,0.0,0.0,,,0.0,0.0,1.0,3.0,0.0,1.0,3.0,3.0,,,1.0,4.0,0.0,1.0,0.0,1.0,,,,,0.0,1.0
07-10-2025 12:00,3.0,3.0,,,3.0,3.0,,,0.0,1.0,,,0.0,0.0,0.0,1.0,0.0,0.0,3.0,3.0,,,4.0,6.0,0.0,1.0,0.0,1.0,,,,,0.0,1.0
07-10-2025 13:00,4.0,5.0,3.5,3.5,3.0,3.0,,,,,,,0.0,1.0,0.0,3.0,0.0,1.0,1.0,3.0,,,1.0,1.0,0.0,0.0,0.0,1.0,,,,,0.0,1.0
07-10-2025 14:00,3.0,3.0,5.0,6.0,3.0,3.0,,,0.0,0.0,,,0.0,0.0,0.0,1.0,0.0,0.0,0.0,1.0,,,1.0,1.0,0.0,1.0,0.0,1.0,,,,,0.0,1.0
07-10-2025 15:00,6.0,7.0,3.0,3.0,3.0,3.0,,,0.0,0.0,,,0.0,3.0,0.0,1.0,,,0.0,1.0,,,1.0,1.0,0.0,1.0,0.0,0.0,,,,,0.0,1.0
07-10-2025 16:00,3.0,3.0,9.0,11.0,3.0,3.0,,,,,,,0.0,1.0,0.0,0.0,0.0,0.0,0.0,1.0,,,2.0,2.0,0.0,0.0,,,,,,,0.0,0.0
07-10-2025 17:00,5.0,6.0,,,4.0,5.0,,,0.0,0.5,,,0.0,1.0,0.0,0.0,0.0,0.0,0.0,1.0,,,2.0,2.0,0.0,1.0,0.0,0.0,,,,,0.0,0.0
07-10-2025 18:00,3.0,3.0,5.5,6.5,3.0,3.0,,,0.0,0.0,,,0.0,0.0,0.0,0.0,0.0,0.0,0.0,0.0,,,0.0,2.0,0.0,1.0,0.0,1.0,,,,,0.0,0.0
07-10-2025 19:00,7.0,9.0,3.0,3.0,3.0,3.0,,,0.0,0.0,,,0.0,1.0,0.0,0.0,0.0,1.0,0.0,1.0,,,2.0,2.0,0.0,1.0,0.0,1.0,,,,,0.0,0.0
07-10-2025 20:00,3.0,3.0,12.0,15.0,4.0,5.0,,,0.0,1.0,,,0.0,1.0,0.0,1.0,0.0,9.0,0.0,1.0,,,2.0,4.0,0.0,0.0,0.0,1.0,,,,,0.0,0.0
07-10-2025 21:00,7.0,8.0,3.0,3.0,3.0,3.0,,,0.0,1.0,,,0.0,1.0,0.0,4.0,0.0,0.0,0.0,1.0,,,4.0,5.0,0.0,1.0,0.0,1.0,,,0.0,0.5,0.0,1.0
07-10-2025 22:00,3.0,3.0,8.0,10.0,3.0,3.0,,,0.0,1.0,0.384615,2.230769,,,0.0,1.0,0.0,0.0,3.0,4.0,0.153846,0.615385,6.0,6.0,0.0,0.0,0.0,1.0,0.923077,2.923077,0.0,0.0,0.0,1.0
07-10-2025 23:00,12.0,15.0,3.0,3.0,4.0,5.0,,,,,1.0,3.0,0.0,1.0,4.0,4.0,0.0,1.0,1.0,3.0,1.0,1.0,4.0,9.0,0.0,1.0,3.0,4.0,6.0,7.0,0.0,1.0,0.0,1.0
07-11-2025 00:00,3.0,3.0,15.0,19.0,3.0,3.0,,,0.0,3.0,1.0,1.0,1.0,3.0,,,1.0,1.0,3.0,3.0,0.0,7.0,4.0,9.0,0.0,3.0,0.0,1.0,4.0,6.0,0.0,1.0,0.0,1.0
07-11-2025 01:00,9.0,12.0,3.0,3.0,4.0,4.0,5.625,6.875,0.0,1.0,0.0,4.0,0.0,3.0,0.0,1.0,0.0,0.0,1.0,1.0,0.0,0.0,8.0,14.0,0.0,1.0,0.0,1.0,9.0,13.0,0.0,1.0,0.0,1.0
07-11-2025 02:00,,,23.0,29.0,3.0,4.0,8.0,9.0,0.0,1.0,0.0,4.0,0.0,1.0,0.0,1.0,0.0,0.0,0.0,1.0,1.0,4.0,5.0,5.0,0.0,1.0,0.0,0.0,3.0,6.0,0.0,0.0,0.0,1.0
07-11-2025 03:00,3.0,3.0,3.0,3.0,3.0,3.0,6.0,7.0,0.0,1.0,1.0,1.0,0.0,1.0,0.0,1.0,0.0,0.0,0.0,1.0,0.0,3.0,1.0,2.0,0.0,1.0,0.0,1.0,,,0.0,1.0,0.0,1.0
07-11-2025 04:00,7.0,8.0,24.0,30.0,3.0,3.0,5.0,6.0,0.0,1.0,0.0,1.0,0.0,1.0,0.0,6.0,0.0,1.0,1.0,1.0,0.0,1.0,0.0,1.0,,,0.0,1.0,4.0,6.0,0.0,1.0,0.0,0.0
07-11-2025 05:00,3.0,3.0,3.0,3.0,10.0,12.0,8.0,10.0,0.0,7.0,0.0,7.0,0.0,1.0,1.0,3.0,0.0,1.0,0.0,1.0,0.0,0.0,1.0,1.0,0.0,1.0,0.0,4.0,0.0,0.0,0.0,1.0,0.0,1.0
07-11-2025 06:00,5.0,6.0,3.0,3.0,,,7.0,9.0,0.0,1.0,0.0,4.0,0.0,1.0,0.0,12.0,0.0,1.0,0.0,0.0,0.0,0.0,,,0.0,1.0,0.0,0.0,0.0,0.0,0.0,1.0,0.0,0.0
07-11-2025 07:00,3.0,3.0,3.0,3.0,6.0,7.0,4.0,5.0,0.0,1.0,,,0.0,1.0,0.0,0.0,0.0,0.0,1.0,1.0,0.0,0.0,0.0,1.0,0.0,0.0,0.0,1.0,0.0,0.0,0.0,0.0,0.0,0.0
07-11-2025 08:00,3.0,3.0,7.0,9.0,3.0,3.0,6.0,7.0,0.0,0.0,0.0,1.0,0.0,0.0,0.0,1.0,0.0,0.0,0.0,0.0,0.0,0.0,0.0,1.0,0.0,1.0,0.0,0.0,0.0,0.0,0.0,0.0,0.0,0.0
07-11-2025 09:00,3.0,3.0,3.0,3.0,3.0,4.0,4.0,5.0,0.0,1.0,0.0,1.0,0.0,1.0,0.0,0.0,0.0,0.0,0.0,0.0,0.0,0.0,0.0,1.0,0.0,3.0,0.0,1.0,0.0,1.0,0.0,1.0,0.0,0.0
07-11-2025 10:00,9.0,11.0,5.0,6.0,3.0,3.0,8.0,9.0,0.0,0.0,0.0,10.0,0.0,0.0,0.0,0.0,0.0,0.0,0.0,0.0,0.0,0.0,1.0,1.0,0.0,1.0,,,0.0,1.0,0.0,1.0,0.0,0.0
07-11-2025 11:00,3.0,3.0,3.0,3.0,3.0,3.0,4.0,5.0,0.0,1.0,0.0,2.0,0.0,1.0,0.0,0.0,0.0,0.0,0.0,0.0,0.0,0.0,0.0,4.0,0.0,1.0,0.0,0.0,0.0,0.0,0.0,4.0,0.0,1.0
07-11-2025 12:00,3.0,4.0,3.0,3.0,3.0,3.0,4.0,5.0,0.0,0.0,0.0,1.0,0.0,0.0,0.0,1.0,0.0,0.0,0.0,0.0,0.0,0.0,0.0,0.0,0.0,0.0,1.0,1.0,0.0,0.0,0.0,0.0,0.0,1.0
07-11-2025 13:00,3.0,3.0,3.0,3.0,3.0,3.0,4.0,5.0,0.0,0.0,4.0,7.0,0.0,0.0,0.0,6.0,0.0,0.0,0.0,0.0,0.0,0.0,9.0,10.0,0.0,0.0,1.0,4.0,0.0,0.0,0.0,1.0,0.0,0.0
07-11-2025 14:00,4.0,5.0,3.0,3.0,3.0,3.0,,,0.0,0.0,,,0.0,0.0,0.0,0.0,0.0,0.0,0.0,1.0,,,1.0,1.0,0.0,0.0,0.0,1.0,,,,,0.0,3.0
07-11-2025 15:00,3.0,3.0,,,3.0,3.0,,,0.0,0.0,,,0.0,1.0,0.0,6.0,0.0,1.0,0.0,0.0,,,3.0,3.0,0.0,0.0,0.0,1.0,,,,,,
07-11-2025 16:00,3.0,3.0,,,3.0,4.0,,,0.0,0.0,,,1.0,1.0,0.0,1.0,0.0,0.0,0.0,0.0,,,2.0,2.0,0.0,0.0,9.0,13.0,,,,,0.0,1.0
07-11-2025 17:00,3.0,3.0,,,3.0,3.0,,,0.0,0.0,,,0.0,1.0,0.0,1.0,0.0,1.0,,,,,0.0,1.0,0.0,1.0,0.0,7.0,,,1.5,4.25,1.0,10.0
07-11-2025 18:00,8.0,10.0,,,4.0,5.0,,,0.0,1.0,,,0.0,1.0,0.0,0.0,0.0,1.0,0.0,0.5,,,5.0,5.0,0.0,1.0,0.0,1.0,,,,,1.0,1.0
07-11-2025 19:00,3.0,3.0,,,3.0,3.0,,,0.0,1.0,,,0.0,0.0,0.0,0.0,0.0,0.0,,,,,2.0,2.0,0.0,0.0,0.0,1.0,,,0.0,1.0,1.0,3.0
07-11-2025 20:00,3.0,4.0,,,4.0,5.0,,,0.0,0.0,,,0.0,0.0,0.0,0.0,1.0,1.0,0.0,0.0,,,1.0,1.0,0.0,0.0,0.0,1.0,,,,,0.0,0.0
07-11-2025 21:00,3.0,3.0,,,4.0,5.0,,,0.0,1.0,,,0.0,0.0,0.0,0.0,0.0,1.0,0.0,0.0,,,2.0,2.0,0.0,0.0,0.0,0.0,,,,,0.0,1.0
07-11-2025 22:00,3.0,3.0,5.285714,6.142857,3.0,3.0,,,0.0,1.0,,,0.0,0.0,0.0,1.0,0.0,0.0,0.0,1.0,,,0.0,2.0,0.0,0.0,0.0,0.0,,,,,0.0,0.0
07-11-2025 23:00,3.0,3.0,3.0,3.0,3.0,3.0,,,,,,,0.0,0.0,0.0,0.0,0.0,0.0,,,,,0.0,2.0,0.0,0.0,0.0,0.0,,,,,0.0,1.0
07-12-2025 00:00,3.0,3.0,3.0,3.0,3.0,3.0,,,0.0,0.0,,,0.0,0.0,0.0,0.0,0.0,0.0,0.0,0.0,,,0.0,4.0,0.0,0.0,0.0,0.0,,,,,0.0,1.0
07-12-2025 01:00,3.0,3.0,3.0,3.0,4.0,5.0,,,0.0,0.0,,,0.0,0.0,0.0,0.0,0.0,0.0,0.0,1.0,,,0.0,0.0,0.0,0.0,0.0,0.0,,,0.0,0.285714,0.0,0.0
07-12-2025 02:00,3.0,4.0,3.0,3.0,4.0,5.0,,,,,0.153846,2.769231,0.0,0.0,0.0,0.0,0.0,0.0,0.0,0.0,,,0.0,1.0,0.0,0.0,0.0,0.0,0.307692,2.0,0.0,0.0,0.0,0.0
07-12-2025 03:00,3.0,3.0,8.0,10.0,4.0,5.0,,,0.0,0.0,0.0,0.0,0.0,0.0,0.0,0.0,0.0,0.0,0.0,0.0,0.0,0.0,0.0,0.0,0.0,0.0,0.0,0.0,0.0,0.0,0.0,0.0,0.0,0.0
07-12-2025 04:00,,,3.0,3.0,4.0,5.0,,,0.0,0.0,0.0,1.0,0.0,0.0,0.0,0.0,0.0,0.0,0.0,0.0,0.0,0.0,1.0,2.0,0.0,0.0,0.0,0.0,0.0,0.0,0.0,0.0,0.0,0.0
07-12-2025 05:00,3.0,3.0,8.0,9.0,3.0,3.0,5.0625,6.3125,0.0,0.0,2.0,2.0,0.0,0.0,0.0,0.0,0.0,0.0,0.0,0.0,0.0,0.0,1.0,2.0,,,,,0.0,0.0,0.0,0.0,0.0,0.0
07-12-2025 06:00,3.0,3.0,3.0,3.0,3.0,3.0,4.0,4.0,0.0,0.0,0.0,0.0,0.0,0.0,0.0,0.0,0.0,0.0,0.0,0.0,0.0,0.0,0.0,0.0,0.0,0.0,0.0,0.0,0.0,0.0,0.0,0.0,0.0,0.0
07-12-2025 07:00,3.0,3.0,4.0,5.0,4.0,5.0,4.0,5.0,0.0,0.0,0.0,0.0,0.0,0.0,0.0,0.0,0.0,0.0,0.0,0.0,0.0,0.0,0.0,0.0,0.0,0.0,0.0,0.0,0.0,0.0,0.0,0.0,0.0,0.0
07-12-2025 08:00,3.0,3.0,3.0,3.0,3.0,3.0,4.0,5.0,0.0,0.0,0.0,0.0,0.0,0.0,0.0,0.0,0.0,0.0,0.0,0.0,0.0,0.0,0.0,0.0,0.0,0.0,0.0,0.0,0.0,0.0,0.0,1.0,0.0,0.0
07-12-2025 09:00,3.0,3.0,3.0,3.0,3.0,3.0,4.0,5.0,0.0,0.0,0.0,0.0,0.0,0.0,0.0,0.0,0.0,0.0,0.0,0.0,0.0,0.0,0.0,0.0,0.0,0.0,0.0,0.0,0.0,0.0,0.0,0.0,0.0,0.0
07-12-2025 10:00,3.0,3.0,3.0,3.0,3.0,3.0,4.0,5.0,0.0,0.0,0.0,0.0,0.0,0.0,0.0,0.0,0.0,0.0,0.0,1.0,0.0,0.0,0.0,0.0,0.0,0.0,0.0,0.0,0.0,0.0,0.0,0.0,0.0,0.0
07-12-2025 11:00,3.0,3.0,3.0,4.0,3.0,3.0,4.0,5.0,0.0,1.0,0.0,0.0,0.0,0.0,0.0,0.0,0.0,0.0,0.0,0.0,0.0,0.0,0.0,0.0,0.0,0.0,0.0,0.0,0.0,0.0,0.0,0.0,0.0,0.0
07-12-2025 12:00,3.0,3.0,,,3.0,3.0,,,0.0,0.0,,,0.0,0.0,0.0,0.0,0.0,0.0,0.0,1.0,,,0.0,0.0,0.0,0.0,0.0,1.0,,,,,0.0,0.0
07-12-2025 13:00,3.0,3.0,,,3.5,4.0,,,0.0,0.0,,,0.0,1.0,0.0,0.0,0.0,0.0,0.0,1.0,,,0.0,0.0,0.0,0.0,0.0,0.0,,,,,0.0,0.0
07-12-2025 14:00,3.0,3.0,,,3.0,3.0,,,0.0,0.0,,,0.0,1.0,,,0.0,0.0,0.0,1.0,,,,,0.0,0.0,0.0,0.0,,,,,0.0,0.0
07-12-2025 15:00,4.0,5.0,,,3.0,3.0,,,0.0,1.0,,,0.0,0.0,0.0,0.0,0.0,4.0,0.0,1.0,,,0.0,0.0,0.0,0.0,0.0,0.0,,,,,0.0,0.0
07-12-2025 16:00,3.0,3.0,,,3.0,3.0,,,0.0,0.0,,,0.0,0.0,,,0.0,0.0,0.0,1.0,,,0.0,0.0,0.0,0.0,0.0,0.0,,,0.0,0.25,0.0,0.0
07-12-2025 17:00,4.0,5.0,,,4.0,5.0,,,0.0,0.0,,,0.0,0.0,0.0,0.0,0.0,0.0,0.0,1.0,,,0.0,0.0,0.0,1.0,0.0,0.0,,,0.0,1.0,0.0,0.0
07-12-2025 18:00,,,,,,,,,,,,,,,0.0,0.0,,,,,,,0.0,0.0,,,,,,,0.0,1.0,0.0,0.0
