"","Date","fullname","site","station","sensor","max","min","avg","amp"
"1",2024-06-01,"SSMH-SA","SSMH","SA","21398670",6.45,-1.1,2.675,7.55
"2",2024-06-01,"SSMH-SB","SSMH","SB","21398665",2.34,-1.95,0.195,4.29
"3",2024-06-01,"SSMH-SI","SSMH","SI","21398667",1.56,-2.04,-0.24,3.6
"4",2024-06-01,"TNHA-BASE","TNHA","BASE","21390850",6.62,-2.024,2.298,8.644
"5",2024-06-01,"TNHA-SA","TNHA","SA","21380919",10.12,-1.44,4.34,11.56
"6",2024-06-01,"TNHA-SB","TNHA","SB","21398664",1.39,-2.36,-0.485,3.75
"7",2024-06-01,"TNHA-SC","TNHA","SC","21398674",3.47,-2.79,0.34,6.26
"8",2024-06-01,"TNHA-SD","TNHA","SD","21398666",-0.39,-2.36,-1.375,1.97
"9",2024-06-02,"SSMH-SA","SSMH","SA","21398670",2.46,-3.86,-0.7,6.32
"10",2024-06-02,"SSMH-SB","SSMH","SB","21398665",0.92,-4.25,-1.665,5.17
"11",2024-06-02,"SSMH-SI","SSMH","SI","21398667",0.6,-4.44,-1.92,5.04
"12",2024-06-02,"TNHA-BASE","TNHA","BASE","21390850",1.215,-4.276,-1.5305,5.491
"13",2024-06-02,"TNHA-SA","TNHA","SA","21380919",1.8,-3.84,-1.02,5.64
"14",2024-06-02,"TNHA-SB","TNHA","SB","21398664",0.73,-4.4,-1.835,5.13
"15",2024-06-02,"TNHA-SC","TNHA","SC","21398674",-0.2,-4.57,-2.385,4.37
"16",2024-06-02,"TNHA-SD","TNHA","SD","21398666",-0.05,-4.61,-2.33,4.56
"17",2024-06-03,"SSMH-SA","SSMH","SA","21398670",-1.01,-2.9,-1.955,1.89
"18",2024-06-03,"SSMH-SB","SSMH","SB","21398665",-1.01,-3.69,-2.35,2.68
"19",2024-06-03,"SSMH-SI","SSMH","SI","21398667",-1.31,-3.69,-2.5,2.38
"20",2024-06-03,"TNHA-BASE","TNHA","BASE","21390850",-1.23,-3.504,-2.367,2.274
"21",2024-06-03,"TNHA-SA","TNHA","SA","21380919",-0.41,-3.46,-1.935,3.05
"22",2024-06-03,"TNHA-SB","TNHA","SB","21398664",-0.5,-3.54,-2.02,3.04
"23",2024-06-03,"TNHA-SC","TNHA","SC","21398674",-1.63,-4.23,-2.93,2.6
"24",2024-06-03,"TNHA-SD","TNHA","SD","21398666",-1.57,-4.12,-2.845,2.55
"25",2024-06-04,"SSMH-SA","SSMH","SA","21398670",0.88,-2.98,-1.05,3.86
"26",2024-06-04,"SSMH-SB","SSMH","SB","21398665",-1.08,-4.01,-2.545,2.93
"27",2024-06-04,"SSMH-SI","SSMH","SI","21398667",-1.01,-4.34,-2.675,3.33
"28",2024-06-04,"TNHA-BASE","TNHA","BASE","21390850",-0.758,-3.933,-2.3455,3.175
"29",2024-06-04,"TNHA-SA","TNHA","SA","21380919",-0.99,-3.82,-2.405,2.83
"30",2024-06-04,"TNHA-SB","TNHA","SB","21398664",-1.42,-3.95,-2.685,2.53
"31",2024-06-04,"TNHA-SC","TNHA","SC","21398674",-1.65,-4.66,-3.155,3.01
"32",2024-06-04,"TNHA-SD","TNHA","SD","21398666",-1.65,-4.53,-3.09,2.88
"33",2024-06-05,"SSMH-SA","SSMH","SA","21398670",2.55,-0.22,1.165,2.77
"34",2024-06-05,"SSMH-SB","SSMH","SB","21398665",2.08,-0.99,0.545,3.07
"35",2024-06-05,"SSMH-SI","SSMH","SI","21398667",1.31,-1.14,0.0850000000000001,2.45
"36",2024-06-05,"TNHA-BASE","TNHA","BASE","21390850",1.429,-0.866,0.2815,2.295
"37",2024-06-05,"TNHA-SA","TNHA","SA","21380919",3.06,-0.93,1.065,3.99
"38",2024-06-05,"TNHA-SB","TNHA","SB","21398664",2.83,-1.33,0.75,4.16
"39",2024-06-05,"TNHA-SC","TNHA","SC","21398674",1.31,-1.5,-0.095,2.81
"40",2024-06-05,"TNHA-SD","TNHA","SD","21398666",1.11,-1.53,-0.21,2.64
"41",2024-06-06,"SSMH-SA","SSMH","SA","21398670",1.69,-0.39,0.65,2.08
"42",2024-06-06,"SSMH-SB","SSMH","SB","21398665",2.21,-0.41,0.9,2.62
"43",2024-06-06,"SSMH-SI","SSMH","SI","21398667",1.2,-0.6,0.3,1.8
"44",2024-06-06,"TNHA-BASE","TNHA","BASE","21390850",1.429,-0.673,0.378,2.102
"45",2024-06-06,"TNHA-SA","TNHA","SA","21380919",5.77,-0.13,2.82,5.9
"46",2024-06-06,"TNHA-SB","TNHA","SB","21398664",2.81,-0.41,1.2,3.22
"47",2024-06-06,"TNHA-SC","TNHA","SC","21398674",0.83,-0.67,0.08,1.5
"48",2024-06-06,"TNHA-SD","TNHA","SD","21398666",0.49,-0.73,-0.12,1.22
"49",2024-06-07,"SSMH-SA","SSMH","SA","21398670",3.73,0.08,1.905,3.65
"50",2024-06-07,"SSMH-SB","SSMH","SB","21398665",1.37,0.1,0.735,1.27
"51",2024-06-07,"SSMH-SI","SSMH","SI","21398667",1.69,-0.13,0.78,1.82
"52",2024-06-07,"TNHA-BASE","TNHA","BASE","21390850",4.475,0.014,2.2445,4.461
"53",2024-06-07,"TNHA-SA","TNHA","SA","21380919",2.85,0.28,1.565,2.57
"54",2024-06-07,"TNHA-SB","TNHA","SB","21398664",2.16,0.13,1.145,2.03
"55",2024-06-07,"TNHA-SC","TNHA","SC","21398674",0.71,-0.07,0.32,0.78
"56",2024-06-07,"TNHA-SD","TNHA","SD","21398666",0.83,-0.11,0.36,0.94
"57",2024-06-08,"21981320","SSMH","21981320","21981320",4.625,1.687,3.156,2.938
"58",2024-06-08,"SSMH-SA","SSMH","SA","21398670",6.73,0.25,3.49,6.48
"59",2024-06-08,"SSMH-SB","SSMH","SB","21398665",1.67,-1.12,0.275,2.79
"60",2024-06-08,"SSMH-SI","SSMH","SI","21398667",2.81,-1.03,0.89,3.84
"61",2024-06-08,"TNHA-BASE","TNHA","BASE","21390850",7.971,-0.694,3.6385,8.665
"62",2024-06-08,"TNHA-SA","TNHA","SA","21380919",7.68,-0.37,3.655,8.05
"63",2024-06-08,"TNHA-SB","TNHA","SB","21398664",2.57,-1.12,0.725,3.69
"64",2024-06-08,"TNHA-SC","TNHA","SC","21398674",0.88,-1.16,-0.14,2.04
"65",2024-06-08,"TNHA-SD","TNHA","SD","21398666",1.69,-1.14,0.275,2.83
"66",2024-06-09,"21981320","SSMH","21981320","21981320",1.279,-1.187,0.0459999999999999,2.466
"67",2024-06-09,"SSMH-SA","SSMH","SA","21398670",4.95,-1.01,1.97,5.96
"68",2024-06-09,"SSMH-SB","SSMH","SB","21398665",1.91,-0.88,0.515,2.79
"69",2024-06-09,"SSMH-SI","SSMH","SI","21398667",1.61,-1.16,0.225,2.77
"70",2024-06-09,"TNHA-BASE","TNHA","BASE","21390850",7.327,-1.38,2.9735,8.707
"71",2024-06-09,"TNHA-SA","TNHA","SA","21380919",6.35,-0.5,2.925,6.85
"72",2024-06-09,"TNHA-SB","TNHA","SB","21398664",1.69,-0.99,0.35,2.68
"73",2024-06-09,"TNHA-SC","TNHA","SC","21398674",1.2,-1.23,-0.015,2.43
"74",2024-06-09,"TNHA-SD","TNHA","SD","21398666",0.94,-1.42,-0.24,2.36
"75",2024-06-10,"21981320","SSMH","21981320","21981320",3.81,-0.308,1.751,4.118
"76",2024-06-10,"SSMH-SA","SSMH","SA","21398670",5.34,-0.17,2.585,5.51
"77",2024-06-10,"SSMH-SB","SSMH","SB","21398665",3.67,-0.05,1.81,3.72
"78",2024-06-10,"SSMH-SI","SSMH","SI","21398667",3.43,0,1.715,3.43
"79",2024-06-10,"TNHA-BASE","TNHA","BASE","21390850",4.582,-0.308,2.137,4.89
"80",2024-06-10,"TNHA-SA","TNHA","SA","21380919",8.13,0.08,4.105,8.05
"81",2024-06-10,"TNHA-SB","TNHA","SB","21398664",4.57,0.08,2.325,4.49
"82",2024-06-10,"TNHA-SC","TNHA","SC","21398674",2.12,-0.13,0.995,2.25
"83",2024-06-10,"TNHA-SD","TNHA","SD","21398666",4.07,-0.39,1.84,4.46
"84",2024-06-11,"21981320","SSMH","21981320","21981320",2.244,-1.659,0.2925,3.903
"85",2024-06-11,"SSMH-SA","SSMH","SA","21398670",4.8,-1.59,1.605,6.39
"86",2024-06-11,"SSMH-SB","SSMH","SB","21398665",3.06,-1.05,1.005,4.11
"87",2024-06-11,"SSMH-SI","SSMH","SI","21398667",2.96,-1.18,0.89,4.14
"88",2024-06-11,"TNHA-BASE","TNHA","BASE","21390850",3.167,-1.702,0.7325,4.869
"89",2024-06-11,"TNHA-SA","TNHA","SA","21380919",5.81,-1.29,2.26,7.1
"90",2024-06-11,"TNHA-SB","TNHA","SB","21398664",3.79,-1.29,1.25,5.08
"91",2024-06-11,"TNHA-SC","TNHA","SC","21398674",1.33,-1.08,0.125,2.41
"92",2024-06-11,"TNHA-SD","TNHA","SD","21398666",1.48,-1.68,-0.1,3.16
"93",2024-06-12,"21981320","SSMH","21981320","21981320",2.051,-1.895,0.0780000000000001,3.946
"94",2024-06-12,"SSMH-SA","SSMH","SA","21398670",4.67,-1.57,1.55,6.24
"95",2024-06-12,"SSMH-SB","SSMH","SB","21398665",3.17,-1.55,0.81,4.72
"96",2024-06-12,"SSMH-SI","SSMH","SI","21398667",2.51,-1.78,0.365,4.29
"97",2024-06-12,"TNHA-BASE","TNHA","BASE","21390850",2.18,-1.874,0.153,4.054
"98",2024-06-12,"TNHA-SA","TNHA","SA","21380919",5.75,-1.46,2.145,7.21
"99",2024-06-12,"TNHA-SB","TNHA","SB","21398664",2.81,-1.48,0.665,4.29
"100",2024-06-12,"TNHA-SC","TNHA","SC","21398674",1.52,-1.7,-0.09,3.22
"101",2024-06-12,"TNHA-SD","TNHA","SD","21398666",1.63,-1.91,-0.14,3.54
"102",2024-06-13,"21981320","SSMH","21981320","21981320",4.818,0.593,2.7055,4.225
"103",2024-06-13,"SSMH-SA","SSMH","SA","21398670",6.58,0.68,3.63,5.9
"104",2024-06-13,"SSMH-SB","SSMH","SB","21398665",5.57,1.03,3.3,4.54
"105",2024-06-13,"SSMH-SI","SSMH","SI","21398667",5.21,0.9,3.055,4.31
"106",2024-06-13,"TNHA-BASE","TNHA","BASE","21390850",4.861,0.528,2.6945,4.333
"107",2024-06-13,"TNHA-SA","TNHA","SA","21380919",7.01,0.66,3.835,6.35
"108",2024-06-13,"TNHA-SB","TNHA","SB","21398664",5.85,1.28,3.565,4.57
"109",2024-06-13,"TNHA-SC","TNHA","SC","21398674",4.44,1.37,2.905,3.07
"110",2024-06-13,"TNHA-SD","TNHA","SD","21398666",4.65,0.55,2.6,4.1
"111",2024-06-14,"21981320","SSMH","21981320","21981320",4.775,-1.295,1.74,6.07
"112",2024-06-14,"SSMH-SA","SSMH","SA","21398670",6.33,-1.08,2.625,7.41
"113",2024-06-14,"SSMH-SB","SSMH","SB","21398665",5.53,-0.97,2.28,6.5
"114",2024-06-14,"SSMH-SI","SSMH","SI","21398667",4.95,-1.33,1.81,6.28
"115",2024-06-14,"TNHA-BASE","TNHA","BASE","21390850",4.775,-1.166,1.8045,5.941
"116",2024-06-14,"TNHA-SA","TNHA","SA","21380919",7.18,-0.97,3.105,8.15
"117",2024-06-14,"TNHA-SB","TNHA","SB","21398664",5.83,-1.1,2.365,6.93
"118",2024-06-14,"TNHA-SC","TNHA","SC","21398674",4.67,-0.07,2.3,4.74
"119",2024-06-14,"TNHA-SD","TNHA","SD","21398666",4.46,-1.42,1.52,5.88
"120",2024-06-15,"21981320","SSMH","21981320","21981320",10.073,1.193,5.633,8.88
"121",2024-06-15,"SSMH-SA","SSMH","SA","21398670",11.64,1.07,6.355,10.57
"122",2024-06-15,"SSMH-SB","SSMH","SB","21398665",9.65,0.88,5.265,8.77
"123",2024-06-15,"SSMH-SI","SSMH","SI","21398667",9.86,0.49,5.175,9.37
"124",2024-06-15,"TNHA-BASE","TNHA","BASE","21390850",9.429,0.829,5.129,8.6
"125",2024-06-15,"TNHA-SA","TNHA","SA","21380919",16.73,0.94,8.835,15.79
"126",2024-06-15,"TNHA-SB","TNHA","SB","21398664",9.24,0.64,4.94,8.6
"127",2024-06-15,"TNHA-SC","TNHA","SC","21398674",7.98,0.9,4.44,7.08
"128",2024-06-15,"TNHA-SD","TNHA","SD","21398666",8.73,0.81,4.77,7.92
"129",2024-06-16,"21981320","SSMH","21981320","21981320",10.33,4.839,7.5845,5.491
"130",2024-06-16,"SSMH-SA","SSMH","SA","21398670",13.43,4.87,9.15,8.56
"131",2024-06-16,"SSMH-SB","SSMH","SB","21398665",12.25,4.35,8.3,7.9
"132",2024-06-16,"SSMH-SI","SSMH","SI","21398667",11.62,4.54,8.08,7.08
"133",2024-06-16,"TNHA-BASE","TNHA","BASE","21390850",12.904,4.732,8.818,8.172
"134",2024-06-16,"TNHA-SA","TNHA","SA","21380919",17.52,4.93,11.225,12.59
"135",2024-06-16,"TNHA-SB","TNHA","SB","21398664",12.16,4.91,8.535,7.25
"136",2024-06-16,"TNHA-SC","TNHA","SC","21398674",12.52,4.91,8.715,7.61
"137",2024-06-16,"TNHA-SD","TNHA","SD","21398666",9.91,4.67,7.29,5.24
"138",2024-06-17,"21981320","SSMH","21981320","21981320",7.542,1.408,4.475,6.134
"139",2024-06-17,"SSMH-SA","SSMH","SA","21398670",8.94,1.61,5.275,7.33
"140",2024-06-17,"SSMH-SB","SSMH","SB","21398665",7.27,0.71,3.99,6.56
"141",2024-06-17,"SSMH-SI","SSMH","SI","21398667",7.57,0.6,4.085,6.97
"142",2024-06-17,"TNHA-BASE","TNHA","BASE","21390850",9.558,1.15,5.354,8.408
"143",2024-06-17,"TNHA-SA","TNHA","SA","21380919",9.16,1.56,5.36,7.6
"144",2024-06-17,"TNHA-SB","TNHA","SB","21398664",8.86,0.32,4.59,8.54
"145",2024-06-17,"TNHA-SC","TNHA","SC","21398674",7.65,0.08,3.865,7.57
"146",2024-06-17,"TNHA-SD","TNHA","SD","21398666",7.68,0.19,3.935,7.49
"147",2024-06-18,"21981320","SSMH","21981320","21981320",3.145,0.55,1.8475,2.595
"148",2024-06-18,"SSMH-SA","SSMH","SA","21398670",5.1,0.88,2.99,4.22
"149",2024-06-18,"SSMH-SB","SSMH","SB","21398665",3.77,0.62,2.195,3.15
"150",2024-06-18,"SSMH-SI","SSMH","SI","21398667",3.47,0.55,2.01,2.92
"151",2024-06-18,"TNHA-BASE","TNHA","BASE","21390850",3.81,0.464,2.137,3.346
"152",2024-06-18,"TNHA-SA","TNHA","SA","21380919",6.82,0.86,3.84,5.96
"153",2024-06-18,"TNHA-SB","TNHA","SB","21398664",4.29,0.53,2.41,3.76
"154",2024-06-18,"TNHA-SC","TNHA","SC","21398674",3.13,0.1,1.615,3.03
"155",2024-06-18,"TNHA-SD","TNHA","SD","21398666",3.3,0.21,1.755,3.09
"156",2024-06-19,"21981320","SSMH","21981320","21981320",6.534,0.571,3.5525,5.963
"157",2024-06-19,"SSMH-SA","SSMH","SA","21398670",8.34,0.71,4.525,7.63
"158",2024-06-19,"SSMH-SB","SSMH","SB","21398665",6.15,1.35,3.75,4.8
"159",2024-06-19,"SSMH-SI","SSMH","SI","21398667",6.41,0.88,3.645,5.53
"160",2024-06-19,"TNHA-BASE","TNHA","BASE","21390850",6.276,0.614,3.445,5.662
"161",2024-06-19,"TNHA-SA","TNHA","SA","21380919",11.94,0.81,6.375,11.13
"162",2024-06-19,"TNHA-SB","TNHA","SB","21398664",6.97,1.31,4.14,5.66
"163",2024-06-19,"TNHA-SC","TNHA","SC","21398674",5.57,1.41,3.49,4.16
"164",2024-06-19,"TNHA-SD","TNHA","SD","21398666",6.02,0.66,3.34,5.36
"165",2024-06-20,"21981320","SSMH","21981320","21981320",4.861,-0.544,2.1585,5.405
"166",2024-06-20,"SSMH-SA","SSMH","SA","21398670",7.87,-0.35,3.76,8.22
"167",2024-06-20,"SSMH-SB","SSMH","SB","21398665",6.73,-1.12,2.805,7.85
"168",2024-06-20,"SSMH-SI","SSMH","SI","21398667",5.12,-1.16,1.98,6.28
"169",2024-06-20,"TNHA-BASE","TNHA","BASE","21390850",6.191,-0.973,2.609,7.164
"170",2024-06-20,"TNHA-SA","TNHA","SA","21380919",11.92,-0.56,5.68,12.48
"171",2024-06-20,"TNHA-SB","TNHA","SB","21398664",6.48,-0.69,2.895,7.17
"172",2024-06-20,"TNHA-SC","TNHA","SC","21398674",4.37,-1.16,1.605,5.53
"173",2024-06-20,"TNHA-SD","TNHA","SD","21398666",5.49,-0.97,2.26,6.46
"174",2024-06-21,"21981320","SSMH","21981320","21981320",7.37,1.215,4.2925,6.155
"175",2024-06-21,"SSMH-SA","SSMH","SA","21398670",8.98,1.35,5.165,7.63
"176",2024-06-21,"SSMH-SB","SSMH","SB","21398665",7.1,1.33,4.215,5.77
"177",2024-06-21,"SSMH-SI","SSMH","SI","21398667",7.31,1.22,4.265,6.09
"178",2024-06-21,"TNHA-BASE","TNHA","BASE","21390850",7.563,1,4.2815,6.563
"179",2024-06-21,"TNHA-SA","TNHA","SA","21380919",9.44,1.11,5.275,8.33
"180",2024-06-21,"TNHA-SB","TNHA","SB","21398664",9.03,1.56,5.295,7.47
"181",2024-06-21,"TNHA-SC","TNHA","SC","21398674",4.57,1.11,2.84,3.46
"182",2024-06-21,"TNHA-SD","TNHA","SD","21398666",8.45,0.68,4.565,7.77
"183",2024-06-22,"21981320","SSMH","21981320","21981320",9.494,1.558,5.526,7.936
"184",2024-06-22,"SSMH-SA","SSMH","SA","21398670",10.83,1.69,6.26,9.14
"185",2024-06-22,"SSMH-SB","SSMH","SB","21398665",9.33,2.29,5.81,7.04
"186",2024-06-22,"SSMH-SI","SSMH","SI","21398667",9.09,1.73,5.41,7.36
"187",2024-06-22,"TNHA-BASE","TNHA","BASE","21390850",9.537,1.301,5.419,8.236
"188",2024-06-22,"TNHA-SA","TNHA","SA","21380919",14.15,1.8,7.975,12.35
"189",2024-06-22,"TNHA-SB","TNHA","SB","21398664",10.23,2.38,6.305,7.85
"190",2024-06-22,"TNHA-SC","TNHA","SC","21398674",8.53,2.74,5.635,5.79
"191",2024-06-22,"TNHA-SD","TNHA","SD","21398666",9.33,1.33,5.33,8
"192",2024-06-23,"21981320","SSMH","21981320","21981320",7.606,-0.222,3.692,7.828
"193",2024-06-23,"SSMH-SA","SSMH","SA","21398670",10.12,0.08,5.1,10.04
"194",2024-06-23,"SSMH-SB","SSMH","SB","21398665",8.56,-0.26,4.15,8.82
"195",2024-06-23,"SSMH-SI","SSMH","SI","21398667",8.64,-0.39,4.125,9.03
"196",2024-06-23,"TNHA-BASE","TNHA","BASE","21390850",7.435,-0.244,3.5955,7.679
"197",2024-06-23,"TNHA-SA","TNHA","SA","21380919",12.93,0.77,6.85,12.16
"198",2024-06-23,"TNHA-SB","TNHA","SB","21398664",9.84,0.3,5.07,9.54
"199",2024-06-23,"TNHA-SC","TNHA","SC","21398674",5.49,-0.45,2.52,5.94
"200",2024-06-23,"TNHA-SD","TNHA","SD","21398666",5.75,-0.3,2.725,6.05
"201",2024-06-24,"21981320","SSMH","21981320","21981320",3.167,-0.008,1.5795,3.175
"202",2024-06-24,"SSMH-SA","SSMH","SA","21398670",5.77,0.51,3.14,5.26
"203",2024-06-24,"SSMH-SB","SSMH","SB","21398665",4.67,0.38,2.525,4.29
"204",2024-06-24,"SSMH-SI","SSMH","SI","21398667",3.34,0.02,1.68,3.32
"205",2024-06-24,"TNHA-BASE","TNHA","BASE","21390850",3.467,-0.008,1.7295,3.475
"206",2024-06-24,"TNHA-SA","TNHA","SA","21380919",9.97,0.71,5.34,9.26
"207",2024-06-24,"TNHA-SB","TNHA","SB","21398664",5.62,0.4,3.01,5.22
"208",2024-06-24,"TNHA-SC","TNHA","SC","21398674",1.93,-0.02,0.955,1.95
"209",2024-06-24,"TNHA-SD","TNHA","SD","21398666",2.55,-0.11,1.22,2.66
"210",2024-06-25,"21981320","SSMH","21981320","21981320",7.563,1.043,4.303,6.52
"211",2024-06-25,"SSMH-SA","SSMH","SA","21398670",9.18,1.35,5.265,7.83
"212",2024-06-25,"SSMH-SB","SSMH","SB","21398665",8.13,1.37,4.75,6.76
"213",2024-06-25,"SSMH-SI","SSMH","SI","21398667",7.81,1.2,4.505,6.61
"214",2024-06-25,"TNHA-BASE","TNHA","BASE","21390850",9.386,0.914,5.15,8.472
"215",2024-06-25,"TNHA-SA","TNHA","SA","21380919",12.18,1.54,6.86,10.64
"216",2024-06-25,"TNHA-SB","TNHA","SB","21398664",10.4,1.33,5.865,9.07
"217",2024-06-25,"TNHA-SC","TNHA","SC","21398674",8.88,0.88,4.88,8
"218",2024-06-25,"TNHA-SD","TNHA","SD","21398666",8.88,0.83,4.855,8.05
"219",2024-06-26,"21981320","SSMH","21981320","21981320",19.059,2.952,11.0055,16.107
"220",2024-06-26,"SSMH-SA","SSMH","SA","21398670",19.09,3.24,11.165,15.85
"221",2024-06-26,"SSMH-SB","SSMH","SB","21398665",16.96,3.21,10.085,13.75
"222",2024-06-26,"SSMH-SI","SSMH","SI","21398667",18.04,3.13,10.585,14.91
"223",2024-06-26,"TNHA-BASE","TNHA","BASE","21390850",20.239,3.038,11.6385,17.201
"224",2024-06-26,"TNHA-SA","TNHA","SA","21380919",20.7,3.26,11.98,17.44
"225",2024-06-26,"TNHA-SB","TNHA","SB","21398664",19.45,3.47,11.46,15.98
"226",2024-06-26,"TNHA-SC","TNHA","SC","21398674",17.46,3.26,10.36,14.2
"227",2024-06-26,"TNHA-SD","TNHA","SD","21398666",18.98,3.02,11,15.96
"228",2024-06-27,"21981320","SSMH","21981320","21981320",17.622,6.169,11.8955,11.453
"229",2024-06-27,"SSMH-SA","SSMH","SA","21398670",22.26,6.28,14.27,15.98
"230",2024-06-27,"SSMH-SB","SSMH","SB","21398665",18.94,6.48,12.71,12.46
"231",2024-06-27,"SSMH-SI","SSMH","SI","21398667",19.07,6.28,12.675,12.79
"232",2024-06-27,"TNHA-BASE","TNHA","BASE","21390850",19.467,6.298,12.8825,13.169
"233",2024-06-27,"TNHA-SA","TNHA","SA","21380919",22.73,6.41,14.57,16.32
"234",2024-06-27,"TNHA-SB","TNHA","SB","21398664",19.04,6.58,12.81,12.46
"235",2024-06-27,"TNHA-SC","TNHA","SC","21398674",17.48,6.3,11.89,11.18
"236",2024-06-27,"TNHA-SD","TNHA","SD","21398666",17.2,6.22,11.71,10.98
"237",2024-06-28,"21981320","SSMH","21981320","21981320",9.193,4.003,6.598,5.19
"238",2024-06-28,"SSMH-SA","SSMH","SA","21398670",10.64,4.72,7.68,5.92
"239",2024-06-28,"SSMH-SB","SSMH","SB","21398665",8.79,3.47,6.13,5.32
"240",2024-06-28,"SSMH-SI","SSMH","SI","21398667",8.62,3.45,6.035,5.17
"241",2024-06-28,"TNHA-BASE","TNHA","BASE","21390850",9.858,3.617,6.7375,6.241
"242",2024-06-28,"TNHA-SA","TNHA","SA","21380919",11.73,3.99,7.86,7.74
"243",2024-06-28,"TNHA-SB","TNHA","SB","21398664",10.12,2.64,6.38,7.48
"244",2024-06-28,"TNHA-SC","TNHA","SC","21398674",8.9,2.25,5.575,6.65
"245",2024-06-28,"TNHA-SD","TNHA","SD","21398666",9.78,2.42,6.1,7.36
"246",2024-06-29,"21981320","SSMH","21981320","21981320",9.215,2.008,5.6115,7.207
"247",2024-06-29,"SSMH-SA","SSMH","SA","21398670",11.97,2.42,7.195,9.55
"248",2024-06-29,"SSMH-SB","SSMH","SB","21398665",8.36,1.46,4.91,6.9
"249",2024-06-29,"SSMH-SI","SSMH","SI","21398667",9.65,1.24,5.445,8.41
"250",2024-06-29,"TNHA-BASE","TNHA","BASE","21390850",11.252,1.301,6.2765,9.951
"251",2024-06-29,"TNHA-SA","TNHA","SA","21380919",16.92,1.84,9.38,15.08
"252",2024-06-29,"TNHA-SB","TNHA","SB","21398664",6.93,0.94,3.935,5.99
"253",2024-06-29,"TNHA-SC","TNHA","SC","21398674",5.27,0.88,3.075,4.39
"254",2024-06-29,"TNHA-SD","TNHA","SD","21398666",7.14,0.81,3.975,6.33
"255",2024-06-30,"21981320","SSMH","21981320","21981320",7.992,1.772,4.882,6.22
"256",2024-06-30,"SSMH-SA","SSMH","SA","21398670",10.72,1.41,6.065,9.31
"257",2024-06-30,"SSMH-SB","SSMH","SB","21398665",7.33,0.75,4.04,6.58
"258",2024-06-30,"SSMH-SI","SSMH","SI","21398667",8,0.77,4.385,7.23
"259",2024-06-30,"TNHA-BASE","TNHA","BASE","21390850",8.464,1.322,4.893,7.142
"260",2024-06-30,"TNHA-SA","TNHA","SA","21380919",10.16,1.24,5.7,8.92
"261",2024-06-30,"TNHA-SB","TNHA","SB","21398664",7.44,0.81,4.125,6.63
"262",2024-06-30,"TNHA-SC","TNHA","SC","21398674",6.43,0.81,3.62,5.62
"263",2024-06-30,"TNHA-SD","TNHA","SD","21398666",6.56,0.98,3.77,5.58
"264",2024-07-01,"21981320","SSMH","21981320","21981320",9.665,0.721,5.193,8.944
"265",2024-07-01,"SSMH-SA","SSMH","SA","21398670",11.6,0.81,6.205,10.79
"266",2024-07-01,"SSMH-SB","SSMH","SB","21398665",9.35,0.9,5.125,8.45
"267",2024-07-01,"SSMH-SI","SSMH","SI","21398667",9.76,0.55,5.155,9.21
"268",2024-07-01,"TNHA-BASE","TNHA","BASE","21390850",10.716,0.679,5.6975,10.037
"269",2024-07-01,"TNHA-SA","TNHA","SA","21380919",12.85,1.28,7.065,11.57
"270",2024-07-01,"TNHA-SB","TNHA","SB","21398664",11.43,0.49,5.96,10.94
"271",2024-07-01,"TNHA-SC","TNHA","SC","21398674",9.84,0.36,5.1,9.48
"272",2024-07-01,"TNHA-SD","TNHA","SD","21398666",10.42,0.32,5.37,10.1
"273",2024-07-02,"21981320","SSMH","21981320","21981320",9.73,5.526,7.628,4.204
"274",2024-07-02,"SSMH-SA","SSMH","SA","21398670",9.89,6.45,8.17,3.44
"275",2024-07-02,"SSMH-SB","SSMH","SB","21398665",10.64,6.07,8.355,4.57
"276",2024-07-02,"SSMH-SI","SSMH","SI","21398667",9.97,5.98,7.975,3.99
"277",2024-07-02,"TNHA-BASE","TNHA","BASE","21390850",10.716,6.083,8.3995,4.633
"278",2024-07-02,"TNHA-SA","TNHA","SA","21380919",10.77,6.65,8.71,4.12
"279",2024-07-02,"TNHA-SB","TNHA","SB","21398664",11.49,7.01,9.25,4.48
"280",2024-07-02,"TNHA-SC","TNHA","SC","21398674",12.78,6.26,9.52,6.52
"281",2024-07-02,"TNHA-SD","TNHA","SD","21398666",10.66,5.94,8.3,4.72
"282",2024-07-03,"21981320","SSMH","21981320","21981320",8.55,3.595,6.0725,4.955
"283",2024-07-03,"SSMH-SA","SSMH","SA","21398670",8.45,3.69,6.07,4.76
"284",2024-07-03,"SSMH-SB","SSMH","SB","21398665",7.96,3.39,5.675,4.57
"285",2024-07-03,"SSMH-SI","SSMH","SI","21398667",7.74,3.41,5.575,4.33
"286",2024-07-03,"TNHA-BASE","TNHA","BASE","21390850",9,3.467,6.2335,5.533
"287",2024-07-03,"TNHA-SA","TNHA","SA","21380919",9.03,3.41,6.22,5.62
"288",2024-07-03,"TNHA-SB","TNHA","SB","21398664",8.79,3.41,6.1,5.38
"289",2024-07-03,"TNHA-SC","TNHA","SC","21398674",8.66,3.43,6.045,5.23
"290",2024-07-03,"TNHA-SD","TNHA","SD","21398666",8.79,3.54,6.165,5.25
"291",2024-07-04,"21981320","SSMH","21981320","21981320",3.724,0.979,2.3515,2.745
"292",2024-07-04,"SSMH-SA","SSMH","SA","21398670",3.77,1.01,2.39,2.76
"293",2024-07-04,"SSMH-SB","SSMH","SB","21398665",3.21,0.49,1.85,2.72
"294",2024-07-04,"SSMH-SI","SSMH","SI","21398667",3.43,0.6,2.015,2.83
"295",2024-07-04,"TNHA-BASE","TNHA","BASE","21390850",3.617,0.764,2.1905,2.853
"296",2024-07-04,"TNHA-SA","TNHA","SA","21380919",3.56,0.55,2.055,3.01
"297",2024-07-04,"TNHA-SB","TNHA","SB","21398664",3.41,0.53,1.97,2.88
"298",2024-07-04,"TNHA-SC","TNHA","SC","21398674",3.45,0.55,2,2.9
"299",2024-07-04,"TNHA-SD","TNHA","SD","21398666",3.64,0.71,2.175,2.93
"300",2024-07-05,"21981320","SSMH","21981320","21981320",3.016,-0.394,1.311,3.41
"301",2024-07-05,"SSMH-SA","SSMH","SA","21398670",4.48,-0.41,2.035,4.89
"302",2024-07-05,"SSMH-SB","SSMH","SB","21398665",3.15,-0.47,1.34,3.62
"303",2024-07-05,"SSMH-SI","SSMH","SI","21398667",2.31,-0.58,0.865,2.89
"304",2024-07-05,"TNHA-BASE","TNHA","BASE","21390850",3.381,-0.437,1.472,3.818
"305",2024-07-05,"TNHA-SA","TNHA","SA","21380919",7.29,-0.24,3.525,7.53
"306",2024-07-05,"TNHA-SB","TNHA","SB","21398664",3.82,0.19,2.005,3.63
"307",2024-07-05,"TNHA-SC","TNHA","SC","21398674",2.1,-0.3,0.9,2.4
"308",2024-07-05,"TNHA-SD","TNHA","SD","21398666",2.85,-0.3,1.275,3.15
"309",2024-07-06,"21981320","SSMH","21981320","21981320",4.389,-0.823,1.783,5.212
"310",2024-07-06,"SSMH-SA","SSMH","SA","21398670",6.65,-0.6,3.025,7.25
"311",2024-07-06,"SSMH-SB","SSMH","SB","21398665",3.15,-0.65,1.25,3.8
"312",2024-07-06,"SSMH-SI","SSMH","SI","21398667",2.72,-0.82,0.95,3.54
"313",2024-07-06,"TNHA-BASE","TNHA","BASE","21390850",3.617,-0.565,1.526,4.182
"314",2024-07-06,"TNHA-SA","TNHA","SA","21380919",4.97,-0.11,2.43,5.08
"315",2024-07-06,"TNHA-SB","TNHA","SB","21398664",3.41,-0.35,1.53,3.76
"316",2024-07-06,"TNHA-SC","TNHA","SC","21398674",2.08,-0.6,0.74,2.68
"317",2024-07-06,"TNHA-SD","TNHA","SD","21398666",1.99,-0.69,0.65,2.68
"318",2024-07-07,"21981320","SSMH","21981320","21981320",2.909,0.743,1.826,2.166
"319",2024-07-07,"SSMH-SA","SSMH","SA","21398670",4.5,1.01,2.755,3.49
"320",2024-07-07,"SSMH-SB","SSMH","SB","21398665",1.78,0.17,0.975,1.61
"321",2024-07-07,"SSMH-SI","SSMH","SI","21398667",2.4,0.1,1.25,2.3
"322",2024-07-07,"TNHA-BASE","TNHA","BASE","21390850",3.274,0.421,1.8475,2.853
"323",2024-07-07,"TNHA-SA","TNHA","SA","21380919",4.31,0.83,2.57,3.48
"324",2024-07-07,"TNHA-SB","TNHA","SB","21398664",2.03,0.28,1.155,1.75
"325",2024-07-07,"TNHA-SC","TNHA","SC","21398674",1.61,0.1,0.855,1.51
"326",2024-07-07,"TNHA-SD","TNHA","SD","21398666",2.08,0.15,1.115,1.93
"327",2024-07-08,"21981320","SSMH","21981320","21981320",3.595,-0.866,1.3645,4.461
"328",2024-07-08,"SSMH-SA","SSMH","SA","21398670",4.91,-0.84,2.035,5.75
"329",2024-07-08,"SSMH-SB","SSMH","SB","21398665",2.55,-0.93,0.81,3.48
"330",2024-07-08,"SSMH-SI","SSMH","SI","21398667",2.68,-1.29,0.695,3.97
"331",2024-07-08,"TNHA-BASE","TNHA","BASE","21390850",3.638,-0.737,1.4505,4.375
"332",2024-07-08,"TNHA-SA","TNHA","SA","21380919",4.37,-0.5,1.935,4.87
"333",2024-07-08,"TNHA-SB","TNHA","SB","21398664",2.46,-0.8,0.83,3.26
"334",2024-07-08,"TNHA-SC","TNHA","SC","21398674",2.38,-0.88,0.75,3.26
"335",2024-07-08,"TNHA-SD","TNHA","SD","21398666",2.57,-0.73,0.92,3.3
"336",2024-07-09,"21981320","SSMH","21981320","21981320",6.877,2.931,4.904,3.946
"337",2024-07-09,"SSMH-SA","SSMH","SA","21398670",7.42,3,5.21,4.42
"338",2024-07-09,"SSMH-SB","SSMH","SB","21398665",7.81,2.98,5.395,4.83
"339",2024-07-09,"SSMH-SI","SSMH","SI","21398667",7.65,2.94,5.295,4.71
"340",2024-07-09,"TNHA-BASE","TNHA","BASE","21390850",7.113,3.145,5.129,3.968
"341",2024-07-09,"TNHA-SA","TNHA","SA","21380919",7.29,3.17,5.23,4.12
"342",2024-07-09,"TNHA-SB","TNHA","SB","21398664",7.5,2.49,4.995,5.01
"343",2024-07-09,"TNHA-SC","TNHA","SC","21398674",7.89,2.53,5.21,5.36
"344",2024-07-09,"TNHA-SD","TNHA","SD","21398666",6.93,2.72,4.825,4.21
"345",2024-07-10,"21981320","SSMH","21981320","21981320",3.617,0.25,1.9335,3.367
"346",2024-07-10,"SSMH-SA","SSMH","SA","21398670",6.3,0.62,3.46,5.68
"347",2024-07-10,"SSMH-SB","SSMH","SB","21398665",4.09,0.53,2.31,3.56
"348",2024-07-10,"SSMH-SI","SSMH","SI","21398667",3.92,0.43,2.175,3.49
"349",2024-07-10,"TNHA-BASE","TNHA","BASE","21390850",3.853,0.593,2.223,3.26
"350",2024-07-10,"TNHA-SA","TNHA","SA","21380919",7.2,0.92,4.06,6.28
"351",2024-07-10,"TNHA-SB","TNHA","SB","21398664",4.46,0.83,2.645,3.63
"352",2024-07-10,"TNHA-SC","TNHA","SC","21398674",3.15,0.64,1.895,2.51
"353",2024-07-10,"TNHA-SD","TNHA","SD","21398666",3.26,0.51,1.885,2.75
"354",2024-07-11,"21981320","SSMH","21981320","21981320",5.676,1.772,3.724,3.904
"355",2024-07-11,"SSMH-SA","SSMH","SA","21398670",7.98,1.91,4.945,6.07
"356",2024-07-11,"SSMH-SB","SSMH","SB","21398665",6.58,2.14,4.36,4.44
"357",2024-07-11,"SSMH-SI","SSMH","SI","21398667",6.35,1.78,4.065,4.57
"358",2024-07-11,"TNHA-BASE","TNHA","BASE","21390850",6.276,2.03,4.153,4.246
"359",2024-07-11,"TNHA-SA","TNHA","SA","21380919",10.01,2.08,6.045,7.93
"360",2024-07-11,"TNHA-SB","TNHA","SB","21398664",7.16,2.36,4.76,4.8
"361",2024-07-11,"TNHA-SC","TNHA","SC","21398674",6.15,2.23,4.19,3.92
"362",2024-07-11,"TNHA-SD","TNHA","SD","21398666",5.94,2.01,3.975,3.93
"363",2024-07-12,"21981320","SSMH","21981320","21981320",6.298,2.545,4.4215,3.753
"364",2024-07-12,"SSMH-SA","SSMH","SA","21398670",9.26,2.66,5.96,6.6
"365",2024-07-12,"SSMH-SB","SSMH","SB","21398665",7.38,2.89,5.135,4.49
"366",2024-07-12,"SSMH-SI","SSMH","SI","21398667",6.82,2.7,4.76,4.12
"367",2024-07-12,"TNHA-BASE","TNHA","BASE","21390850",7.22,2.802,5.011,4.418
"368",2024-07-12,"TNHA-SA","TNHA","SA","21380919",11,2.94,6.97,8.06
"369",2024-07-12,"TNHA-SB","TNHA","SB","21398664",7.81,3,5.405,4.81
"370",2024-07-12,"TNHA-SC","TNHA","SC","21398674",6.56,2.94,4.75,3.62
"371",2024-07-12,"TNHA-SD","TNHA","SD","21398666",6.56,2.76,4.66,3.8
"372",2024-07-13,"21981320","SSMH","21981320","21981320",5.719,1.665,3.692,4.054
"373",2024-07-13,"SSMH-SA","SSMH","SA","21398670",8.04,1.86,4.95,6.18
"374",2024-07-13,"SSMH-SB","SSMH","SB","21398665",6.67,1.8,4.235,4.87
"375",2024-07-13,"SSMH-SI","SSMH","SI","21398667",6.11,1.88,3.995,4.23
"376",2024-07-13,"TNHA-BASE","TNHA","BASE","21390850",6.641,1.901,4.271,4.74
"377",2024-07-13,"TNHA-SA","TNHA","SA","21380919",10.72,2.44,6.58,8.28
"378",2024-07-13,"TNHA-SB","TNHA","SB","21398664",7.72,2.12,4.92,5.6
"379",2024-07-13,"TNHA-SC","TNHA","SC","21398674",5.57,1.88,3.725,3.69
"380",2024-07-13,"TNHA-SD","TNHA","SD","21398666",5.94,1.93,3.935,4.01
"381",2024-07-14,"21981320","SSMH","21981320","21981320",5.333,1.301,3.317,4.032
"382",2024-07-14,"SSMH-SA","SSMH","SA","21398670",5.55,1.58,3.565,3.97
"383",2024-07-14,"SSMH-SB","SSMH","SB","21398665",5.77,1.54,3.655,4.23
"384",2024-07-14,"SSMH-SI","SSMH","SI","21398667",5.57,1.48,3.525,4.09
"385",2024-07-14,"TNHA-BASE","TNHA","BASE","21390850",5.933,1.858,3.8955,4.075
"386",2024-07-14,"TNHA-SA","TNHA","SA","21380919",6.5,2.14,4.32,4.36
"387",2024-07-14,"TNHA-SB","TNHA","SB","21398664",6.41,1.93,4.17,4.48
"388",2024-07-14,"TNHA-SC","TNHA","SC","21398674",5.72,1.82,3.77,3.9
"389",2024-07-14,"TNHA-SD","TNHA","SD","21398666",5.66,1.84,3.75,3.82
"390",2024-07-15,"21981320","SSMH","21981320","21981320",2.437,0.571,1.504,1.866
"391",2024-07-15,"SSMH-SA","SSMH","SA","21398670",2.72,0.71,1.715,2.01
"392",2024-07-15,"SSMH-SB","SSMH","SB","21398665",2.7,0.62,1.66,2.08
"393",2024-07-15,"SSMH-SI","SSMH","SI","21398667",2.68,0.6,1.64,2.08
"394",2024-07-15,"TNHA-BASE","TNHA","BASE","21390850",2.952,0.829,1.8905,2.123
"395",2024-07-15,"TNHA-SA","TNHA","SA","21380919",3.43,1.11,2.27,2.32
"396",2024-07-15,"TNHA-SB","TNHA","SB","21398664",3.09,1.07,2.08,2.02
"397",2024-07-15,"TNHA-SC","TNHA","SC","21398674",2.87,0.71,1.79,2.16
"398",2024-07-15,"TNHA-SD","TNHA","SD","21398666",2.87,0.81,1.84,2.06
"399",2024-07-16,"21981320","SSMH","21981320","21981320",4.26,0.786,2.523,3.474
"400",2024-07-16,"SSMH-SA","SSMH","SA","21398670",5.77,0.96,3.365,4.81
"401",2024-07-16,"SSMH-SB","SSMH","SB","21398665",3.92,0.4,2.16,3.52
"402",2024-07-16,"SSMH-SI","SSMH","SI","21398667",3.86,0.3,2.08,3.56
"403",2024-07-16,"TNHA-BASE","TNHA","BASE","21390850",5.783,0.85,3.3165,4.933
"404",2024-07-16,"TNHA-SA","TNHA","SA","21380919",6.3,0.81,3.555,5.49
"405",2024-07-16,"TNHA-SB","TNHA","SB","21398664",4.48,0.77,2.625,3.71
"406",2024-07-16,"TNHA-SC","TNHA","SC","21398674",3.41,0.83,2.12,2.58
"407",2024-07-16,"TNHA-SD","TNHA","SD","21398666",3.99,0.79,2.39,3.2
"408",2024-07-17,"21981320","SSMH","21981320","21981320",8.657,3.467,6.062,5.19
"409",2024-07-17,"SSMH-SA","SSMH","SA","21398670",9.14,3.84,6.49,5.3
"410",2024-07-17,"SSMH-SB","SSMH","SB","21398665",8.64,2.91,5.775,5.73
"411",2024-07-17,"SSMH-SI","SSMH","SI","21398667",8.98,2.98,5.98,6
"412",2024-07-17,"TNHA-BASE","TNHA","BASE","21390850",8.829,3.274,6.0515,5.555
"413",2024-07-17,"TNHA-SA","TNHA","SA","21380919",8.88,3.34,6.11,5.54
"414",2024-07-17,"TNHA-SB","TNHA","SB","21398664",8.58,3.11,5.845,5.47
"415",2024-07-17,"TNHA-SC","TNHA","SC","21398674",8.3,2.96,5.63,5.34
"416",2024-07-17,"TNHA-SD","TNHA","SD","21398666",8.71,3.04,5.875,5.67
"417",2024-07-18,"21981320","SSMH","21981320","21981320",11.231,6.941,9.086,4.29
"418",2024-07-18,"SSMH-SA","SSMH","SA","21398670",11.49,7.59,9.54,3.9
"419",2024-07-18,"SSMH-SB","SSMH","SB","21398665",10.57,7.18,8.875,3.39
"420",2024-07-18,"SSMH-SI","SSMH","SI","21398667",11.04,7.2,9.12,3.84
"421",2024-07-18,"TNHA-BASE","TNHA","BASE","21390850",11.617,7.156,9.3865,4.461
"422",2024-07-18,"TNHA-SA","TNHA","SA","21380919",11.37,7.1,9.235,4.27
"423",2024-07-18,"TNHA-SB","TNHA","SB","21398664",11.3,7.14,9.22,4.16
"424",2024-07-18,"TNHA-SC","TNHA","SC","21398674",10.31,6.99,8.65,3.32
"425",2024-07-18,"TNHA-SD","TNHA","SD","21398666",11.43,7.1,9.265,4.33
"426",2024-07-19,"21981320","SSMH","21981320","21981320",14.47,3.531,9.0005,10.939
"427",2024-07-19,"BEO-BASE","BEO","BASE","21981318",14.512,3.445,8.9785,11.067
"428",2024-07-19,"SSMH-SA","SSMH","SA","21398670",14.41,3.62,9.015,10.79
"429",2024-07-19,"SSMH-SB","SSMH","SB","21398665",13.34,2.76,8.05,10.58
"430",2024-07-19,"SSMH-SI","SSMH","SI","21398667",14.3,3.09,8.695,11.21
"431",2024-07-19,"TNHA-BASE","TNHA","BASE","21390850",14.47,3.231,8.8505,11.239
"432",2024-07-19,"TNHA-SA","TNHA","SA","21380919",13.55,2.98,8.265,10.57
"433",2024-07-19,"TNHA-SB","TNHA","SB","21398664",13.62,2.91,8.265,10.71
"434",2024-07-19,"TNHA-SC","TNHA","SC","21398674",12.72,2.89,7.805,9.83
"435",2024-07-19,"TNHA-SD","TNHA","SD","21398666",14.52,3.11,8.815,11.41
"436",2024-07-20,"21981320","SSMH","21981320","21981320",7.049,2.609,4.829,4.44
"437",2024-07-20,"BEO-BASE","BEO","BASE","21981318",7.842,2.116,4.979,5.726
"438",2024-07-20,"SSMH-SA","SSMH","SA","21398670",7.33,2.55,4.94,4.78
"439",2024-07-20,"SSMH-SB","SSMH","SB","21398665",6.3,1.78,4.04,4.52
"440",2024-07-20,"SSMH-SI","SSMH","SI","21398667",6.97,1.67,4.32,5.3
"441",2024-07-20,"TNHA-BASE","TNHA","BASE","21390850",7.177,2.137,4.657,5.04
"442",2024-07-20,"TNHA-SA","TNHA","SA","21380919",6.69,1.82,4.255,4.87
"443",2024-07-20,"TNHA-SB","TNHA","SB","21398664",6.8,1.78,4.29,5.02
"444",2024-07-20,"TNHA-SC","TNHA","SC","21398674",6.37,1.76,4.065,4.61
"445",2024-07-20,"TNHA-SD","TNHA","SD","21398666",7.01,2.06,4.535,4.95
"446",2024-07-21,"21981320","SSMH","21981320","21981320",12.84,6.148,9.494,6.692
"447",2024-07-21,"BEO-BASE","BEO","BASE","21981318",13.247,6.234,9.7405,7.013
"448",2024-07-21,"SSMH-SA","SSMH","SA","21398670",12.78,6.56,9.67,6.22
"449",2024-07-21,"SSMH-SB","SSMH","SB","21398665",13.4,5.68,9.54,7.72
"450",2024-07-21,"SSMH-SI","SSMH","SI","21398667",13.83,6.11,9.97,7.72
"451",2024-07-21,"TNHA-BASE","TNHA","BASE","21390850",12.861,6.126,9.4935,6.735
"452",2024-07-21,"TNHA-SA","TNHA","SA","21380919",12.78,5.96,9.37,6.82
"453",2024-07-21,"TNHA-SB","TNHA","SB","21398664",12.95,5.92,9.435,7.03
"454",2024-07-21,"TNHA-SC","TNHA","SC","21398674",14.15,5.92,10.035,8.23
"455",2024-07-21,"TNHA-SD","TNHA","SD","21398666",12.65,6.09,9.37,6.56
"456",2024-07-22,"21981320","SSMH","21981320","21981320",6.834,2.845,4.8395,3.989
"457",2024-07-22,"BEO-BASE","BEO","BASE","21981318",8.057,2.909,5.483,5.148
"458",2024-07-22,"SSMH-SA","SSMH","SA","21398670",7.44,3.13,5.285,4.31
"459",2024-07-22,"SSMH-SB","SSMH","SB","21398665",6.3,3.17,4.735,3.13
"460",2024-07-22,"SSMH-SI","SSMH","SI","21398667",6.48,2.98,4.73,3.5
"461",2024-07-22,"TNHA-BASE","TNHA","BASE","21390850",7.134,3.124,5.129,4.01
"462",2024-07-22,"TNHA-SA","TNHA","SA","21380919",6.8,3.56,5.18,3.24
"463",2024-07-22,"TNHA-SB","TNHA","SB","21398664",6.41,3.32,4.865,3.09
"464",2024-07-22,"TNHA-SC","TNHA","SC","21398674",6.39,3.21,4.8,3.18
"465",2024-07-22,"TNHA-SD","TNHA","SD","21398666",6.56,3.13,4.845,3.43
"466",2024-07-23,"21981320","SSMH","21981320","21981320",14.791,4.11,9.4505,10.681
"467",2024-07-23,"BEO-BASE","BEO","BASE","21981318",16.142,4.239,10.1905,11.903
"468",2024-07-23,"SSMH-SA","SSMH","SA","21398670",15.36,4.57,9.965,10.79
"469",2024-07-23,"SSMH-SB","SSMH","SB","21398665",14.58,4.44,9.51,10.14
"470",2024-07-23,"SSMH-SI","SSMH","SI","21398667",15.08,4.29,9.685,10.79
"471",2024-07-23,"TNHA-BASE","TNHA","BASE","21390850",15.113,4.325,9.719,10.788
"472",2024-07-23,"TNHA-SA","TNHA","SA","21380919",15.1,4.57,9.835,10.53
"473",2024-07-23,"TNHA-SB","TNHA","SB","21398664",15.1,4.63,9.865,10.47
"474",2024-07-23,"TNHA-SC","TNHA","SC","21398674",14.43,4.37,9.4,10.06
"475",2024-07-23,"TNHA-SD","TNHA","SD","21398666",15.03,4.22,9.625,10.81
"476",2024-07-24,"21981320","SSMH","21981320","21981320",16.807,6.469,11.638,10.338
"477",2024-07-24,"BEO-BASE","BEO","BASE","21981318",17.515,6.684,12.0995,10.831
"478",2024-07-24,"SSMH-SA","SSMH","SA","21398670",17.74,6.63,12.185,11.11
"479",2024-07-24,"SSMH-SB","SSMH","SB","21398665",17.52,5.57,11.545,11.95
"480",2024-07-24,"SSMH-SI","SSMH","SI","21398667",17.33,6.07,11.7,11.26
"481",2024-07-24,"TNHA-BASE","TNHA","BASE","21390850",17.537,6.512,12.0245,11.025
"482",2024-07-24,"TNHA-SA","TNHA","SA","21380919",17.52,6.13,11.825,11.39
"483",2024-07-24,"TNHA-SB","TNHA","SB","21398664",17.59,6.15,11.87,11.44
"484",2024-07-24,"TNHA-SC","TNHA","SC","21398674",16.71,6.11,11.41,10.6
"485",2024-07-24,"TNHA-SD","TNHA","SD","21398666",17.16,6.41,11.785,10.75
"486",2024-07-25,"21981320","SSMH","21981320","21981320",9.837,4.711,7.274,5.126
"487",2024-07-25,"BEO-BASE","BEO","BASE","21981318",9.301,4.604,6.9525,4.697
"488",2024-07-25,"SSMH-SA","SSMH","SA","21398670",10.66,5.49,8.075,5.17
"489",2024-07-25,"SSMH-SB","SSMH","SB","21398665",7.96,3.77,5.865,4.19
"490",2024-07-25,"SSMH-SI","SSMH","SI","21398667",8.96,3.99,6.475,4.97
"491",2024-07-25,"TNHA-BASE","TNHA","BASE","21390850",9.515,4.132,6.8235,5.383
"492",2024-07-25,"TNHA-SA","TNHA","SA","21380919",8.68,4.78,6.73,3.9
"493",2024-07-25,"TNHA-SB","TNHA","SB","21398664",7.83,4.01,5.92,3.82
"494",2024-07-25,"TNHA-SC","TNHA","SC","21398674",8.83,3.36,6.095,5.47
"495",2024-07-25,"TNHA-SD","TNHA","SD","21398666",9.09,3.6,6.345,5.49
"496",2024-07-26,"21981320","SSMH","21981320","21981320",4.282,1.215,2.7485,3.067
"497",2024-07-26,"BEO-BASE","BEO","BASE","21981318",4.453,1.429,2.941,3.024
"498",2024-07-26,"SSMH-SA","SSMH","SA","21398670",5.25,1.43,3.34,3.82
"499",2024-07-26,"SSMH-SB","SSMH","SB","21398665",4.2,1.41,2.805,2.79
"500",2024-07-26,"SSMH-SI","SSMH","SI","21398667",4.16,1.35,2.755,2.81
"501",2024-07-26,"TNHA-BASE","TNHA","BASE","21390850",4.003,1.73,2.8665,2.273
"502",2024-07-26,"TNHA-SA","TNHA","SA","21380919",5.17,2.08,3.625,3.09
"503",2024-07-26,"TNHA-SB","TNHA","SB","21398664",4.65,1.82,3.235,2.83
"504",2024-07-26,"TNHA-SC","TNHA","SC","21398674",3.43,1.71,2.57,1.72
"505",2024-07-26,"TNHA-SD","TNHA","SD","21398666",3.79,1.73,2.76,2.06
"506",2024-07-27,"21981320","SSMH","21981320","21981320",2.373,0.571,1.472,1.802
"507",2024-07-27,"BEO-BASE","BEO","BASE","21981318",3.531,0.786,2.1585,2.745
"508",2024-07-27,"SSMH-SA","SSMH","SA","21398670",3.6,0.92,2.26,2.68
"509",2024-07-27,"SSMH-SB","SSMH","SB","21398665",3.06,0.86,1.96,2.2
"510",2024-07-27,"SSMH-SI","SSMH","SI","21398667",2.7,0.71,1.705,1.99
"511",2024-07-27,"TNHA-BASE","TNHA","BASE","21390850",2.63,1.172,1.901,1.458
"512",2024-07-27,"TNHA-SA","TNHA","SA","21380919",4.07,1.33,2.7,2.74
"513",2024-07-27,"TNHA-SB","TNHA","SB","21398664",3.15,1.22,2.185,1.93
"514",2024-07-27,"TNHA-SC","TNHA","SC","21398674",2.46,1.22,1.84,1.24
"515",2024-07-27,"TNHA-SD","TNHA","SD","21398666",2.44,1.18,1.81,1.26
"516",2024-07-28,"21981320","SSMH","21981320","21981320",3.531,1.472,2.5015,2.059
"517",2024-07-28,"BEO-BASE","BEO","BASE","21981318",3.317,1.451,2.384,1.866
"518",2024-07-28,"SSMH-SA","SSMH","SA","21398670",4.63,1.8,3.215,2.83
"519",2024-07-28,"SSMH-SB","SSMH","SB","21398665",3.92,1.71,2.815,2.21
"520",2024-07-28,"SSMH-SI","SSMH","SI","21398667",3.52,1.46,2.49,2.06
"521",2024-07-28,"TNHA-BASE","TNHA","BASE","21390850",3.574,1.708,2.641,1.866
"522",2024-07-28,"TNHA-SA","TNHA","SA","21380919",5.49,1.86,3.675,3.63
"523",2024-07-28,"TNHA-SB","TNHA","SB","21398664",3.75,1.88,2.815,1.87
"524",2024-07-28,"TNHA-SC","TNHA","SC","21398674",3.15,1.69,2.42,1.46
"525",2024-07-28,"TNHA-SD","TNHA","SD","21398666",3.3,1.67,2.485,1.63
"526",2024-07-29,"21981320","SSMH","21981320","21981320",2.738,1.193,1.9655,1.545
"527",2024-07-29,"BEO-BASE","BEO","BASE","21981318",2.738,1.15,1.944,1.588
"528",2024-07-29,"SSMH-SA","SSMH","SA","21398670",4.12,1.5,2.81,2.62
"529",2024-07-29,"SSMH-SB","SSMH","SB","21398665",3.36,1.48,2.42,1.88
"530",2024-07-29,"SSMH-SI","SSMH","SI","21398667",3.17,1.33,2.25,1.84
"531",2024-07-29,"TNHA-BASE","TNHA","BASE","21390850",2.738,1.408,2.073,1.33
"532",2024-07-29,"TNHA-SA","TNHA","SA","21380919",4.16,1.63,2.895,2.53
"533",2024-07-29,"TNHA-SB","TNHA","SB","21398664",3.21,1.58,2.395,1.63
"534",2024-07-29,"TNHA-SC","TNHA","SC","21398674",2.87,1.52,2.195,1.35
"535",2024-07-29,"TNHA-SD","TNHA","SD","21398666",2.66,1.43,2.045,1.23
"536",2024-07-30,"21981320","SSMH","21981320","21981320",3.896,1.129,2.5125,2.767
"537",2024-07-30,"BEO-BASE","BEO","BASE","21981318",5.397,1.15,3.2735,4.247
"538",2024-07-30,"SSMH-SA","SSMH","SA","21398670",4.87,1.56,3.215,3.31
"539",2024-07-30,"SSMH-SB","SSMH","SB","21398665",4.44,1.46,2.95,2.98
"540",2024-07-30,"SSMH-SI","SSMH","SI","21398667",4.24,1.28,2.76,2.96
"541",2024-07-30,"TNHA-BASE","TNHA","BASE","21390850",4.346,1.558,2.952,2.788
"542",2024-07-30,"TNHA-SA","TNHA","SA","21380919",5.51,1.82,3.665,3.69
"543",2024-07-30,"TNHA-SB","TNHA","SB","21398664",5.64,1.67,3.655,3.97
"544",2024-07-30,"TNHA-SC","TNHA","SC","21398674",4.65,1.56,3.105,3.09
"545",2024-07-30,"TNHA-SD","TNHA","SD","21398666",4.2,1.52,2.86,2.68
"546",2024-07-31,"21981320","SSMH","21981320","21981320",7.478,1.622,4.55,5.856
"547",2024-07-31,"BEO-BASE","BEO","BASE","21981318",7.435,1.815,4.625,5.62
"548",2024-07-31,"SSMH-SA","SSMH","SA","21398670",7.5,2.01,4.755,5.49
"549",2024-07-31,"SSMH-SB","SSMH","SB","21398665",7.4,1.97,4.685,5.43
"550",2024-07-31,"SSMH-SI","SSMH","SI","21398667",7.63,1.73,4.68,5.9
"551",2024-07-31,"TNHA-BASE","TNHA","BASE","21390850",7.671,1.965,4.818,5.706
"552",2024-07-31,"TNHA-SA","TNHA","SA","21380919",7.72,2.25,4.985,5.47
"553",2024-07-31,"TNHA-SB","TNHA","SB","21398664",7.74,2.21,4.975,5.53
"554",2024-07-31,"TNHA-SC","TNHA","SC","21398674",7.65,2.29,4.97,5.36
"555",2024-07-31,"TNHA-SD","TNHA","SD","21398666",7.59,1.97,4.78,5.62
"556",2024-08-01,"21981320","SSMH","21981320","21981320",5.805,1.343,3.574,4.462
"557",2024-08-01,"BEO-BASE","BEO","BASE","21981318",5.59,0.721,3.1555,4.869
"558",2024-08-01,"SSMH-SA","SSMH","SA","21398670",6.02,1.39,3.705,4.63
"559",2024-08-01,"SSMH-SB","SSMH","SB","21398665",5.7,0.83,3.265,4.87
"560",2024-08-01,"SSMH-SI","SSMH","SI","21398667",5.96,1.05,3.505,4.91
"561",2024-08-01,"TNHA-BASE","TNHA","BASE","21390850",5.912,1.065,3.4885,4.847
"562",2024-08-01,"TNHA-SA","TNHA","SA","21380919",5.85,0.96,3.405,4.89
"563",2024-08-01,"TNHA-SB","TNHA","SB","21398664",6.02,0.83,3.425,5.19
"564",2024-08-01,"TNHA-SC","TNHA","SC","21398674",5.68,0.81,3.245,4.87
"565",2024-08-01,"TNHA-SD","TNHA","SD","21398666",5.77,0.94,3.355,4.83
"566",2024-08-02,"21981320","SSMH","21981320","21981320",5.161,0.035,2.598,5.126
"567",2024-08-02,"BEO-BASE","BEO","BASE","21981318",5.826,-0.608,2.609,6.434
"568",2024-08-02,"SSMH-SA","SSMH","SA","21398670",6.02,-0.09,2.965,6.11
"569",2024-08-02,"SSMH-SB","SSMH","SB","21398665",4.65,-0.6,2.025,5.25
"570",2024-08-02,"SSMH-SI","SSMH","SI","21398667",5.08,-0.62,2.23,5.7
"571",2024-08-02,"TNHA-BASE","TNHA","BASE","21390850",5.354,-0.651,2.3515,6.005
"572",2024-08-02,"TNHA-SA","TNHA","SA","21380919",4.8,-0.82,1.99,5.62
"573",2024-08-02,"TNHA-SB","TNHA","SB","21398664",4.57,-1.03,1.77,5.6
"574",2024-08-02,"TNHA-SC","TNHA","SC","21398674",4.18,-0.8,1.69,4.98
"575",2024-08-02,"TNHA-SD","TNHA","SD","21398666",4.95,-0.67,2.14,5.62
"576",2024-08-03,"21981320","SSMH","21981320","21981320",9.193,0.979,5.086,8.214
"577",2024-08-03,"BEO-BASE","BEO","BASE","21981318",10.073,-0.565,4.754,10.638
"578",2024-08-03,"SSMH-SA","SSMH","SA","21398670",9.86,0.66,5.26,9.2
"579",2024-08-03,"SSMH-SB","SSMH","SB","21398665",9.16,1.56,5.36,7.6
"580",2024-08-03,"SSMH-SI","SSMH","SI","21398667",9.48,-0.05,4.715,9.53
"581",2024-08-03,"TNHA-BASE","TNHA","BASE","21390850",9.708,1.022,5.365,8.686
"582",2024-08-03,"TNHA-SA","TNHA","SA","21380919",9.69,1.01,5.35,8.68
"583",2024-08-03,"TNHA-SB","TNHA","SB","21398664",9.69,1.22,5.455,8.47
"584",2024-08-03,"TNHA-SC","TNHA","SC","21398674",8.79,1.56,5.175,7.23
"585",2024-08-03,"TNHA-SD","TNHA","SD","21398666",9.52,1.05,5.285,8.47
"586",2024-08-04,"21981320","SSMH","21981320","21981320",13.268,8.872,11.07,4.396
"587",2024-08-04,"BEO-BASE","BEO","BASE","21981318",13.118,8.807,10.9625,4.311
"588",2024-08-04,"SSMH-SA","SSMH","SA","21398670",13.15,9.18,11.165,3.97
"589",2024-08-04,"SSMH-SB","SSMH","SB","21398665",12.27,8.68,10.475,3.59
"590",2024-08-04,"SSMH-SI","SSMH","SI","21398667",12.48,8.83,10.655,3.65
"591",2024-08-04,"TNHA-BASE","TNHA","BASE","21390850",13.333,9.043,11.188,4.29
"592",2024-08-04,"TNHA-SA","TNHA","SA","21380919",13.43,9.05,11.24,4.38
"593",2024-08-04,"TNHA-SB","TNHA","SB","21398664",13.3,9.05,11.175,4.25
"594",2024-08-04,"TNHA-SC","TNHA","SC","21398674",12.63,8.79,10.71,3.84
"595",2024-08-04,"TNHA-SD","TNHA","SD","21398666",13.1,8.98,11.04,4.12
"596",2024-08-05,"21981320","SSMH","21981320","21981320",19.939,12.818,16.3785,7.121
"597",2024-08-05,"BEO-BASE","BEO","BASE","21981318",19.96,11.51,15.735,8.45
"598",2024-08-05,"SSMH-SA","SSMH","SA","21398670",19.86,12.16,16.01,7.7
"599",2024-08-05,"SSMH-SB","SSMH","SB","21398665",18.51,11.79,15.15,6.72
"600",2024-08-05,"SSMH-SI","SSMH","SI","21398667",18.7,11.32,15.01,7.38
"601",2024-08-05,"TNHA-BASE","TNHA","BASE","21390850",20.132,12.282,16.207,7.85
"602",2024-08-05,"TNHA-SA","TNHA","SA","21380919",20.87,12.25,16.56,8.62
"603",2024-08-05,"TNHA-SB","TNHA","SB","21398664",19.95,12.16,16.055,7.79
"604",2024-08-05,"TNHA-SC","TNHA","SC","21398674",18.55,11.99,15.27,6.56
"605",2024-08-05,"TNHA-SD","TNHA","SD","21398666",19.8,12.2,16,7.6
"606",2024-08-06,"21981320","SSMH","21981320","21981320",20.26,6.984,13.622,13.276
"607",2024-08-06,"BEO-BASE","BEO","BASE","21981318",20.067,7.456,13.7615,12.611
"608",2024-08-06,"SSMH-SA","SSMH","SA","21398670",20.78,7.27,14.025,13.51
"609",2024-08-06,"SSMH-SB","SSMH","SB","21398665",19.6,7.1,13.35,12.5
"610",2024-08-06,"SSMH-SI","SSMH","SI","21398667",19.69,7.18,13.435,12.51
"611",2024-08-06,"TNHA-BASE","TNHA","BASE","21390850",21.183,7.456,14.3195,13.727
"612",2024-08-06,"TNHA-SA","TNHA","SA","21380919",22.5,7.72,15.11,14.78
"613",2024-08-06,"TNHA-SB","TNHA","SB","21398664",20.95,7.55,14.25,13.4
"614",2024-08-06,"TNHA-SC","TNHA","SC","21398674",18.96,7.38,13.17,11.58
"615",2024-08-06,"TNHA-SD","TNHA","SD","21398666",20.27,7.35,13.81,12.92
"616",2024-08-07,"21981320","SSMH","21981320","21981320",21.44,8.957,15.1985,12.483
"617",2024-08-07,"BEO-BASE","BEO","BASE","21981318",21.976,7.949,14.9625,14.027
"618",2024-08-07,"SSMH-SA","SSMH","SA","21398670",21.47,8.68,15.075,12.79
"619",2024-08-07,"SSMH-SB","SSMH","SB","21398665",22.09,9.24,15.665,12.85
"620",2024-08-07,"SSMH-SI","SSMH","SI","21398667",21.08,7.4,14.24,13.68
"621",2024-08-07,"TNHA-BASE","TNHA","BASE","21390850",21.483,9.279,15.381,12.204
"622",2024-08-07,"TNHA-SA","TNHA","SA","21380919",22.24,9.48,15.86,12.76
"623",2024-08-07,"TNHA-SB","TNHA","SB","21398664",21.45,9.39,15.42,12.06
"624",2024-08-07,"TNHA-SC","TNHA","SC","21398674",20.7,9.33,15.015,11.37
"625",2024-08-07,"TNHA-SD","TNHA","SD","21398666",21.13,9.33,15.23,11.8
"626",2024-08-08,"21981320","SSMH","21981320","21981320",16.1,7.242,11.671,8.858
"627",2024-08-08,"BEO-BASE","BEO","BASE","21981318",16.035,6.427,11.231,9.608
"628",2024-08-08,"SSMH-SA","SSMH","SA","21398670",16.64,6.75,11.695,9.89
"629",2024-08-08,"SSMH-SB","SSMH","SB","21398665",16.41,5.6,11.005,10.81
"630",2024-08-08,"SSMH-SI","SSMH","SI","21398667",16.3,6.33,11.315,9.97
"631",2024-08-08,"TNHA-BASE","TNHA","BASE","21390850",16.014,6.92,11.467,9.094
"632",2024-08-08,"TNHA-SA","TNHA","SA","21380919",17.65,6.26,11.955,11.39
"633",2024-08-08,"TNHA-SB","TNHA","SB","21398664",16.49,5.98,11.235,10.51
"634",2024-08-08,"TNHA-SC","TNHA","SC","21398674",17.33,6.3,11.815,11.03
"635",2024-08-08,"TNHA-SD","TNHA","SD","21398666",15.96,6.75,11.355,9.21
"636",2024-08-09,"21981320","SSMH","21981320","21981320",7.134,4.582,5.858,2.552
"637",2024-08-09,"BEO-BASE","BEO","BASE","21981318",8.1,4.024,6.062,4.076
"638",2024-08-09,"SSMH-SA","SSMH","SA","21398670",8.04,4.82,6.43,3.22
"639",2024-08-09,"SSMH-SB","SSMH","SB","21398665",5.12,3.71,4.415,1.41
"640",2024-08-09,"SSMH-SI","SSMH","SI","21398667",5.42,3.69,4.555,1.73
"641",2024-08-09,"TNHA-BASE","TNHA","BASE","21390850",7.671,3.96,5.8155,3.711
"642",2024-08-09,"TNHA-SA","TNHA","SA","21380919",7.5,4.44,5.97,3.06
"643",2024-08-09,"TNHA-SB","TNHA","SB","21398664",6.15,3.77,4.96,2.38
"644",2024-08-09,"TNHA-SC","TNHA","SC","21398674",4.95,3.67,4.31,1.28
"645",2024-08-09,"TNHA-SD","TNHA","SD","21398666",5.4,3.67,4.535,1.73
"646",2024-08-10,"21981320","SSMH","21981320","21981320",10.48,5.869,8.1745,4.611
"647",2024-08-10,"BEO-BASE","BEO","BASE","21981318",10.416,5.633,8.0245,4.783
"648",2024-08-10,"SSMH-SA","SSMH","SA","21398670",11.28,6.11,8.695,5.17
"649",2024-08-10,"SSMH-SB","SSMH","SB","21398665",10.92,5.81,8.365,5.11
"650",2024-08-10,"SSMH-SI","SSMH","SI","21398667",10.42,5.72,8.07,4.7
"651",2024-08-10,"TNHA-BASE","TNHA","BASE","21390850",10.738,5.976,8.357,4.762
"652",2024-08-10,"TNHA-SA","TNHA","SA","21380919",11.79,6.17,8.98,5.62
"653",2024-08-10,"TNHA-SB","TNHA","SB","21398664",11.11,5.87,8.49,5.24
"654",2024-08-10,"TNHA-SC","TNHA","SC","21398674",10.42,5.53,7.975,4.89
"655",2024-08-10,"TNHA-SD","TNHA","SD","21398666",10.46,5.57,8.015,4.89
"656",2024-08-11,"21981320","SSMH","21981320","21981320",10.03,5.976,8.003,4.054
"657",2024-08-11,"BEO-BASE","BEO","BASE","21981318",10.566,6.105,8.3355,4.461
"658",2024-08-11,"SSMH-SA","SSMH","SA","21398670",11.99,6.15,9.07,5.84
"659",2024-08-11,"SSMH-SB","SSMH","SB","21398665",10.66,6.2,8.43,4.46
"660",2024-08-11,"SSMH-SI","SSMH","SI","21398667",10.27,6.17,8.22,4.1
"661",2024-08-11,"TNHA-BASE","TNHA","BASE","21390850",13.226,6.298,9.762,6.928
"662",2024-08-11,"TNHA-SA","TNHA","SA","21380919",14.35,6.41,10.38,7.94
"663",2024-08-11,"TNHA-SB","TNHA","SB","21398664",10.21,6.41,8.31,3.8
"664",2024-08-11,"TNHA-SC","TNHA","SC","21398674",9.89,6.45,8.17,3.44
"665",2024-08-11,"TNHA-SD","TNHA","SD","21398666",10.38,6.26,8.32,4.12
"666",2024-08-12,"21981320","SSMH","21981320","21981320",10.416,3.445,6.9305,6.971
"667",2024-08-12,"BEO-BASE","BEO","BASE","21981318",10.974,2.652,6.813,8.322
"668",2024-08-12,"SSMH-SA","SSMH","SA","21398670",13.36,3.45,8.405,9.91
"669",2024-08-12,"SSMH-SB","SSMH","SB","21398665",12.37,2.87,7.62,9.5
"670",2024-08-12,"SSMH-SI","SSMH","SI","21398667",11.43,3,7.215,8.43
"671",2024-08-12,"TNHA-BASE","TNHA","BASE","21390850",11.681,3.016,7.3485,8.665
"672",2024-08-12,"TNHA-SA","TNHA","SA","21380919",14.95,3.04,8.995,11.91
"673",2024-08-12,"TNHA-SB","TNHA","SB","21398664",12.35,2.91,7.63,9.44
"674",2024-08-12,"TNHA-SC","TNHA","SC","21398674",10.59,2.89,6.74,7.7
"675",2024-08-12,"TNHA-SD","TNHA","SD","21398666",10.44,2.91,6.675,7.53
"676",2024-08-13,"21981320","SSMH","21981320","21981320",10.502,4.839,7.6705,5.663
"677",2024-08-13,"BEO-BASE","BEO","BASE","21981318",9.987,4.217,7.102,5.77
"678",2024-08-13,"SSMH-SA","SSMH","SA","21398670",10.29,4.97,7.63,5.32
"679",2024-08-13,"SSMH-SB","SSMH","SB","21398665",10.12,4.33,7.225,5.79
"680",2024-08-13,"SSMH-SI","SSMH","SI","21398667",10.25,4.42,7.335,5.83
"681",2024-08-13,"TNHA-BASE","TNHA","BASE","21390850",10.287,4.582,7.4345,5.705
"682",2024-08-13,"TNHA-SA","TNHA","SA","21380919",10.38,4.48,7.43,5.9
"683",2024-08-13,"TNHA-SB","TNHA","SB","21398664",10.44,4.33,7.385,6.11
"684",2024-08-13,"TNHA-SC","TNHA","SC","21398674",9.56,4.31,6.935,5.25
"685",2024-08-13,"TNHA-SD","TNHA","SD","21398666",10.19,4.39,7.29,5.8
"686",2024-08-14,"21981320","SSMH","21981320","21981320",9.687,3.209,6.448,6.478
"687",2024-08-14,"BEO-BASE","BEO","BASE","21981318",9.966,2.309,6.1375,7.657
"688",2024-08-14,"SSMH-SA","SSMH","SA","21398670",9.93,3.77,6.85,6.16
"689",2024-08-14,"SSMH-SB","SSMH","SB","21398665",9.69,2.46,6.075,7.23
"690",2024-08-14,"SSMH-SI","SSMH","SI","21398667",9.8,2.46,6.13,7.34
"691",2024-08-14,"TNHA-BASE","TNHA","BASE","21390850",9.708,2.823,6.2655,6.885
"692",2024-08-14,"TNHA-SA","TNHA","SA","21380919",9.65,2.89,6.27,6.76
"693",2024-08-14,"TNHA-SB","TNHA","SB","21398664",9.61,2.59,6.1,7.02
"694",2024-08-14,"TNHA-SC","TNHA","SC","21398674",9.44,2.53,5.985,6.91
"695",2024-08-14,"TNHA-SD","TNHA","SD","21398666",9.65,2.59,6.12,7.06
"696",2024-08-15,"21981320","SSMH","21981320","21981320",7.756,4.775,6.2655,2.981
"697",2024-08-15,"BEO-BASE","BEO","BASE","21981318",8.807,4.067,6.437,4.74
"698",2024-08-15,"SSMH-SA","SSMH","SA","21398670",9.18,4.89,7.035,4.29
"699",2024-08-15,"SSMH-SB","SSMH","SB","21398665",8.15,5,6.575,3.15
"700",2024-08-15,"SSMH-SI","SSMH","SI","21398667",7.1,5.12,6.11,1.98
"701",2024-08-15,"TNHA-BASE","TNHA","BASE","21390850",7.585,5.118,6.3515,2.467
"702",2024-08-15,"TNHA-SA","TNHA","SA","21380919",10.29,5.06,7.675,5.23
"703",2024-08-15,"TNHA-SB","TNHA","SB","21398664",7.18,5.1,6.14,2.08
"704",2024-08-15,"TNHA-SC","TNHA","SC","21398674",7.85,5.02,6.435,2.83
"705",2024-08-15,"TNHA-SD","TNHA","SD","21398666",6.82,5.08,5.95,1.74
"706",2024-08-16,"21981320","SSMH","21981320","21981320",8.014,5.569,6.7915,2.445
"707",2024-08-16,"BEO-BASE","BEO","BASE","21981318",8.378,4.689,6.5335,3.689
"708",2024-08-16,"SSMH-SA","SSMH","SA","21398670",10.27,6.9,8.585,3.37
"709",2024-08-16,"SSMH-SB","SSMH","SB","21398665",9.48,4.76,7.12,4.72
"710",2024-08-16,"SSMH-SI","SSMH","SI","21398667",8.66,4.82,6.74,3.84
"711",2024-08-16,"TNHA-BASE","TNHA","BASE","21390850",10.159,5.161,7.66,4.998
"712",2024-08-16,"TNHA-SA","TNHA","SA","21380919",11.49,5.55,8.52,5.94
"713",2024-08-16,"TNHA-SB","TNHA","SB","21398664",9.03,5.04,7.035,3.99
"714",2024-08-16,"TNHA-SC","TNHA","SC","21398674",10.08,4.8,7.44,5.28
"715",2024-08-16,"TNHA-SD","TNHA","SD","21398666",7.89,4.76,6.325,3.13
"716",2024-08-17,"21981320","SSMH","21981320","21981320",5.397,1.708,3.5525,3.689
"717",2024-08-17,"BEO-BASE","BEO","BASE","21981318",6.148,0.979,3.5635,5.169
"718",2024-08-17,"SSMH-SA","SSMH","SA","21398670",8.32,2.12,5.22,6.2
"719",2024-08-17,"SSMH-SB","SSMH","SB","21398665",4.82,1.13,2.975,3.69
"720",2024-08-17,"SSMH-SI","SSMH","SI","21398667",5,1.33,3.165,3.67
"721",2024-08-17,"TNHA-BASE","TNHA","BASE","21390850",5.719,1.279,3.499,4.44
"722",2024-08-17,"TNHA-SA","TNHA","SA","21380919",6.95,1.69,4.32,5.26
"723",2024-08-17,"TNHA-SB","TNHA","SB","21398664",5.06,1.28,3.17,3.78
"724",2024-08-17,"TNHA-SC","TNHA","SC","21398674",4.78,1.28,3.03,3.5
"725",2024-08-17,"TNHA-SD","TNHA","SD","21398666",4.91,1.22,3.065,3.69
"726",2024-08-18,"21981320","SSMH","21981320","21981320",4.732,1.601,3.1665,3.131
"727",2024-08-18,"BEO-BASE","BEO","BASE","21981318",5.032,1.258,3.145,3.774
"728",2024-08-18,"SSMH-SA","SSMH","SA","21398670",9.37,1.78,5.575,7.59
"729",2024-08-18,"SSMH-SB","SSMH","SB","21398665",4.89,1.84,3.365,3.05
"730",2024-08-18,"SSMH-SI","SSMH","SI","21398667",4.91,1.63,3.27,3.28
"731",2024-08-18,"TNHA-BASE","TNHA","BASE","21390850",6.255,1.944,4.0995,4.311
"732",2024-08-18,"TNHA-SA","TNHA","SA","21380919",9.86,2.19,6.025,7.67
"733",2024-08-18,"TNHA-SB","TNHA","SB","21398664",5.1,2.23,3.665,2.87
"734",2024-08-18,"TNHA-SC","TNHA","SC","21398674",4.91,2.06,3.485,2.85
"735",2024-08-18,"TNHA-SD","TNHA","SD","21398666",4.87,1.76,3.315,3.11
"736",2024-08-19,"21981320","SSMH","21981320","21981320",5.075,3.274,4.1745,1.801
"737",2024-08-19,"BEO-BASE","BEO","BASE","21981318",4.925,2.137,3.531,2.788
"738",2024-08-19,"SSMH-SA","SSMH","SA","21398670",5.3,3.92,4.61,1.38
"739",2024-08-19,"SSMH-SB","SSMH","SB","21398665",5.02,2.49,3.755,2.53
"740",2024-08-19,"SSMH-SI","SSMH","SI","21398667",4.97,2.49,3.73,2.48
"741",2024-08-19,"TNHA-BASE","TNHA","BASE","21390850",5.054,2.802,3.928,2.252
"742",2024-08-19,"TNHA-SA","TNHA","SA","21380919",5.42,2.83,4.125,2.59
"743",2024-08-19,"TNHA-SB","TNHA","SB","21398664",5.3,2.85,4.075,2.45
"744",2024-08-19,"TNHA-SC","TNHA","SC","21398674",5.08,2.61,3.845,2.47
"745",2024-08-19,"TNHA-SD","TNHA","SD","21398666",5.08,2.61,3.845,2.47
"746",2024-08-20,"21981320","SSMH","21981320","21981320",14.341,1.172,7.7565,13.169
"747",2024-08-20,"BEO-BASE","BEO","BASE","21981318",5.44,-0.072,2.684,5.512
"748",2024-08-20,"SSMH-SA","SSMH","SA","21398670",5.47,1.78,3.625,3.69
"749",2024-08-20,"SSMH-SB","SSMH","SB","21398665",5.15,0.86,3.005,4.29
"750",2024-08-20,"SSMH-SI","SSMH","SI","21398667",4.35,1.01,2.68,3.34
"751",2024-08-20,"TNHA-BASE","TNHA","BASE","21390850",5.783,0.893,3.338,4.89
"752",2024-08-20,"TNHA-SA","TNHA","SA","21380919",6.52,1.24,3.88,5.28
"753",2024-08-20,"TNHA-SB","TNHA","SB","21398664",4.74,1.05,2.895,3.69
"754",2024-08-20,"TNHA-SC","TNHA","SC","21398674",4.84,1.05,2.945,3.79
"755",2024-08-20,"TNHA-SD","TNHA","SD","21398666",4.48,0.96,2.72,3.52
"756",2024-08-21,"21981320","SSMH","21981320","21981320",7.499,4.689,6.094,2.81
"757",2024-08-21,"BEO-BASE","BEO","BASE","21981318",8.207,4.625,6.416,3.582
"758",2024-08-21,"SSMH-SA","SSMH","SA","21398670",7.91,4.87,6.39,3.04
"759",2024-08-21,"SSMH-SB","SSMH","SB","21398665",7.89,4.89,6.39,3
"760",2024-08-21,"SSMH-SI","SSMH","SI","21398667",7.91,4.67,6.29,3.24
"761",2024-08-21,"TNHA-BASE","TNHA","BASE","21390850",7.949,5.075,6.512,2.874
"762",2024-08-21,"TNHA-SA","TNHA","SA","21380919",7.98,5.06,6.52,2.92
"763",2024-08-21,"TNHA-SB","TNHA","SB","21398664",8.11,5.12,6.615,2.99
"764",2024-08-21,"TNHA-SC","TNHA","SC","21398674",7.93,4.91,6.42,3.02
"765",2024-08-21,"TNHA-SD","TNHA","SD","21398666",7.85,4.87,6.36,2.98
"766",2024-08-22,"21981320","SSMH","21981320","21981320",9.301,5.376,7.3385,3.925
"767",2024-08-22,"BEO-BASE","BEO","BASE","21981318",9.15,4.754,6.952,4.396
"768",2024-08-22,"SSMH-SA","SSMH","SA","21398670",9.24,5.81,7.525,3.43
"769",2024-08-22,"SSMH-SB","SSMH","SB","21398665",9.07,3.92,6.495,5.15
"770",2024-08-22,"SSMH-SI","SSMH","SI","21398667",9.26,4.12,6.69,5.14
"771",2024-08-22,"TNHA-BASE","TNHA","BASE","21390850",9.322,4.668,6.995,4.654
"772",2024-08-22,"TNHA-SA","TNHA","SA","21380919",9.24,4.61,6.925,4.63
"773",2024-08-22,"TNHA-SB","TNHA","SB","21398664",9.39,4.31,6.85,5.08
"774",2024-08-22,"TNHA-SC","TNHA","SC","21398674",9.31,3.92,6.615,5.39
"775",2024-08-22,"TNHA-SD","TNHA","SD","21398666",9.14,4.09,6.615,5.05
"776",2024-08-23,"21981320","SSMH","21981320","21981320",6.019,2.459,4.239,3.56
"777",2024-08-23,"BEO-BASE","BEO","BASE","21981318",4.668,0.636,2.652,4.032
"778",2024-08-23,"SSMH-SA","SSMH","SA","21398670",6.11,2.42,4.265,3.69
"779",2024-08-23,"SSMH-SB","SSMH","SB","21398665",4.31,-0.17,2.07,4.48
"780",2024-08-23,"SSMH-SI","SSMH","SI","21398667",4.5,0.13,2.315,4.37
"781",2024-08-23,"TNHA-BASE","TNHA","BASE","21390850",4.711,0.957,2.834,3.754
"782",2024-08-23,"TNHA-SA","TNHA","SA","21380919",5.42,1.18,3.3,4.24
"783",2024-08-23,"TNHA-SB","TNHA","SB","21398664",4.5,0.23,2.365,4.27
"784",2024-08-23,"TNHA-SC","TNHA","SC","21398674",4.22,-0.26,1.98,4.48
"785",2024-08-23,"TNHA-SD","TNHA","SD","21398666",4.2,0.04,2.12,4.16
"786",2024-08-24,"21981320","SSMH","21981320","21981320",3.252,1.022,2.137,2.23
"787",2024-08-24,"BEO-BASE","BEO","BASE","21981318",2.351,0.528,1.4395,1.823
"788",2024-08-24,"SSMH-SA","SSMH","SA","21398670",3.92,1.78,2.85,2.14
"789",2024-08-24,"SSMH-SB","SSMH","SB","21398665",2.19,0.83,1.51,1.36
"790",2024-08-24,"SSMH-SI","SSMH","SI","21398667",2.44,0.96,1.7,1.48
"791",2024-08-24,"TNHA-BASE","TNHA","BASE","21390850",2.63,1.043,1.8365,1.587
"792",2024-08-24,"TNHA-SA","TNHA","SA","21380919",2.94,1.22,2.08,1.72
"793",2024-08-24,"TNHA-SB","TNHA","SB","21398664",2.42,0.9,1.66,1.52
"794",2024-08-24,"TNHA-SC","TNHA","SC","21398674",2.23,0.94,1.585,1.29
"795",2024-08-24,"TNHA-SD","TNHA","SD","21398666",2.27,0.86,1.565,1.41
"796",2024-08-25,"21981320","SSMH","21981320","21981320",4.625,0.078,2.3515,4.547
"797",2024-08-25,"BEO-BASE","BEO","BASE","21981318",3.617,-0.437,1.59,4.054
"798",2024-08-25,"SSMH-SA","SSMH","SA","21398670",4.91,0.77,2.84,4.14
"799",2024-08-25,"SSMH-SB","SSMH","SB","21398665",2.85,-0.07,1.39,2.92
"800",2024-08-25,"SSMH-SI","SSMH","SI","21398667",3.54,0.15,1.845,3.39
"801",2024-08-25,"TNHA-BASE","TNHA","BASE","21390850",4.839,0.099,2.469,4.74
"802",2024-08-25,"TNHA-SA","TNHA","SA","21380919",4.5,0.13,2.315,4.37
"803",2024-08-25,"TNHA-SB","TNHA","SB","21398664",3.69,-0.05,1.82,3.74
"804",2024-08-25,"TNHA-SC","TNHA","SC","21398674",2.87,-0.11,1.38,2.98
"805",2024-08-25,"TNHA-SD","TNHA","SD","21398666",3.15,-0.09,1.53,3.24
"806",2024-08-26,"21981320","SSMH","21981320","21981320",12.389,0.85,6.6195,11.539
"807",2024-08-26,"BEO-BASE","BEO","BASE","21981318",10.137,-0.222,4.9575,10.359
"808",2024-08-26,"SSMH-SA","SSMH","SA","21398670",9.84,1.24,5.54,8.6
"809",2024-08-26,"SSMH-SB","SSMH","SB","21398665",9.31,1.39,5.35,7.92
"810",2024-08-26,"SSMH-SI","SSMH","SI","21398667",9.5,0.53,5.015,8.97
"811",2024-08-26,"TNHA-BASE","TNHA","BASE","21390850",9.622,1.601,5.6115,8.021
"812",2024-08-26,"TNHA-SA","TNHA","SA","21380919",10.34,1.82,6.08,8.52
"813",2024-08-26,"TNHA-SB","TNHA","SB","21398664",9.56,1.82,5.69,7.74
"814",2024-08-26,"TNHA-SC","TNHA","SC","21398674",8.79,1.76,5.275,7.03
"815",2024-08-26,"TNHA-SD","TNHA","SD","21398666",9.26,1.61,5.435,7.65
"816",2024-08-27,"21981320","SSMH","21981320","21981320",12.475,3.467,7.971,9.008
"817",2024-08-27,"BEO-BASE","BEO","BASE","21981318",11.231,2.952,7.0915,8.279
"818",2024-08-27,"SSMH-SA","SSMH","SA","21398670",11.19,3.75,7.47,7.44
"819",2024-08-27,"SSMH-SB","SSMH","SB","21398665",10.85,3.77,7.31,7.08
"820",2024-08-27,"SSMH-SI","SSMH","SI","21398667",10.98,3.34,7.16,7.64
"821",2024-08-27,"TNHA-BASE","TNHA","BASE","21390850",11.102,3.617,7.3595,7.485
"822",2024-08-27,"TNHA-SA","TNHA","SA","21380919",13.96,3.73,8.845,10.23
"823",2024-08-27,"TNHA-SB","TNHA","SB","21398664",11.62,3.75,7.685,7.87
"824",2024-08-27,"TNHA-SC","TNHA","SC","21398674",10.21,3.75,6.98,6.46
"825",2024-08-27,"TNHA-SD","TNHA","SD","21398666",10.38,3.54,6.96,6.84
"826",2024-08-28,"21981320","SSMH","21981320","21981320",12.239,3.789,8.014,8.45
"827",2024-08-28,"BEO-BASE","BEO","BASE","21981318",13.633,2.266,7.9495,11.367
"828",2024-08-28,"SSMH-SA","SSMH","SA","21398670",13.38,3.94,8.66,9.44
"829",2024-08-28,"SSMH-SB","SSMH","SB","21398665",14.88,4.29,9.585,10.59
"830",2024-08-28,"SSMH-SI","SSMH","SI","21398667",14.39,2.12,8.255,12.27
"831",2024-08-28,"TNHA-BASE","TNHA","BASE","21390850",12.882,4.518,8.7,8.364
"832",2024-08-28,"TNHA-SA","TNHA","SA","21380919",15.36,4.54,9.95,10.82
"833",2024-08-28,"TNHA-SB","TNHA","SB","21398664",14.22,4.5,9.36,9.72
"834",2024-08-28,"TNHA-SC","TNHA","SC","21398674",15.76,4.46,10.11,11.3
"835",2024-08-28,"TNHA-SD","TNHA","SD","21398666",12.67,4.59,8.63,8.08
"836",2024-08-29,"21981320","SSMH","21981320","21981320",4.711,0.957,2.834,3.754
"837",2024-08-29,"BEO-BASE","BEO","BASE","21981318",3.574,0.228,1.901,3.346
"838",2024-08-29,"SSMH-SA","SSMH","SA","21398670",4.76,1.39,3.075,3.37
"839",2024-08-29,"SSMH-SB","SSMH","SB","21398665",3.94,0.62,2.28,3.32
"840",2024-08-29,"SSMH-SI","SSMH","SI","21398667",3.97,0.75,2.36,3.22
"841",2024-08-29,"TNHA-BASE","TNHA","BASE","21390850",4.368,0.829,2.5985,3.539
"842",2024-08-29,"TNHA-SA","TNHA","SA","21380919",4.27,0.92,2.595,3.35
"843",2024-08-29,"TNHA-SB","TNHA","SB","21398664",4.03,0.66,2.345,3.37
"844",2024-08-29,"TNHA-SC","TNHA","SC","21398674",4.01,0.58,2.295,3.43
"845",2024-08-29,"TNHA-SD","TNHA","SD","21398666",4.01,0.64,2.325,3.37
"846",2024-08-30,"21981320","SSMH","21981320","21981320",4.947,1.301,3.124,3.646
"847",2024-08-30,"BEO-BASE","BEO","BASE","21981318",4.839,0.721,2.78,4.118
"848",2024-08-30,"SSMH-SA","SSMH","SA","21398670",4.27,1.91,3.09,2.36
"849",2024-08-30,"SSMH-SB","SSMH","SB","21398665",3.64,0.62,2.13,3.02
"850",2024-08-30,"SSMH-SI","SSMH","SI","21398667",4.16,0.81,2.485,3.35
"851",2024-08-30,"TNHA-BASE","TNHA","BASE","21390850",4.282,1.15,2.716,3.132
"852",2024-08-30,"TNHA-SA","TNHA","SA","21380919",4.22,1.5,2.86,2.72
"853",2024-08-30,"TNHA-SB","TNHA","SB","21398664",4.14,0.98,2.56,3.16
"854",2024-08-30,"TNHA-SC","TNHA","SC","21398674",3.88,0.94,2.41,2.94
"855",2024-08-30,"TNHA-SD","TNHA","SD","21398666",3.99,0.9,2.445,3.09
"856",2024-08-31,"21981320","SSMH","21981320","21981320",4.861,4.861,4.861,0
"857",2024-08-31,"SSMH-SA","SSMH","SA","21398670",4.69,4.69,4.69,0
"858",2024-08-31,"SSMH-SB","SSMH","SB","21398665",3.73,3.73,3.73,0
"859",2024-08-31,"SSMH-SI","SSMH","SI","21398667",4.14,4.14,4.14,0
"860",2024-08-31,"TNHA-BASE","TNHA","BASE","21390850",4.389,4.389,4.389,0
"861",2024-08-31,"TNHA-SA","TNHA","SA","21380919",4.2,4.2,4.2,0
"862",2024-08-31,"TNHA-SB","TNHA","SB","21398664",4.14,4.14,4.14,0
"863",2024-08-31,"TNHA-SC","TNHA","SC","21398674",3.97,3.97,3.97,0
"864",2024-08-31,"TNHA-SD","TNHA","SD","21398666",4.14,4.14,4.14,0
