"0","dat = graph_dat #This is so that we graph based on the dat df"
"0","ymax = round(max(dat$grndtmp_amp, na.rm = TRUE),-1) + 1"
"0","ymin = round_any(min(dat$grndtmp_amp, na.rm = TRUE),10, f=floor)"
"0","xmax = round(max(dat$solar_avg, na.rm = TRUE),-1)"
"0","xmin = round_any(min(dat$solar_avg, na.rm = TRUE),10, f=floor)"
"0",""
"0","ggplot() +"
"0","  geom_point(data=dat, aes(x=solar_avg, y=grndtmp_amp, color = sensor), size = 5) +"
"0","  #stat_smooth(method = ""lm"", se=FALSE, color=""black"", formula = grndtmp_amp ~ solar_avg, show.legend = FALSE, fullrange = TRUE) +"
"0","  geom_line(data=dat, aes(x=solar_avg, y=pred, color=""Regression Line""), size=2) +"
"0","  "
"0","  "
"0",""
"0","  theme_bw() +"
"0","  labs(title= paste(curstation,"" Ground Temperature Daily Amplitude v. Average Daily Solar Radiation \n("",datemin,"" to "",datemax,"")"",sep=""""), x=""Average Solar Radiation (W/""~m^2~"")"", y=""Ground Temperature Amplitude (°C)"",color=""Sensor"") + "
"0","  #scale_x_datetime(breaks = datestep, minor_breaks = dateminstep) +"
"0","  "
"0","  stat_summary(fun.data= mean_cl_normal) + "
"0","  "
"0","  theme(axis.text.y =element_text(face=""bold"",size=20,family=""Apple SD Gothic Neo""),"
"0","        axis.text.x=element_text(face = ""bold"",size = 20,family=""Apple SD Gothic Neo""), "
"0","        axis.line = element_line(colour = ""black"", size =0.5, linetype = ""solid"")) +"
"0","  theme(axis.title.x = element_text(size=32,family=""Apple SD Gothic Neo""), "
"0","        axis.title.y = element_text(size=32,family=""Apple SD Gothic Neo""), "
"0","        legend.text = element_text(size=32,family=""Apple SD Gothic Neo""), "
"0","        legend.title = element_text(size=38,face=""bold"",family=""Apple SD Gothic Neo"")) +"
"0","  "
"0","  theme(plot.title = element_text(hjust = 0.5,size=46,family=""Apple SD Gothic Neo""), "
"0","        plot.caption = element_text(face =""italic"")) +"
"0","  scale_y_continuous(limits=c(ymin, ymax), minor_breaks = seq(-1, ymax+1, by = 1)) +"
"0","  scale_x_continuous(limits=c(xmin, xmax), minor_breaks = seq(0, xmax+25, by = 25)) +"
"0","  coord_cartesian(clip = 'off') +"
"0","  scale_colour_hue() +"
"0","  "
"0","  geom_text(x = (xmin + (xmax-xmin)*0.075), y = (ymin + (ymax-ymin)*0.75), aes(label = reg_model), data = dat,size=8, family=""Apple SD Gothic Neo"")+"
"0","  facet_wrap(~ grn_depth, ncol= 1, strip.position=""right"")+"
"0","  theme(strip.text.y = element_text(size = 30, family=""Apple SD Gothic Neo""))"
"0",""
