"0","filepath = ""~/Desktop/Arctic/X-Y_Plots/"" #Set to prefix of your file location"
"0",""
"0","#Daily Step"
"0","datemin = ""2022-06-19"""
"0","datemax = ""2022-09-19"""
"0",""
"0","#Which Station We Are Looking At"
"0","curstation = ""TNHA"""
"0",""
"0","#Depth of Ground Temp Sensor"
"0","depths = c(8, 9, 10)"
"0",""
"0","sensorList = c(""TNHA-BASE"", ""TNHA-SA"", ""TNHA-SB"", ""TNHA-SC"", ""TNHA-SD"", ""BUCEI-BASE"", ""BUCEI-SA"", ""BUCEI-SB"", ""BUCEI-SC"", ""BUCEI-SD"", ""BUCEI-SE"", ""BUCEI-SF.01"", ""BUCEI-SF.02"", ""SSMH-BASE"", ""SSMH-SA"", ""SSMH-SB"", ""SSMH-SC"", ""SSMH-SD"")"
