time,Pm2.5,Pm10 0
2024-06-30T03:52:12.000Z,,
2024-06-30T04:03:51.000Z,,
2024-06-30T04:15:30.000Z,,
2024-06-30T04:27:09.000Z,,
2024-06-30T04:38:48.000Z,,
2024-06-30T04:50:27.000Z,,
2024-06-30T05:02:06.000Z,,
2024-06-30T05:13:45.000Z,,
2024-06-30T05:25:24.000Z,,
2024-06-30T05:37:03.000Z,,
2024-06-30T05:48:42.000Z,,
2024-06-30T06:00:21.000Z,,
2024-06-30T06:12:00.000Z,,
2024-06-30T06:23:39.000Z,,
2024-06-30T06:35:18.000Z,,
2024-06-30T06:46:57.000Z,,
2024-06-30T06:58:36.000Z,,
2024-06-30T07:10:15.000Z,,
2024-06-30T07:21:54.000Z,,
2024-06-30T07:33:33.000Z,,
2024-06-30T07:45:12.000Z,,
2024-06-30T07:56:51.000Z,,
2024-06-30T08:08:30.000Z,,
2024-06-30T08:20:09.000Z,,
2024-06-30T08:31:48.000Z,,
2024-06-30T08:43:27.000Z,,
2024-06-30T08:55:06.000Z,,
2024-06-30T09:06:45.000Z,,
2024-06-30T09:18:24.000Z,,
2024-06-30T09:30:03.000Z,,
2024-06-30T09:41:42.000Z,,
2024-06-30T09:53:21.000Z,,
2024-06-30T10:05:00.000Z,,
2024-06-30T10:16:39.000Z,,
2024-06-30T10:28:18.000Z,,
2024-06-30T10:39:57.000Z,,
2024-06-30T10:51:36.000Z,,
2024-06-30T11:03:15.000Z,,
2024-06-30T11:14:54.000Z,,
2024-06-30T11:26:33.000Z,,
2024-06-30T11:38:12.000Z,,
2024-06-30T11:49:51.000Z,,
2024-06-30T12:01:30.000Z,,
2024-06-30T12:13:09.000Z,,
2024-06-30T12:24:48.000Z,,
2024-06-30T12:36:27.000Z,,
2024-06-30T12:48:06.000Z,,
2024-06-30T12:59:45.000Z,,
2024-06-30T13:11:24.000Z,,
2024-06-30T13:23:03.000Z,,
2024-06-30T13:34:42.000Z,,
2024-06-30T13:46:21.000Z,,
2024-06-30T13:58:00.000Z,,
2024-06-30T14:09:39.000Z,,
2024-06-30T14:21:18.000Z,,
2024-06-30T14:32:57.000Z,,
2024-06-30T14:44:36.000Z,,
2024-06-30T14:56:15.000Z,,
2024-06-30T15:07:54.000Z,,
2024-06-30T15:19:33.000Z,,
2024-06-30T15:31:12.000Z,,
2024-06-30T15:42:51.000Z,,
2024-06-30T15:54:30.000Z,,
2024-06-30T16:06:09.000Z,,
2024-06-30T16:17:48.000Z,,
2024-06-30T16:29:27.000Z,,
2024-06-30T16:41:06.000Z,,
2024-06-30T16:52:45.000Z,,
2024-06-30T17:04:24.000Z,,
2024-06-30T17:16:03.000Z,,
2024-06-30T17:27:42.000Z,,
2024-06-30T17:39:21.000Z,,
2024-06-30T17:51:00.000Z,,
2024-06-30T18:02:39.000Z,,
2024-06-30T18:14:18.000Z,,
2024-06-30T18:25:57.000Z,,
2024-06-30T18:37:36.000Z,,
2024-06-30T18:49:15.000Z,,
2024-06-30T19:00:54.000Z,,
2024-06-30T19:12:33.000Z,,
2024-06-30T19:24:12.000Z,,
2024-06-30T19:35:51.000Z,,
2024-06-30T19:47:30.000Z,,
2024-06-30T19:59:09.000Z,,
2024-06-30T20:10:48.000Z,,
2024-06-30T20:22:27.000Z,,
2024-06-30T20:34:06.000Z,,
2024-06-30T20:45:45.000Z,,
2024-06-30T20:57:24.000Z,,
2024-06-30T21:09:03.000Z,,
2024-06-30T21:20:42.000Z,,
2024-06-30T21:32:21.000Z,,
2024-06-30T21:44:00.000Z,,
2024-06-30T21:55:39.000Z,,
2024-06-30T22:07:18.000Z,,
2024-06-30T22:18:57.000Z,,
2024-06-30T22:30:36.000Z,,
2024-06-30T22:42:15.000Z,,
2024-06-30T22:53:54.000Z,,
2024-06-30T23:05:33.000Z,,
2024-06-30T23:17:12.000Z,,
2024-06-30T23:28:51.000Z,,
2024-06-30T23:40:30.000Z,,
2024-06-30T23:52:09.000Z,33,43
2024-07-01T00:03:48.000Z,,
2024-07-01T00:15:27.000Z,,
2024-07-01T00:27:06.000Z,,
2024-07-01T00:38:45.000Z,,
2024-07-01T00:50:24.000Z,4,4
2024-07-01T01:02:03.000Z,,
2024-07-01T01:13:42.000Z,,
2024-07-01T01:25:21.000Z,,
2024-07-01T01:37:00.000Z,,
2024-07-01T01:48:39.000Z,,
2024-07-01T02:00:18.000Z,5,6
2024-07-01T02:11:57.000Z,,
2024-07-01T02:23:36.000Z,,
2024-07-01T02:35:15.000Z,,
2024-07-01T02:46:54.000Z,,
2024-07-01T02:58:33.000Z,4,4
2024-07-01T03:10:12.000Z,,
2024-07-01T03:21:51.000Z,,
2024-07-01T03:33:30.000Z,,
2024-07-01T03:45:09.000Z,,
2024-07-01T03:56:48.000Z,4,5
2024-07-01T04:08:27.000Z,,
2024-07-01T04:20:06.000Z,,
2024-07-01T04:31:45.000Z,,
2024-07-01T04:43:24.000Z,,
2024-07-01T04:55:03.000Z,4,4
2024-07-01T05:06:42.000Z,,
2024-07-01T05:18:21.000Z,,
2024-07-01T05:30:00.000Z,,
2024-07-01T05:41:39.000Z,,
2024-07-01T05:53:18.000Z,,
2024-07-01T06:04:57.000Z,5,6
2024-07-01T06:16:36.000Z,,
2024-07-01T06:28:15.000Z,,
2024-07-01T06:39:54.000Z,,
2024-07-01T06:51:33.000Z,,
2024-07-01T07:03:12.000Z,4,4
2024-07-01T07:14:51.000Z,,
2024-07-01T07:26:30.000Z,,
2024-07-01T07:38:09.000Z,,
2024-07-01T07:49:48.000Z,,
2024-07-01T08:01:27.000Z,4,5
2024-07-01T08:13:06.000Z,,
2024-07-01T08:24:45.000Z,,
2024-07-01T08:36:24.000Z,,
2024-07-01T08:48:03.000Z,,
2024-07-01T08:59:42.000Z,4,4
2024-07-01T09:11:21.000Z,,
2024-07-01T09:23:00.000Z,,
2024-07-01T09:34:39.000Z,,
2024-07-01T09:46:18.000Z,,
2024-07-01T09:57:57.000Z,,
2024-07-01T10:09:36.000Z,4,5
2024-07-01T10:21:15.000Z,,
2024-07-01T10:32:54.000Z,,
2024-07-01T10:44:33.000Z,,
2024-07-01T10:56:12.000Z,,
2024-07-01T11:07:51.000Z,4,4
2024-07-01T11:19:30.000Z,,
2024-07-01T11:31:09.000Z,,
2024-07-01T11:42:48.000Z,,
2024-07-01T11:54:27.000Z,,
2024-07-01T12:06:06.000Z,7,8
2024-07-01T12:17:45.000Z,,
2024-07-01T12:29:24.000Z,,
2024-07-01T12:41:03.000Z,,
2024-07-01T12:52:42.000Z,,
2024-07-01T13:04:21.000Z,4,4
2024-07-01T13:16:00.000Z,,
2024-07-01T13:27:39.000Z,,
2024-07-01T13:39:18.000Z,,
2024-07-01T13:50:57.000Z,,
2024-07-01T14:02:36.000Z,,
2024-07-01T14:14:15.000Z,5,6
2024-07-01T14:25:54.000Z,,
2024-07-01T14:37:33.000Z,,
2024-07-01T14:49:12.000Z,,
2024-07-01T15:00:51.000Z,,
2024-07-01T15:12:30.000Z,4,4
2024-07-01T15:24:09.000Z,,
2024-07-01T15:35:48.000Z,,
2024-07-01T15:47:27.000Z,,
2024-07-01T15:59:06.000Z,,
2024-07-01T16:10:45.000Z,,
2024-07-01T16:22:24.000Z,8,10
2024-07-01T16:34:03.000Z,,
2024-07-01T16:45:42.000Z,,
2024-07-01T16:57:21.000Z,,
2024-07-01T17:09:00.000Z,4,4
2024-07-01T17:20:39.000Z,,
2024-07-01T17:32:18.000Z,,
2024-07-01T17:43:57.000Z,,
2024-07-01T17:55:36.000Z,,
2024-07-01T18:07:15.000Z,,
2024-07-01T18:18:54.000Z,5,6
2024-07-01T18:30:33.000Z,,
2024-07-01T18:42:12.000Z,,
2024-07-01T18:53:51.000Z,,
2024-07-01T19:05:30.000Z,,
2024-07-01T19:17:09.000Z,4,4
2024-07-01T19:28:48.000Z,,
2024-07-01T19:40:27.000Z,,
2024-07-01T19:52:06.000Z,,
2024-07-01T20:03:45.000Z,,
2024-07-01T20:15:24.000Z,4,4
2024-07-01T20:27:03.000Z,,
2024-07-01T20:38:42.000Z,,
2024-07-01T20:50:21.000Z,,
2024-07-01T21:02:00.000Z,,
2024-07-01T21:13:39.000Z,207,258
2024-07-01T21:25:18.000Z,,
2024-07-01T21:36:57.000Z,,
2024-07-01T21:48:36.000Z,,
2024-07-01T22:00:15.000Z,,
2024-07-01T22:11:54.000Z,4,5
2024-07-01T22:23:33.000Z,,
2024-07-01T22:35:12.000Z,,
2024-07-01T22:46:51.000Z,,
2024-07-01T22:58:30.000Z,,
2024-07-01T23:10:09.000Z,,
2024-07-01T23:21:48.000Z,4,4
2024-07-01T23:33:27.000Z,,
2024-07-01T23:45:06.000Z,,
2024-07-01T23:56:45.000Z,,
2024-07-02T00:08:24.000Z,,
2024-07-02T00:20:03.000Z,5,6
2024-07-02T00:31:42.000Z,,
2024-07-02T00:43:21.000Z,,
2024-07-02T00:55:00.000Z,,
2024-07-02T01:06:39.000Z,,
2024-07-02T01:18:18.000Z,4,4
2024-07-02T01:29:57.000Z,,
2024-07-02T01:41:36.000Z,,
2024-07-02T01:53:15.000Z,,
2024-07-02T02:04:54.000Z,,
2024-07-02T02:16:33.000Z,5,6
2024-07-02T02:28:12.000Z,,
2024-07-02T02:39:51.000Z,,
2024-07-02T02:51:30.000Z,,
2024-07-02T03:03:09.000Z,,
2024-07-02T03:14:48.000Z,4,4
2024-07-02T03:26:27.000Z,,
2024-07-02T03:38:06.000Z,,
2024-07-02T03:49:45.000Z,,
2024-07-02T04:01:24.000Z,,
2024-07-02T04:13:03.000Z,,
2024-07-02T04:24:42.000Z,4,5
2024-07-02T04:36:21.000Z,,
2024-07-02T04:48:00.000Z,,
2024-07-02T04:59:39.000Z,,
2024-07-02T05:11:18.000Z,,
2024-07-02T05:22:57.000Z,4,4
2024-07-02T05:34:36.000Z,,
2024-07-02T05:46:15.000Z,,
2024-07-02T05:57:54.000Z,,
2024-07-02T06:09:33.000Z,,
2024-07-02T06:21:12.000Z,4,5
2024-07-02T06:32:51.000Z,,
2024-07-02T06:44:30.000Z,,
2024-07-02T06:56:09.000Z,,
2024-07-02T07:07:48.000Z,,
2024-07-02T07:19:27.000Z,4,4
2024-07-02T07:31:06.000Z,,
2024-07-02T07:42:45.000Z,,
2024-07-02T07:54:24.000Z,,
2024-07-02T08:06:03.000Z,,
2024-07-02T08:17:42.000Z,6,7
2024-07-02T08:29:21.000Z,,
2024-07-02T08:41:00.000Z,,
2024-07-02T08:52:39.000Z,,
2024-07-02T09:04:18.000Z,,
2024-07-02T09:15:57.000Z,,
2024-07-02T09:27:36.000Z,4,4
2024-07-02T09:39:15.000Z,,
2024-07-02T09:50:54.000Z,,
2024-07-02T10:02:33.000Z,,
2024-07-02T10:14:12.000Z,,
2024-07-02T10:25:51.000Z,4,5
2024-07-02T10:37:30.000Z,,
2024-07-02T10:49:09.000Z,,
2024-07-02T11:00:48.000Z,,
2024-07-02T11:12:27.000Z,,
2024-07-02T11:24:06.000Z,4,4
2024-07-02T11:35:45.000Z,,
2024-07-02T11:47:24.000Z,,
2024-07-02T11:59:03.000Z,,
2024-07-02T12:10:42.000Z,,
2024-07-02T12:22:21.000Z,6,7
2024-07-02T12:34:00.000Z,,
2024-07-02T12:45:39.000Z,,
2024-07-02T12:57:18.000Z,,
2024-07-02T13:08:57.000Z,,
2024-07-02T13:20:36.000Z,,
2024-07-02T13:32:15.000Z,4,4
2024-07-02T13:43:54.000Z,,
2024-07-02T13:55:33.000Z,,
2024-07-02T14:07:12.000Z,,
2024-07-02T14:18:51.000Z,,
2024-07-02T14:30:30.000Z,7,9
2024-07-02T14:42:09.000Z,,
2024-07-02T14:53:48.000Z,,
2024-07-02T15:05:27.000Z,,
2024-07-02T15:17:06.000Z,,
2024-07-02T15:28:45.000Z,4,4
2024-07-02T15:40:24.000Z,,
2024-07-02T15:52:03.000Z,,
2024-07-02T16:03:42.000Z,,
2024-07-02T16:15:21.000Z,,
2024-07-02T16:27:00.000Z,5,6
2024-07-02T16:38:39.000Z,,
2024-07-02T16:50:18.000Z,,
2024-07-02T17:01:57.000Z,,
2024-07-02T17:13:36.000Z,,
2024-07-02T17:25:15.000Z,4,4
2024-07-02T17:36:54.000Z,,
2024-07-02T17:48:33.000Z,,
2024-07-02T18:00:12.000Z,,
2024-07-02T18:11:51.000Z,,
2024-07-02T18:23:30.000Z,,
2024-07-02T18:35:09.000Z,5,6
2024-07-02T18:46:48.000Z,,
2024-07-02T18:58:27.000Z,,
2024-07-02T19:10:06.000Z,,
2024-07-02T19:21:45.000Z,,
2024-07-02T19:33:24.000Z,4,4
2024-07-02T19:45:03.000Z,,
2024-07-02T19:56:42.000Z,,
2024-07-02T20:08:21.000Z,,
2024-07-02T20:20:00.000Z,,
2024-07-02T20:31:39.000Z,5,6
2024-07-02T20:43:18.000Z,,
2024-07-02T20:54:57.000Z,,
2024-07-02T21:06:36.000Z,,
2024-07-02T21:18:15.000Z,,
2024-07-02T21:29:54.000Z,4,4
2024-07-02T21:41:33.000Z,,
2024-07-02T21:53:12.000Z,,
2024-07-02T22:04:51.000Z,,
2024-07-02T22:16:30.000Z,,
2024-07-02T22:28:09.000Z,5,6
2024-07-02T22:39:48.000Z,,
2024-07-02T22:51:27.000Z,,
2024-07-02T23:03:06.000Z,,
2024-07-02T23:14:45.000Z,,
2024-07-02T23:26:24.000Z,,
2024-07-02T23:38:03.000Z,4,4
2024-07-02T23:49:42.000Z,,
2024-07-03T00:01:21.000Z,,
2024-07-03T00:13:00.000Z,,
2024-07-03T00:24:39.000Z,,
2024-07-03T00:36:18.000Z,4,5
2024-07-03T00:47:57.000Z,,
2024-07-03T00:59:36.000Z,,
2024-07-03T01:11:15.000Z,,
2024-07-03T01:22:54.000Z,,
2024-07-03T01:34:33.000Z,4,4
2024-07-03T01:46:12.000Z,,
2024-07-03T01:57:51.000Z,,
2024-07-03T02:09:30.000Z,,
2024-07-03T02:21:09.000Z,,
2024-07-03T02:32:48.000Z,6,7
2024-07-03T02:44:27.000Z,,
2024-07-03T02:56:06.000Z,,
2024-07-03T03:07:45.000Z,,
2024-07-03T03:19:24.000Z,,
2024-07-03T03:31:03.000Z,,
2024-07-03T03:42:42.000Z,4,4
2024-07-03T03:54:21.000Z,,
2024-07-03T04:06:00.000Z,,
2024-07-03T04:17:39.000Z,,
2024-07-03T04:29:18.000Z,,
2024-07-03T04:40:57.000Z,4,5
2024-07-03T04:52:36.000Z,,
2024-07-03T05:04:15.000Z,,
2024-07-03T05:15:54.000Z,,
2024-07-03T05:27:33.000Z,,
2024-07-03T05:39:12.000Z,4,4
2024-07-03T05:50:51.000Z,,
2024-07-03T06:02:30.000Z,,
2024-07-03T06:14:09.000Z,,
2024-07-03T06:25:48.000Z,,
2024-07-03T06:37:27.000Z,5,6
2024-07-03T06:49:06.000Z,,
2024-07-03T07:00:45.000Z,,
2024-07-03T07:12:24.000Z,,
2024-07-03T07:24:03.000Z,,
2024-07-03T07:35:42.000Z,4,4
2024-07-03T07:47:21.000Z,,
2024-07-03T07:59:00.000Z,,
2024-07-03T08:10:39.000Z,,
2024-07-03T08:22:18.000Z,,
2024-07-03T08:33:57.000Z,,
2024-07-03T08:45:36.000Z,4,5
2024-07-03T08:57:15.000Z,,
2024-07-03T09:08:54.000Z,,
2024-07-03T09:20:33.000Z,,
2024-07-03T09:32:12.000Z,,
2024-07-03T09:43:51.000Z,4,4
2024-07-03T09:55:30.000Z,,
2024-07-03T10:07:09.000Z,,
2024-07-03T10:18:48.000Z,,
2024-07-03T10:30:27.000Z,,
2024-07-03T10:42:06.000Z,11,14
2024-07-03T10:53:45.000Z,,
2024-07-03T11:05:24.000Z,,
2024-07-03T11:17:03.000Z,,
2024-07-03T11:28:42.000Z,,
2024-07-03T11:40:21.000Z,,
2024-07-03T11:52:00.000Z,4,4
2024-07-03T12:03:39.000Z,,
2024-07-03T12:15:18.000Z,,
2024-07-03T12:26:57.000Z,,
2024-07-03T12:38:36.000Z,,
2024-07-03T12:50:15.000Z,15,19
2024-07-03T13:01:54.000Z,,
2024-07-03T13:13:33.000Z,,
2024-07-03T13:25:12.000Z,,
2024-07-03T13:36:51.000Z,,
2024-07-03T13:48:30.000Z,4,4
2024-07-03T14:00:09.000Z,,
2024-07-03T14:11:48.000Z,,
2024-07-03T14:23:27.000Z,,
2024-07-03T14:35:06.000Z,,
2024-07-03T14:46:45.000Z,17,21
2024-07-03T14:58:24.000Z,,
2024-07-03T15:10:03.000Z,,
2024-07-03T15:21:42.000Z,,
2024-07-03T15:33:21.000Z,,
2024-07-03T15:45:00.000Z,,
2024-07-03T15:56:39.000Z,4,4
2024-07-03T16:08:18.000Z,,
2024-07-03T16:19:57.000Z,,
2024-07-03T16:31:36.000Z,,
2024-07-03T16:43:15.000Z,,
2024-07-03T16:54:54.000Z,12,16
2024-07-03T17:06:33.000Z,,
2024-07-03T17:18:12.000Z,,
2024-07-03T17:29:51.000Z,,
2024-07-03T17:41:30.000Z,,
2024-07-03T17:53:09.000Z,4,4
2024-07-03T18:04:48.000Z,,
2024-07-03T18:16:27.000Z,,
2024-07-03T18:28:06.000Z,,
2024-07-03T18:39:45.000Z,,
2024-07-03T18:51:24.000Z,11,14
2024-07-03T19:03:03.000Z,,
2024-07-03T19:14:42.000Z,,
2024-07-03T19:26:21.000Z,,
2024-07-03T19:38:00.000Z,,
2024-07-03T19:49:39.000Z,,
2024-07-03T20:01:18.000Z,4,4
2024-07-03T20:12:57.000Z,,
2024-07-03T20:24:36.000Z,,
2024-07-03T20:36:15.000Z,,
2024-07-03T20:47:54.000Z,,
2024-07-03T20:59:33.000Z,14,18
2024-07-03T21:11:12.000Z,,
2024-07-03T21:22:51.000Z,,
2024-07-03T21:34:30.000Z,,
2024-07-03T21:46:09.000Z,,
2024-07-03T21:57:48.000Z,4,4
2024-07-03T22:09:27.000Z,,
2024-07-03T22:21:06.000Z,,
2024-07-03T22:32:45.000Z,,
2024-07-03T22:44:24.000Z,,
2024-07-03T22:56:03.000Z,12,15
2024-07-03T23:07:42.000Z,,
2024-07-03T23:19:21.000Z,,
2024-07-03T23:31:00.000Z,,
2024-07-03T23:42:39.000Z,,
2024-07-03T23:54:18.000Z,,
2024-07-04T00:05:57.000Z,4,4
2024-07-04T00:17:36.000Z,,
2024-07-04T00:29:15.000Z,,
2024-07-04T00:40:54.000Z,,
2024-07-04T00:52:33.000Z,,
2024-07-04T01:04:12.000Z,9,11
2024-07-04T01:15:51.000Z,,
2024-07-04T01:27:30.000Z,,
2024-07-04T01:39:09.000Z,,
2024-07-04T01:50:48.000Z,,
2024-07-04T02:02:27.000Z,4,4
2024-07-04T02:14:06.000Z,,
2024-07-04T02:25:45.000Z,,
2024-07-04T02:37:24.000Z,,
2024-07-04T02:49:03.000Z,,
2024-07-04T03:00:42.000Z,,
2024-07-04T03:12:21.000Z,6,7
2024-07-04T03:24:00.000Z,,
2024-07-04T03:35:39.000Z,,
2024-07-04T03:47:18.000Z,,
2024-07-04T03:58:57.000Z,,
2024-07-04T04:10:36.000Z,4,4
2024-07-04T04:22:15.000Z,,
2024-07-04T04:33:54.000Z,,
2024-07-04T04:45:33.000Z,,
2024-07-04T04:57:12.000Z,,
2024-07-04T05:08:51.000Z,7,9
2024-07-04T05:20:30.000Z,,
2024-07-04T05:32:09.000Z,,
2024-07-04T05:43:48.000Z,,
2024-07-04T05:55:27.000Z,,
2024-07-04T06:07:06.000Z,4,4
2024-07-04T06:18:45.000Z,,
2024-07-04T06:30:24.000Z,,
2024-07-04T06:42:03.000Z,,
2024-07-04T06:53:42.000Z,,
2024-07-04T07:05:21.000Z,,
2024-07-04T07:17:00.000Z,8,10
2024-07-04T07:28:39.000Z,,
2024-07-04T07:40:18.000Z,,
2024-07-04T07:51:57.000Z,,
2024-07-04T08:03:36.000Z,,
2024-07-04T08:15:15.000Z,4,4
2024-07-04T08:26:54.000Z,,
2024-07-04T08:38:33.000Z,,
2024-07-04T08:50:12.000Z,,
2024-07-04T09:01:51.000Z,,
2024-07-04T09:13:30.000Z,7,8
2024-07-04T09:25:09.000Z,,
2024-07-04T09:36:48.000Z,,
2024-07-04T09:48:27.000Z,,
2024-07-04T10:00:06.000Z,,
2024-07-04T10:11:45.000Z,,
2024-07-04T10:23:24.000Z,4,4
2024-07-04T10:35:03.000Z,,
2024-07-04T10:46:42.000Z,,
2024-07-04T10:58:21.000Z,,
2024-07-04T11:10:00.000Z,,
2024-07-04T11:21:39.000Z,4,5
2024-07-04T11:33:18.000Z,,
2024-07-04T11:44:57.000Z,,
2024-07-04T11:56:36.000Z,,
2024-07-04T12:08:15.000Z,,
2024-07-04T12:19:54.000Z,4,4
2024-07-04T12:31:33.000Z,,
2024-07-04T12:43:12.000Z,,
2024-07-04T12:54:51.000Z,,
2024-07-04T13:06:30.000Z,,
2024-07-04T13:18:09.000Z,7,8
2024-07-04T13:29:48.000Z,,
2024-07-04T13:41:27.000Z,,
2024-07-04T13:53:06.000Z,,
2024-07-04T14:04:45.000Z,,
2024-07-04T14:16:24.000Z,,
2024-07-04T14:28:03.000Z,4,4
2024-07-04T14:39:42.000Z,,
2024-07-04T14:51:21.000Z,,
2024-07-04T15:03:00.000Z,,
2024-07-04T15:14:39.000Z,,
2024-07-04T15:26:18.000Z,4,5
2024-07-04T15:37:57.000Z,,
2024-07-04T15:49:36.000Z,,
2024-07-04T16:01:15.000Z,,
2024-07-04T16:12:54.000Z,,
2024-07-04T16:24:33.000Z,4,4
2024-07-04T16:36:12.000Z,,
2024-07-04T16:47:51.000Z,,
2024-07-04T16:59:30.000Z,,
2024-07-04T17:11:09.000Z,,
2024-07-04T17:22:48.000Z,,
2024-07-04T17:34:27.000Z,4,5
2024-07-04T17:46:06.000Z,,
2024-07-04T17:57:45.000Z,,
2024-07-04T18:09:24.000Z,,
2024-07-04T18:21:03.000Z,,
2024-07-04T18:32:42.000Z,4,4
2024-07-04T18:44:21.000Z,,
2024-07-04T18:56:00.000Z,,
2024-07-04T19:07:39.000Z,,
2024-07-04T19:19:18.000Z,,
2024-07-04T19:30:57.000Z,7,8
2024-07-04T19:42:36.000Z,,
2024-07-04T19:54:15.000Z,,
2024-07-04T20:05:54.000Z,,
2024-07-04T20:17:33.000Z,,
2024-07-04T20:29:12.000Z,4,4
2024-07-04T20:40:51.000Z,,
2024-07-04T20:52:30.000Z,,
2024-07-04T21:04:09.000Z,,
2024-07-04T21:15:48.000Z,,
2024-07-04T21:27:27.000Z,,
2024-07-04T21:39:06.000Z,4,5
2024-07-04T21:50:45.000Z,,
2024-07-04T22:02:24.000Z,,
2024-07-04T22:14:03.000Z,,
2024-07-04T22:25:42.000Z,,
2024-07-04T22:37:21.000Z,4,4
2024-07-04T22:49:00.000Z,,
2024-07-04T23:00:39.000Z,,
2024-07-04T23:12:18.000Z,,
2024-07-04T23:23:57.000Z,,
2024-07-04T23:35:36.000Z,4,4
2024-07-04T23:47:15.000Z,,
2024-07-04T23:58:54.000Z,,
2024-07-05T00:10:33.000Z,,
2024-07-05T00:22:12.000Z,,
2024-07-05T00:33:51.000Z,4,4
2024-07-05T00:45:30.000Z,,
2024-07-05T00:57:09.000Z,,
2024-07-05T01:08:48.000Z,,
2024-07-05T01:20:27.000Z,,
2024-07-05T01:32:06.000Z,,
2024-07-05T01:43:45.000Z,4,5
2024-07-05T01:55:24.000Z,,
2024-07-05T02:07:03.000Z,,
2024-07-05T02:18:42.000Z,,
2024-07-05T02:30:21.000Z,,
2024-07-05T02:42:00.000Z,4,4
2024-07-05T02:53:39.000Z,,
2024-07-05T03:05:18.000Z,,
2024-07-05T03:16:57.000Z,,
2024-07-05T03:28:36.000Z,,
2024-07-05T03:40:15.000Z,4,5
2024-07-05T03:51:54.000Z,,
2024-07-05T04:03:33.000Z,,
2024-07-05T04:15:12.000Z,,
2024-07-05T04:26:51.000Z,,
2024-07-05T04:38:30.000Z,4,4
2024-07-05T04:50:09.000Z,,
2024-07-05T05:01:48.000Z,,
2024-07-05T05:13:27.000Z,,
2024-07-05T05:25:06.000Z,,
2024-07-05T05:36:45.000Z,,
2024-07-05T05:48:24.000Z,5,6
2024-07-05T06:00:03.000Z,,
2024-07-05T06:11:42.000Z,,
2024-07-05T06:23:21.000Z,,
2024-07-05T06:35:00.000Z,,
2024-07-05T06:46:39.000Z,4,4
2024-07-05T06:58:18.000Z,,
2024-07-05T07:09:57.000Z,,
2024-07-05T07:21:36.000Z,,
2024-07-05T07:33:15.000Z,,
2024-07-05T07:44:54.000Z,4,5
2024-07-05T07:56:33.000Z,,
2024-07-05T08:08:12.000Z,,
2024-07-05T08:19:51.000Z,,
2024-07-05T08:31:30.000Z,,
2024-07-05T08:43:09.000Z,,
2024-07-05T08:54:48.000Z,4,4
2024-07-05T09:06:27.000Z,,
2024-07-05T09:18:06.000Z,,
2024-07-05T09:29:45.000Z,,
2024-07-05T09:41:24.000Z,,
2024-07-05T09:53:03.000Z,4,5
2024-07-05T10:04:42.000Z,,
2024-07-05T10:16:21.000Z,,
2024-07-05T10:28:00.000Z,,
2024-07-05T10:39:39.000Z,,
2024-07-05T10:51:18.000Z,4,4
2024-07-05T11:02:57.000Z,,
2024-07-05T11:14:36.000Z,,
2024-07-05T11:26:15.000Z,,
2024-07-05T11:37:54.000Z,,
2024-07-05T11:49:33.000Z,,
2024-07-05T12:01:12.000Z,4,5
2024-07-05T12:12:51.000Z,,
2024-07-05T12:24:30.000Z,,
2024-07-05T12:36:09.000Z,,
2024-07-05T12:47:48.000Z,,
2024-07-05T12:59:27.000Z,4,4
2024-07-05T13:11:06.000Z,,
2024-07-05T13:22:45.000Z,,
2024-07-05T13:34:24.000Z,,
2024-07-05T13:46:03.000Z,,
2024-07-05T13:57:42.000Z,4,5
2024-07-05T14:09:21.000Z,,
2024-07-05T14:21:00.000Z,,
2024-07-05T14:32:39.000Z,,
2024-07-05T14:44:18.000Z,,
2024-07-05T14:55:57.000Z,4,4
2024-07-05T15:07:36.000Z,,
2024-07-05T15:19:15.000Z,,
2024-07-05T15:30:54.000Z,,
2024-07-05T15:42:33.000Z,,
2024-07-05T15:54:12.000Z,,
2024-07-05T16:05:51.000Z,4,5
2024-07-05T16:17:30.000Z,,
2024-07-05T16:29:09.000Z,,
2024-07-05T16:40:48.000Z,,
2024-07-05T16:52:27.000Z,,
2024-07-05T17:04:06.000Z,4,4
2024-07-05T17:15:45.000Z,,
2024-07-05T17:27:24.000Z,,
2024-07-05T17:39:03.000Z,,
2024-07-05T17:50:42.000Z,,
2024-07-05T18:02:21.000Z,5,6
2024-07-05T18:14:00.000Z,,
2024-07-05T18:25:39.000Z,,
2024-07-05T18:37:18.000Z,,
2024-07-05T18:48:57.000Z,,
2024-07-05T19:00:36.000Z,4,4
2024-07-05T19:12:15.000Z,,
2024-07-05T19:23:54.000Z,,
2024-07-05T19:35:33.000Z,,
2024-07-05T19:47:12.000Z,,
2024-07-05T19:58:51.000Z,,
2024-07-05T20:10:30.000Z,5,6
2024-07-05T20:22:09.000Z,,
2024-07-05T20:33:48.000Z,,
2024-07-05T20:45:27.000Z,,
2024-07-05T20:57:06.000Z,,
2024-07-05T21:08:45.000Z,68,86
2024-07-05T21:20:24.000Z,,
2024-07-05T21:32:03.000Z,,
2024-07-05T21:43:42.000Z,,
2024-07-05T21:55:21.000Z,,
2024-07-05T22:07:00.000Z,5,6
2024-07-05T22:18:39.000Z,,
2024-07-05T22:30:18.000Z,,
2024-07-05T22:41:57.000Z,,
2024-07-05T22:53:36.000Z,,
2024-07-05T23:05:15.000Z,206,270
2024-07-05T23:16:54.000Z,,
2024-07-05T23:28:33.000Z,,
2024-07-05T23:40:12.000Z,,
2024-07-05T23:51:51.000Z,,
2024-07-06T00:03:30.000Z,5,6
2024-07-06T00:15:09.000Z,,
2024-07-06T00:26:48.000Z,,
2024-07-06T00:38:27.000Z,,
2024-07-06T00:50:06.000Z,,
2024-07-06T01:01:45.000Z,,
2024-07-06T01:13:24.000Z,4,4
2024-07-06T01:25:03.000Z,,
2024-07-06T01:36:42.000Z,,
2024-07-06T01:48:21.000Z,,
2024-07-06T02:00:00.000Z,,
2024-07-06T02:11:39.000Z,5,6
2024-07-06T02:23:18.000Z,,
2024-07-06T02:34:57.000Z,,
2024-07-06T02:46:36.000Z,,
2024-07-06T02:58:15.000Z,,
2024-07-06T03:09:54.000Z,4,4
2024-07-06T03:21:33.000Z,,
2024-07-06T03:33:12.000Z,,
2024-07-06T03:44:51.000Z,,
2024-07-06T03:56:30.000Z,,
2024-07-06T04:08:09.000Z,5,6
2024-07-06T04:19:48.000Z,,
2024-07-06T04:31:27.000Z,,
2024-07-06T04:43:06.000Z,,
2024-07-06T04:54:45.000Z,,
2024-07-06T05:06:24.000Z,,
2024-07-06T05:18:03.000Z,4,4
2024-07-06T05:29:42.000Z,,
2024-07-06T05:41:21.000Z,,
2024-07-06T05:53:00.000Z,,
2024-07-06T06:04:39.000Z,,
2024-07-06T06:16:18.000Z,4,5
2024-07-06T06:27:57.000Z,,
2024-07-06T06:39:36.000Z,,
2024-07-06T06:51:15.000Z,,
2024-07-06T07:02:54.000Z,,
2024-07-06T07:14:33.000Z,4,4
2024-07-06T07:26:12.000Z,,
2024-07-06T07:37:51.000Z,,
2024-07-06T07:49:30.000Z,,
2024-07-06T08:01:09.000Z,,
2024-07-06T08:12:48.000Z,4,5
2024-07-06T08:24:27.000Z,,
2024-07-06T08:36:06.000Z,,
2024-07-06T08:47:45.000Z,,
2024-07-06T08:59:24.000Z,,
2024-07-06T09:11:03.000Z,,
2024-07-06T09:22:42.000Z,4,4
2024-07-06T09:34:21.000Z,,
2024-07-06T09:46:00.000Z,,
2024-07-06T09:57:39.000Z,,
2024-07-06T10:09:18.000Z,,
2024-07-06T10:20:57.000Z,4,5
2024-07-06T10:32:36.000Z,,
2024-07-06T10:44:15.000Z,,
2024-07-06T10:55:54.000Z,,
2024-07-06T11:07:33.000Z,,
2024-07-06T11:19:12.000Z,4,4
2024-07-06T11:30:51.000Z,,
2024-07-06T11:42:30.000Z,,
2024-07-06T11:54:09.000Z,,
2024-07-06T12:05:48.000Z,,
2024-07-06T12:17:27.000Z,,
2024-07-06T12:29:06.000Z,4,5
2024-07-06T12:40:45.000Z,,
2024-07-06T12:52:24.000Z,,
2024-07-06T13:04:03.000Z,,
2024-07-06T13:15:42.000Z,,
2024-07-06T13:27:21.000Z,4,4
2024-07-06T13:39:00.000Z,,
2024-07-06T13:50:39.000Z,,
2024-07-06T14:02:18.000Z,,
2024-07-06T14:13:57.000Z,,
2024-07-06T14:25:36.000Z,4,5
2024-07-06T14:37:15.000Z,,
2024-07-06T14:48:54.000Z,,
2024-07-06T15:00:33.000Z,,
2024-07-06T15:12:12.000Z,,
2024-07-06T15:23:51.000Z,,
2024-07-06T15:35:30.000Z,4,4
2024-07-06T15:47:09.000Z,,
2024-07-06T15:58:48.000Z,,
2024-07-06T16:10:27.000Z,,
2024-07-06T16:22:06.000Z,,
2024-07-06T16:33:45.000Z,4,5
2024-07-06T16:45:24.000Z,,
2024-07-06T16:57:03.000Z,,
2024-07-06T17:08:42.000Z,,
2024-07-06T17:20:21.000Z,,
2024-07-06T17:32:00.000Z,4,4
2024-07-06T17:43:39.000Z,,
2024-07-06T17:55:18.000Z,,
2024-07-06T18:06:57.000Z,,
2024-07-06T18:18:36.000Z,,
2024-07-06T18:30:15.000Z,,
2024-07-06T18:41:54.000Z,4,5
2024-07-06T18:53:33.000Z,,
2024-07-06T19:05:12.000Z,,
2024-07-06T19:16:51.000Z,,
2024-07-06T19:28:30.000Z,,
2024-07-06T19:40:09.000Z,4,4
2024-07-06T19:51:48.000Z,,
2024-07-06T20:03:27.000Z,,
2024-07-06T20:15:06.000Z,,
2024-07-06T20:26:45.000Z,,
2024-07-06T20:38:24.000Z,5,6
2024-07-06T20:50:03.000Z,,
2024-07-06T21:01:42.000Z,,
2024-07-06T21:13:21.000Z,,
2024-07-06T21:25:00.000Z,,
2024-07-06T21:36:39.000Z,267,354
2024-07-06T21:48:18.000Z,,
2024-07-06T21:59:57.000Z,,
2024-07-06T22:11:36.000Z,,
2024-07-06T22:23:15.000Z,,
2024-07-06T22:34:54.000Z,4,5
2024-07-06T22:46:33.000Z,,
2024-07-06T22:58:12.000Z,,
2024-07-06T23:09:51.000Z,,
2024-07-06T23:21:30.000Z,,
2024-07-06T23:33:09.000Z,,
2024-07-06T23:44:48.000Z,4,4
2024-07-06T23:56:27.000Z,,
2024-07-07T00:08:06.000Z,,
2024-07-07T00:19:45.000Z,,
2024-07-07T00:31:24.000Z,,
2024-07-07T00:43:03.000Z,4,5
2024-07-07T00:54:42.000Z,,
2024-07-07T01:06:21.000Z,,
2024-07-07T01:18:00.000Z,,
2024-07-07T01:29:39.000Z,,
2024-07-07T01:41:18.000Z,4,4
2024-07-07T01:52:57.000Z,,
2024-07-07T02:04:36.000Z,,
2024-07-07T02:16:15.000Z,,
2024-07-07T02:27:54.000Z,,
2024-07-07T02:39:33.000Z,4,5
2024-07-07T02:51:12.000Z,,
2024-07-07T03:02:51.000Z,,
2024-07-07T03:14:30.000Z,,
2024-07-07T03:26:09.000Z,,
2024-07-07T03:37:48.000Z,,
2024-07-07T03:49:27.000Z,4,4
2024-07-07T04:01:06.000Z,,
2024-07-07T04:12:45.000Z,,
2024-07-07T04:24:24.000Z,,
2024-07-07T04:36:03.000Z,,
2024-07-07T04:47:42.000Z,4,5
2024-07-07T04:59:21.000Z,,
2024-07-07T05:11:00.000Z,,
2024-07-07T05:22:39.000Z,,
2024-07-07T05:34:18.000Z,,
2024-07-07T05:45:57.000Z,4,4
2024-07-07T05:57:36.000Z,,
2024-07-07T06:09:15.000Z,,
2024-07-07T06:20:54.000Z,,
2024-07-07T06:32:33.000Z,,
2024-07-07T06:44:12.000Z,,
2024-07-07T06:55:51.000Z,4,5
2024-07-07T07:07:30.000Z,,
2024-07-07T07:19:09.000Z,,
2024-07-07T07:30:48.000Z,,
2024-07-07T07:42:27.000Z,,
2024-07-07T07:54:06.000Z,4,4
2024-07-07T08:05:45.000Z,,
2024-07-07T08:17:24.000Z,,
2024-07-07T08:29:03.000Z,,
2024-07-07T08:40:42.000Z,,
2024-07-07T08:52:21.000Z,4,5
2024-07-07T09:04:00.000Z,,
2024-07-07T09:15:39.000Z,,
2024-07-07T09:27:18.000Z,,
2024-07-07T09:38:57.000Z,,
2024-07-07T09:50:36.000Z,4,4
2024-07-07T10:02:15.000Z,,
2024-07-07T10:13:54.000Z,,
2024-07-07T10:25:33.000Z,,
2024-07-07T10:37:12.000Z,,
2024-07-07T10:48:51.000Z,,
2024-07-07T11:00:30.000Z,4,5
2024-07-07T11:12:09.000Z,,
2024-07-07T11:23:48.000Z,,
2024-07-07T11:35:27.000Z,,
2024-07-07T11:47:06.000Z,,
2024-07-07T11:58:45.000Z,4,4
2024-07-07T12:10:24.000Z,,
2024-07-07T12:22:03.000Z,,
2024-07-07T12:33:42.000Z,,
2024-07-07T12:45:21.000Z,,
2024-07-07T12:57:00.000Z,4,4
2024-07-07T13:08:39.000Z,,
2024-07-07T13:20:18.000Z,,
2024-07-07T13:31:57.000Z,,
2024-07-07T13:43:36.000Z,,
2024-07-07T13:55:15.000Z,,
2024-07-07T14:06:54.000Z,4,4
2024-07-07T14:18:33.000Z,,
2024-07-07T14:30:12.000Z,,
2024-07-07T14:41:51.000Z,,
2024-07-07T14:53:30.000Z,,
2024-07-07T15:05:09.000Z,7,9
2024-07-07T15:16:48.000Z,,
2024-07-07T15:28:27.000Z,,
2024-07-07T15:40:06.000Z,,
2024-07-07T15:51:45.000Z,,
2024-07-07T16:03:24.000Z,4,4
2024-07-07T16:15:03.000Z,,
2024-07-07T16:26:42.000Z,,
2024-07-07T16:38:21.000Z,,
2024-07-07T16:50:00.000Z,,
2024-07-07T17:01:39.000Z,,
2024-07-07T17:13:18.000Z,4,5
2024-07-07T17:24:57.000Z,,
2024-07-07T17:36:36.000Z,,
2024-07-07T17:48:15.000Z,,
2024-07-07T17:59:54.000Z,,
2024-07-07T18:11:33.000Z,4,4
2024-07-07T18:23:12.000Z,,
2024-07-07T18:34:51.000Z,,
2024-07-07T18:46:30.000Z,,
2024-07-07T18:58:09.000Z,,
2024-07-07T19:09:48.000Z,5,6
2024-07-07T19:21:27.000Z,,
2024-07-07T19:33:06.000Z,,
2024-07-07T19:44:45.000Z,,
2024-07-07T19:56:24.000Z,,
2024-07-07T20:08:03.000Z,4,4
2024-07-07T20:19:42.000Z,,
2024-07-07T20:31:21.000Z,,
2024-07-07T20:43:00.000Z,,
2024-07-07T20:54:39.000Z,,
2024-07-07T21:06:18.000Z,,
2024-07-07T21:17:57.000Z,5,6
2024-07-07T21:29:36.000Z,,
2024-07-07T21:41:15.000Z,,
2024-07-07T21:52:54.000Z,,
2024-07-07T22:04:33.000Z,,
2024-07-07T22:16:12.000Z,4,4
2024-07-07T22:27:51.000Z,,
2024-07-07T22:39:30.000Z,,
2024-07-07T22:51:09.000Z,,
2024-07-07T23:02:48.000Z,,
2024-07-07T23:14:27.000Z,4,5
2024-07-07T23:26:06.000Z,,
2024-07-07T23:37:45.000Z,,
2024-07-07T23:49:24.000Z,,
2024-07-08T00:01:03.000Z,,
2024-07-08T00:12:42.000Z,4,4
2024-07-08T00:24:21.000Z,,
2024-07-08T00:36:00.000Z,,
2024-07-08T00:47:39.000Z,,
2024-07-08T00:59:18.000Z,,
2024-07-08T01:10:57.000Z,,
2024-07-08T01:22:36.000Z,4,5
2024-07-08T01:34:15.000Z,,
2024-07-08T01:45:54.000Z,,
2024-07-08T01:57:33.000Z,,
2024-07-08T02:09:12.000Z,,
2024-07-08T02:20:51.000Z,4,4
2024-07-08T02:32:30.000Z,,
2024-07-08T02:44:09.000Z,,
2024-07-08T02:55:48.000Z,,
2024-07-08T03:07:27.000Z,,
2024-07-08T03:19:06.000Z,5,6
2024-07-08T03:30:45.000Z,,
2024-07-08T03:42:24.000Z,,
2024-07-08T03:54:03.000Z,,
2024-07-08T04:05:42.000Z,,
2024-07-08T04:17:21.000Z,4,4
2024-07-08T04:29:00.000Z,,
2024-07-08T04:40:39.000Z,,
2024-07-08T04:52:18.000Z,,
2024-07-08T05:03:57.000Z,,
2024-07-08T05:15:36.000Z,,
2024-07-08T05:27:15.000Z,7,8
2024-07-08T05:38:54.000Z,,
2024-07-08T05:50:33.000Z,,
2024-07-08T06:02:12.000Z,,
2024-07-08T06:13:51.000Z,,
2024-07-08T06:25:30.000Z,4,4
2024-07-08T06:37:09.000Z,,
2024-07-08T06:48:48.000Z,,
2024-07-08T07:00:27.000Z,,
2024-07-08T07:12:06.000Z,,
2024-07-08T07:23:45.000Z,4,5
2024-07-08T07:35:24.000Z,,
2024-07-08T07:47:03.000Z,,
2024-07-08T07:58:42.000Z,,
2024-07-08T08:10:21.000Z,,
2024-07-08T08:22:00.000Z,,
2024-07-08T08:33:39.000Z,4,4
2024-07-08T08:45:18.000Z,,
2024-07-08T08:56:57.000Z,,
2024-07-08T09:08:36.000Z,,
2024-07-08T09:20:15.000Z,,
2024-07-08T09:31:54.000Z,4,5
2024-07-08T09:43:33.000Z,,
2024-07-08T09:55:12.000Z,,
2024-07-08T10:06:51.000Z,,
2024-07-08T10:18:30.000Z,,
2024-07-08T10:30:09.000Z,4,4
2024-07-08T10:41:48.000Z,,
2024-07-08T10:53:27.000Z,,
2024-07-08T11:05:06.000Z,,
2024-07-08T11:16:45.000Z,,
2024-07-08T11:28:24.000Z,4,5
2024-07-08T11:40:03.000Z,,
2024-07-08T11:51:42.000Z,,
2024-07-08T12:03:21.000Z,,
2024-07-08T12:15:00.000Z,,
2024-07-08T12:26:39.000Z,,
2024-07-08T12:38:18.000Z,4,4
2024-07-08T12:49:57.000Z,,
2024-07-08T13:01:36.000Z,,
2024-07-08T13:13:15.000Z,,
2024-07-08T13:24:54.000Z,,
2024-07-08T13:36:33.000Z,6,7
2024-07-08T13:48:12.000Z,,
2024-07-08T13:59:51.000Z,,
2024-07-08T14:11:30.000Z,,
2024-07-08T14:23:09.000Z,,
2024-07-08T14:34:48.000Z,4,4
2024-07-08T14:46:27.000Z,,
2024-07-08T14:58:06.000Z,,
2024-07-08T15:09:45.000Z,,
2024-07-08T15:21:24.000Z,,
2024-07-08T15:33:03.000Z,,
2024-07-08T15:44:42.000Z,7,9
2024-07-08T15:56:21.000Z,,
2024-07-08T16:08:00.000Z,,
2024-07-08T16:19:39.000Z,,
2024-07-08T16:31:18.000Z,,
2024-07-08T16:42:57.000Z,4,4
2024-07-08T16:54:36.000Z,,
2024-07-08T17:06:15.000Z,,
2024-07-08T17:17:54.000Z,,
2024-07-08T17:29:33.000Z,,
2024-07-08T17:41:12.000Z,5,6
2024-07-08T17:52:51.000Z,,
2024-07-08T18:04:30.000Z,,
2024-07-08T18:16:09.000Z,,
2024-07-08T18:27:48.000Z,,
2024-07-08T18:39:27.000Z,4,4
2024-07-08T18:51:06.000Z,,
2024-07-08T19:02:45.000Z,,
2024-07-08T19:14:24.000Z,,
2024-07-08T19:26:03.000Z,,
2024-07-08T19:37:42.000Z,,
2024-07-08T19:49:21.000Z,4,5
2024-07-08T20:01:00.000Z,,
2024-07-08T20:12:39.000Z,,
2024-07-08T20:24:18.000Z,,
2024-07-08T20:35:57.000Z,,
2024-07-08T20:47:36.000Z,4,4
2024-07-08T20:59:15.000Z,,
2024-07-08T21:10:54.000Z,,
2024-07-08T21:22:33.000Z,,
2024-07-08T21:34:12.000Z,,
2024-07-08T21:45:51.000Z,4,5
2024-07-08T21:57:30.000Z,,
2024-07-08T22:09:09.000Z,,
2024-07-08T22:20:48.000Z,,
2024-07-08T22:32:27.000Z,,
2024-07-08T22:44:06.000Z,4,4
2024-07-08T22:55:45.000Z,,
2024-07-08T23:07:24.000Z,,
2024-07-08T23:19:03.000Z,,
2024-07-08T23:30:42.000Z,,
2024-07-08T23:42:21.000Z,,
2024-07-08T23:54:00.000Z,4,5
2024-07-09T00:05:39.000Z,,
2024-07-09T00:17:18.000Z,,
2024-07-09T00:28:57.000Z,,
2024-07-09T00:40:36.000Z,,
2024-07-09T00:52:15.000Z,4,4
2024-07-09T01:03:54.000Z,,
2024-07-09T01:15:33.000Z,,
2024-07-09T01:27:12.000Z,,
2024-07-09T01:38:51.000Z,,
2024-07-09T01:50:30.000Z,4,5
2024-07-09T02:02:09.000Z,,
2024-07-09T02:13:48.000Z,,
2024-07-09T02:25:27.000Z,,
2024-07-09T02:37:06.000Z,,
2024-07-09T02:48:45.000Z,4,4
2024-07-09T03:00:24.000Z,,
2024-07-09T03:12:03.000Z,,
2024-07-09T03:23:42.000Z,,
2024-07-09T03:35:21.000Z,,
2024-07-09T03:47:00.000Z,,
2024-07-09T03:58:39.000Z,4,5
2024-07-09T04:10:18.000Z,,
2024-07-09T04:21:57.000Z,,
2024-07-09T04:33:36.000Z,,
2024-07-09T04:45:15.000Z,,
2024-07-09T04:56:54.000Z,4,4
2024-07-09T05:08:33.000Z,,
2024-07-09T05:20:12.000Z,,
2024-07-09T05:31:51.000Z,,
2024-07-09T05:43:30.000Z,,
2024-07-09T05:55:09.000Z,4,5
2024-07-09T06:06:48.000Z,,
2024-07-09T06:18:27.000Z,,
2024-07-09T06:30:06.000Z,,
2024-07-09T06:41:45.000Z,,
2024-07-09T06:53:24.000Z,4,4
2024-07-09T07:05:03.000Z,,
2024-07-09T07:16:42.000Z,,
2024-07-09T07:28:21.000Z,,
2024-07-09T07:40:00.000Z,,
2024-07-09T07:51:39.000Z,,
2024-07-09T08:03:18.000Z,4,5
2024-07-09T08:14:57.000Z,,
2024-07-09T08:26:36.000Z,,
2024-07-09T08:38:15.000Z,,
2024-07-09T08:49:54.000Z,,
2024-07-09T09:01:33.000Z,4,4
2024-07-09T09:13:12.000Z,,
2024-07-09T09:24:51.000Z,,
2024-07-09T09:36:30.000Z,,
2024-07-09T09:48:09.000Z,,
2024-07-09T09:59:48.000Z,4,5
2024-07-09T10:11:27.000Z,,
2024-07-09T10:23:06.000Z,,
2024-07-09T10:34:45.000Z,,
2024-07-09T10:46:24.000Z,,
2024-07-09T10:58:03.000Z,4,4
2024-07-09T11:09:42.000Z,,
2024-07-09T11:21:21.000Z,,
2024-07-09T11:33:00.000Z,,
2024-07-09T11:44:39.000Z,,
2024-07-09T11:56:18.000Z,,
2024-07-09T12:07:57.000Z,4,5
2024-07-09T12:19:36.000Z,,
2024-07-09T12:31:15.000Z,,
2024-07-09T12:42:54.000Z,,
2024-07-09T12:54:33.000Z,,
2024-07-09T13:06:12.000Z,4,4
2024-07-09T13:17:51.000Z,,
2024-07-09T13:29:30.000Z,,
2024-07-09T13:41:09.000Z,,
2024-07-09T13:52:48.000Z,,
2024-07-09T14:04:27.000Z,4,5
2024-07-09T14:16:06.000Z,,
2024-07-09T14:27:45.000Z,,
2024-07-09T14:39:24.000Z,,
2024-07-09T14:51:03.000Z,,
2024-07-09T15:02:42.000Z,4,4
2024-07-09T15:14:21.000Z,,
2024-07-09T15:26:00.000Z,,
2024-07-09T15:37:39.000Z,,
2024-07-09T15:49:18.000Z,,
2024-07-09T16:00:57.000Z,,
2024-07-09T16:12:36.000Z,4,5
2024-07-09T16:24:15.000Z,,