{"chunk_definitions":[{"row":23,"row_count":1,"visible":true,"expansion_state":0,"options":{"engine":"r","label":"unnamed-chunk-1"},"document_id":"596D23D8","chunk_id":"cc8h2f7muz64u","chunk_label":"unnamed-chunk-1"},{"row":42,"row_count":1,"visible":true,"expansion_state":0,"options":{"engine":"r","label":"unnamed-chunk-3"},"document_id":"596D23D8","chunk_id":"cv31wlpimmda6","chunk_label":"unnamed-chunk-3"},{"row":85,"row_count":1,"visible":true,"expansion_state":0,"options":{"engine":"r","label":"unnamed-chunk-6"},"document_id":"596D23D8","chunk_id":"cr26mhva85buu","chunk_label":"unnamed-chunk-4"},{"row":89,"row_count":1,"visible":true,"expansion_state":0,"options":{"engine":"r","label":"unnamed-chunk-8"},"document_id":"596D23D8","chunk_id":"c5y6zqso6733s","chunk_label":"unnamed-chunk-5"},{"row":132,"row_count":1,"visible":true,"expansion_state":0,"options":{"engine":"r","label":"fig8","fig.height":12,"fig.width":16},"document_id":"596D23D8","chunk_id":"cwi644rqipup5","chunk_label":"fig8"},{"row":138,"row_count":1,"visible":true,"expansion_state":0,"options":{"engine":"r","label":"unnamed-chunk-5"},"document_id":"596D23D8","chunk_id":"c2hnj4hbz2joc","chunk_label":"unnamed-chunk-6"},{"row":188,"row_count":1,"visible":true,"expansion_state":0,"options":{"engine":"r","label":"fig8","fig.height":12,"fig.width":16},"document_id":"596D23D8","chunk_id":"c50a07u9m9toe","chunk_label":"fig8"}],"doc_write_time":1679080641,"chunk_rendered_width":700}