{"chunk_definitions":[{"row":23,"row_count":1,"visible":true,"expansion_state":0,"options":{"engine":"r","label":"unnamed-chunk-27"},"document_id":"596D23D8","chunk_id":"cc8h2f7muz64u","chunk_label":"unnamed-chunk-1"},{"row":38,"row_count":1,"visible":true,"expansion_state":0,"options":{"engine":"r","label":"unnamed-chunk-28"},"document_id":"596D23D8","chunk_id":"c59pt73k600jo","chunk_label":"unnamed-chunk-2"},{"row":42,"row_count":1,"visible":true,"expansion_state":0,"options":{"engine":"r","label":"unnamed-chunk-29"},"document_id":"596D23D8","chunk_id":"cv31wlpimmda6","chunk_label":"unnamed-chunk-3"},{"row":85,"row_count":1,"visible":true,"expansion_state":0,"options":{"engine":"r","label":"unnamed-chunk-30"},"document_id":"596D23D8","chunk_id":"cr26mhva85buu","chunk_label":"unnamed-chunk-4"},{"row":133,"row_count":1,"visible":true,"expansion_state":0,"options":{"engine":"r","label":"fig8","fig.height":12,"fig.width":16},"document_id":"596D23D8","chunk_id":"cwi644rqipup5","chunk_label":"fig8"},{"row":139,"row_count":1,"visible":true,"expansion_state":0,"options":{"engine":"r","label":"unnamed-chunk-31"},"document_id":"596D23D8","chunk_id":"c2hnj4hbz2joc","chunk_label":"unnamed-chunk-5"}],"doc_write_time":1679018972}