Line#,Date,"Solar Radiation (S-LIB 21198259:21176526-1), W/m^2, RX3000_BRW1_TNHA","Solar Radiation (RXW-LIB 21198259:21362315-1), W/m^2, RX3000_BRW1_TNHA","Solar Radiation (RXW-LIB 21198259:21362317-1), W/m^2, RX3000_BRW1_TNHA","Solar Radiation (RXW-LIB 21198259:21362318-1), W/m^2, RX3000_BRW1_TNHA","Solar Radiation (RXW-LIB 21198259:21398620-1), W/m^2, RX3000_BRW1_TNHA","Solar Radiation (RXW-LIB 21401801:21362319-1), W/m^2, RX3000_BRW4_SSMH","Solar Radiation (RXW-LIB 21401801:21398619-1), W/m^2, RX3000_BRW4_SSMH","Solar Radiation (RXW-LIB 21401801:21398622-1), W/m^2, RX3000_BRW4_SSMH"
1,03/11/24 21:00:00,164,,,,437,,,
2,03/11/24 22:00:00,158,297,37,312,327,,,
3,03/11/24 23:00:00,174,109,34,333,379,,,
4,03/12/24 00:00:00,168,41,33,327,358,,,
5,03/12/24 01:00:00,39,29,31,294,404,,,
6,03/12/24 02:00:00,22,17,27,221,323,,,
7,03/12/24 03:00:00,9,11,24,92,202,,,
8,03/12/24 04:00:00,2,4,14,36,46,,,
9,03/12/24 05:00:00,1,1,1,2,1,,,
10,03/12/24 06:00:00,1,1,1,1,1,,,
11,03/12/24 07:00:00,1,1,1,1,1,,,
12,03/12/24 08:00:00,1,1,1,1,1,,,
13,03/12/24 09:00:00,1,1,1,1,1,,,
14,03/12/24 10:00:00,1,1,1,1,1,,,
15,03/12/24 11:00:00,1,1,1,1,1,,,
16,03/12/24 12:00:00,1,1,1,1,1,,,
17,03/12/24 13:00:00,1,1,1,1,1,,,
18,03/12/24 14:00:00,1,1,1,1,1,,,
19,03/12/24 15:00:00,1,1,1,1,1,,,
20,03/12/24 16:00:00,1,1,1,1,1,,,
21,03/12/24 17:00:00,3,1,1,1,1,,,
22,03/12/24 18:00:00,44,34,7,8,4,,,
23,03/12/24 19:00:00,128,177,18,24,28,,,
24,03/12/24 20:00:00,154,269,27,114,151,,,
25,03/12/24 21:00:00,153,303,32,177,294,,,
26,03/12/24 22:00:00,187,303,37,199,361,41,,304
27,03/12/24 23:00:00,191,113,34,214,447,36,,306
28,03/13/24 00:00:00,182,42,34,208,409,37,,284
29,03/13/24 01:00:00,44,32,32,191,422,38,,247
30,03/13/24 02:00:00,23,19,31,138,303,38,,177
31,03/13/24 03:00:00,12,13,27,81,168,56,,89
32,03/13/24 04:00:00,4,4,16,28,34,36,,19
33,03/13/24 05:00:00,1,1,2,2,1,2,,2
34,03/13/24 06:00:00,1,1,1,1,1,1,,1
35,03/13/24 07:00:00,1,1,1,1,1,1,,1
36,03/13/24 08:00:00,1,1,1,1,1,1,,1
37,03/13/24 09:00:00,1,1,1,1,1,1,,1
38,03/13/24 10:00:00,1,1,1,1,1,1,,1
39,03/13/24 11:00:00,1,1,1,1,1,1,,1
40,03/13/24 12:00:00,1,1,1,1,1,1,,1
41,03/13/24 13:00:00,1,1,1,1,1,1,,1
42,03/13/24 14:00:00,1,1,1,1,1,1,,1
43,03/13/24 15:00:00,1,1,1,1,1,1,,1
44,03/13/24 16:00:00,1,1,1,1,1,1,,1
45,03/13/24 17:00:00,3,1,1,1,1,1,,1
46,03/13/24 18:00:00,71,64,8,9,6,6,,39
47,03/13/24 19:00:00,89,169,18,26,27,14,,121
48,03/13/24 20:00:00,161,247,24,118,151,18,228,182
49,03/13/24 21:00:00,183,342,31,202,341,24,237,261
50,03/13/24 22:00:00,194,348,34,229,422,31,72,307
51,03/13/24 23:00:00,156,122,41,222,408,43,123,297
52,03/14/24 00:00:00,126,53,44,196,341,48,152,252
53,03/14/24 01:00:00,46,38,32,192,384,38,122,229
54,03/14/24 02:00:00,26,19,28,164,342,32,129,187
55,03/14/24 03:00:00,12,12,24,108,222,66,24,108
56,03/14/24 04:00:00,3,6,22,47,66,74,12,32
57,03/14/24 05:00:00,1,1,2,3,2,7,1,2
58,03/14/24 06:00:00,1,1,1,1,1,1,1,1
59,03/14/24 07:00:00,1,1,1,1,1,1,1,1
60,03/14/24 08:00:00,1,1,1,1,1,1,1,1
61,03/14/24 09:00:00,1,1,1,1,1,1,1,1
62,03/14/24 10:00:00,1,1,1,1,1,1,1,1
63,03/14/24 11:00:00,1,1,1,1,1,1,1,1
64,03/14/24 12:00:00,1,1,1,1,1,1,1,1
65,03/14/24 13:00:00,1,1,1,1,1,1,1,1
66,03/14/24 14:00:00,1,1,1,1,1,1,1,1
67,03/14/24 15:00:00,1,1,1,1,1,1,1,1
68,03/14/24 16:00:00,1,1,1,1,1,1,1,1
69,03/14/24 17:00:00,4,2,1,1,1,1,2,2
70,03/14/24 18:00:00,81,82,11,12,7,6,41,41
71,03/14/24 19:00:00,146,199,19,27,28,12,109,137
72,03/14/24 20:00:00,177,296,26,132,174,17,176,224
73,03/14/24 21:00:00,193,351,31,216,364,22,227,273
74,03/14/24 22:00:00,211,358,33,234,434,27,66,306
75,03/14/24 23:00:00,222,112,32,241,473,28,128,323
76,03/15/24 00:00:00,217,41,32,237,483,29,179,308
77,03/15/24 01:00:00,58,31,29,216,452,29,131,266
78,03/15/24 02:00:00,34,19,27,173,352,29,139,196
79,03/15/24 03:00:00,17,12,24,123,232,69,24,118
80,03/15/24 04:00:00,7,6,24,53,69,82,13,32
81,03/15/24 05:00:00,1,1,3,4,3,8,2,2
82,03/15/24 06:00:00,1,1,1,1,1,1,1,1
83,03/15/24 07:00:00,1,1,1,1,1,1,1,1
84,03/15/24 08:00:00,1,1,1,1,1,1,1,1
85,03/15/24 09:00:00,1,1,1,1,1,1,1,1
86,03/15/24 10:00:00,1,1,1,1,1,1,1,1
87,03/15/24 11:00:00,1,1,1,1,1,1,1,1
88,03/15/24 12:00:00,1,1,1,1,1,1,1,1
89,03/15/24 13:00:00,1,1,1,1,1,1,1,1
90,03/15/24 14:00:00,1,1,1,1,1,1,1,1
91,03/15/24 15:00:00,1,1,1,1,1,1,1,1
92,03/15/24 16:00:00,1,1,1,1,1,1,1,1
93,03/15/24 17:00:00,7,2,1,1,1,1,2,2
94,03/15/24 18:00:00,71,54,12,14,9,7,34,38
95,03/15/24 19:00:00,179,169,28,42,37,19,99,122
96,03/15/24 20:00:00,234,271,26,121,148,19,157,186
97,03/15/24 21:00:00,302,357,29,223,363,21,228,267
98,03/15/24 22:00:00,322,369,32,251,453,26,62,319
99,03/15/24 23:00:00,318,114,32,251,486,27,131,323
100,03/16/24 00:00:00,278,42,32,251,486,29,171,319
101,03/16/24 01:00:00,62,33,29,229,453,29,133,274
102,03/16/24 02:00:00,37,21,27,187,352,29,138,202
103,03/16/24 03:00:00,18,13,24,122,232,69,24,127
104,03/16/24 04:00:00,8,7,27,54,76,87,14,37
105,03/16/24 05:00:00,1,1,4,6,6,12,3,3
106,03/16/24 06:00:00,1,1,1,1,1,1,1,1
107,03/16/24 07:00:00,1,1,1,1,1,1,1,1
108,03/16/24 08:00:00,1,1,1,1,1,1,1,1
109,03/16/24 09:00:00,1,1,1,1,1,1,1,1
110,03/16/24 10:00:00,1,1,1,1,1,1,1,1
111,03/16/24 11:00:00,1,1,1,1,1,1,1,1
112,03/16/24 12:00:00,1,1,1,1,1,1,1,1
113,03/16/24 13:00:00,1,1,1,1,1,1,1,1
114,03/16/24 14:00:00,1,1,1,1,1,1,1,1
115,03/16/24 15:00:00,1,1,1,1,1,1,1,1
116,03/16/24 16:00:00,1,1,1,1,1,1,1,1
117,03/16/24 17:00:00,17,6,2,2,1,1,4,4
118,03/16/24 18:00:00,102,102,11,13,8,7,56,56
119,03/16/24 19:00:00,222,229,19,27,33,11,124,157
120,03/16/24 20:00:00,259,318,24,139,188,14,196,241
121,03/16/24 21:00:00,311,371,28,217,388,21,248,291
122,03/16/24 22:00:00,323,382,29,244,469,23,62,329
123,03/16/24 23:00:00,333,113,31,249,508,26,149,343
124,03/17/24 00:00:00,298,39,29,223,512,27,192,328
125,03/17/24 01:00:00,58,31,28,203,481,27,144,283
126,03/17/24 02:00:00,34,19,27,167,381,24,152,213
127,03/17/24 03:00:00,17,13,24,111,256,74,24,133
128,03/17/24 04:00:00,8,7,33,53,87,98,14,38
129,03/17/24 05:00:00,1,1,8,8,8,19,6,4
130,03/17/24 06:00:00,1,1,1,1,1,1,1,1
131,03/17/24 07:00:00,1,1,1,1,1,1,1,1
132,03/17/24 08:00:00,1,1,1,1,1,1,1,1
133,03/17/24 09:00:00,1,1,1,1,1,1,1,1
134,03/17/24 10:00:00,1,1,1,1,1,1,1,1
135,03/17/24 11:00:00,1,1,1,1,1,1,1,1
136,03/17/24 12:00:00,1,1,1,1,1,1,1,1
137,03/17/24 13:00:00,1,1,1,1,1,1,1,1
138,03/17/24 14:00:00,1,1,1,1,1,1,1,1
139,03/17/24 15:00:00,1,1,1,1,1,1,1,1
140,03/17/24 16:00:00,1,1,1,1,1,1,1,1
141,03/17/24 17:00:00,27,12,2,2,1,1,7,4
142,03/17/24 18:00:00,112,123,12,14,8,7,67,67
143,03/17/24 19:00:00,216,241,18,28,34,12,136,173
144,03/17/24 20:00:00,257,322,26,141,182,17,206,234
145,03/17/24 21:00:00,318,379,31,197,398,22,264,291
146,03/17/24 22:00:00,292,384,32,218,479,24,67,334
147,03/17/24 23:00:00,206,116,33,212,462,29,164,321
148,03/18/24 00:00:00,336,61,46,218,424,69,162,302
149,03/18/24 01:00:00,112,48,58,204,377,83,119,253
150,03/18/24 02:00:00,112,54,68,134,159,93,71,131
151,03/18/24 03:00:00,23,24,48,119,208,82,38,121
152,03/18/24 04:00:00,9,7,14,21,21,17,11,17
153,03/18/24 05:00:00,1,1,4,4,2,4,2,3
154,03/18/24 06:00:00,1,1,1,1,1,1,1,1
155,03/18/24 07:00:00,1,1,1,1,1,1,1,1
156,03/18/24 08:00:00,1,1,1,1,1,1,1,1
157,03/18/24 09:00:00,1,1,1,1,1,1,1,1
158,03/18/24 10:00:00,1,1,1,1,1,1,1,1
159,03/18/24 11:00:00,1,1,1,1,1,1,1,1
160,03/18/24 12:00:00,1,1,1,1,1,1,1,1
161,03/18/24 13:00:00,1,1,1,1,1,1,1,1
162,03/18/24 14:00:00,1,1,1,1,1,1,1,1
163,03/18/24 15:00:00,1,1,1,1,1,1,1,1
164,03/18/24 16:00:00,1,1,1,1,1,1,1,1
165,03/18/24 17:00:00,7,1,1,1,1,1,1,2
166,03/18/24 18:00:00,27,11,9,13,7,8,12,14
167,03/18/24 19:00:00,66,39,34,52,33,36,42,53
168,03/18/24 20:00:00,102,62,54,79,52,54,66,82
169,03/18/24 21:00:00,126,96,83,129,92,89,102,131
170,03/18/24 22:00:00,126,89,93,134,87,98,107,128
171,03/18/24 23:00:00,129,79,92,124,76,89,113,118
172,03/19/24 00:00:00,97,89,102,142,88,98,126,133
173,03/19/24 01:00:00,81,54,59,88,52,63,81,86
174,03/19/24 02:00:00,52,47,56,76,46,49,69,72
175,03/19/24 03:00:00,31,28,33,46,27,26,42,43
176,03/19/24 04:00:00,26,31,33,54,37,27,43,46
177,03/19/24 05:00:00,1,3,8,11,6,8,8,8
178,03/19/24 06:00:00,1,1,1,1,1,1,1,1
179,03/19/24 07:00:00,1,1,1,1,1,1,1,1
180,03/19/24 08:00:00,1,1,1,1,1,1,1,1
181,03/19/24 09:00:00,1,1,1,1,1,1,1,1
182,03/19/24 10:00:00,1,1,1,1,1,1,1,1
183,03/19/24 11:00:00,1,1,1,1,1,1,1,1
184,03/19/24 12:00:00,1,1,1,1,1,1,1,1
185,03/19/24 13:00:00,1,1,1,1,1,1,1,1
186,03/19/24 14:00:00,1,1,1,1,1,1,1,1
187,03/19/24 15:00:00,1,1,1,1,1,1,1,1
188,03/19/24 16:00:00,1,1,1,1,1,1,1,1
189,03/19/24 17:00:00,43,24,2,4,2,1,14,8
190,03/19/24 18:00:00,89,122,9,17,11,4,74,67
191,03/19/24 19:00:00,202,217,14,36,39,11,148,162
192,03/19/24 20:00:00,223,287,21,142,137,14,209,231
193,03/19/24 21:00:00,223,327,28,199,293,22,236,273
194,03/19/24 22:00:00,261,337,53,252,388,43,138,329
195,03/19/24 23:00:00,332,128,38,241,457,33,161,334
196,03/20/24 00:00:00,176,58,34,164,281,34,134,216
197,03/20/24 01:00:00,112,68,51,149,181,48,103,161
198,03/20/24 02:00:00,78,59,48,111,98,41,86,107
199,03/20/24 03:00:00,34,38,38,87,83,33,58,77
200,03/20/24 04:00:00,13,16,17,32,23,12,24,27
201,03/20/24 05:00:00,1,2,2,6,3,2,3,4
202,03/20/24 06:00:00,1,1,1,1,1,1,1,1
203,03/20/24 07:00:00,1,1,1,1,1,1,1,1
204,03/20/24 08:00:00,1,1,1,1,1,1,1,1
205,03/20/24 09:00:00,1,1,1,1,1,1,1,1
206,03/20/24 10:00:00,1,1,1,1,1,1,1,1
207,03/20/24 11:00:00,1,1,1,1,1,1,1,1
208,03/20/24 12:00:00,1,1,1,1,1,1,1,1
209,03/20/24 13:00:00,1,1,1,1,1,1,1,1
210,03/20/24 14:00:00,1,1,1,1,1,1,1,1
211,03/20/24 15:00:00,1,1,1,1,1,1,1,1
212,03/20/24 16:00:00,1,1,1,1,1,1,1,1
213,03/20/24 17:00:00,18,2,2,4,2,1,3,4
214,03/20/24 18:00:00,32,19,14,28,17,9,26,27
215,03/20/24 19:00:00,58,29,22,44,28,16,41,43
216,03/20/24 20:00:00,94,54,38,78,52,28,72,78
217,03/20/24 21:00:00,111,66,51,96,64,36,88,94
218,03/20/24 22:00:00,147,86,68,126,86,47,113,124
219,03/20/24 23:00:00,182,97,83,146,101,56,128,141
220,03/21/24 00:00:00,113,111,106,169,113,67,153,167
221,03/21/24 01:00:00,134,72,68,114,92,46,97,116
222,03/21/24 02:00:00,68,62,76,182,251,61,123,199
223,03/21/24 03:00:00,53,39,52,74,57,36,58,72
224,03/21/24 04:00:00,9,9,22,27,18,14,18,22
225,03/21/24 05:00:00,1,2,4,6,4,2,6,6
226,03/21/24 06:00:00,1,1,1,1,1,1,1,1
227,03/21/24 07:00:00,1,1,1,1,1,1,1,1
228,03/21/24 08:00:00,1,1,1,1,1,1,1,1
229,03/21/24 09:00:00,1,1,1,1,1,1,1,1
230,03/21/24 10:00:00,1,1,1,1,1,1,1,1
231,03/21/24 11:00:00,1,1,1,1,1,1,1,1
232,03/21/24 12:00:00,1,1,1,1,1,1,1,1
233,03/21/24 13:00:00,1,1,1,1,1,1,1,1
234,03/21/24 14:00:00,1,1,1,1,1,1,1,1
235,03/21/24 15:00:00,1,1,1,1,1,1,1,1
236,03/21/24 16:00:00,1,1,1,1,1,1,1,1
237,03/21/24 17:00:00,43,26,8,6,2,2,17,11
238,03/21/24 18:00:00,37,136,18,21,12,6,84,78
239,03/21/24 19:00:00,83,166,23,38,38,9,104,124
240,03/21/24 20:00:00,128,128,46,103,98,27,117,133
241,03/21/24 21:00:00,182,156,54,137,156,38,139,169
242,03/21/24 22:00:00,123,103,82,138,111,53,116,138
243,03/21/24 23:00:00,177,108,88,162,146,66,129,168
244,03/22/24 00:00:00,163,99,93,186,207,72,144,203
245,03/22/24 01:00:00,121,73,79,132,119,61,99,128
246,03/22/24 02:00:00,81,62,67,103,78,46,84,99
247,03/22/24 03:00:00,46,43,48,72,53,33,58,71
248,03/22/24 04:00:00,19,21,24,36,24,16,29,33
249,03/22/24 05:00:00,2,6,8,11,7,4,9,11
250,03/22/24 06:00:00,1,1,1,1,1,1,1,1
251,03/22/24 07:00:00,1,1,1,1,1,1,1,1
252,03/22/24 08:00:00,1,1,1,1,1,1,1,1
253,03/22/24 09:00:00,1,1,1,1,1,1,1,1
254,03/22/24 10:00:00,1,1,1,1,1,1,1,1
255,03/22/24 11:00:00,1,1,1,1,1,1,1,1
256,03/22/24 12:00:00,1,1,1,1,1,1,1,1
257,03/22/24 13:00:00,1,1,1,1,1,1,1,1
258,03/22/24 14:00:00,1,1,1,1,1,1,1,1
259,03/22/24 15:00:00,1,1,1,1,1,1,1,1
260,03/22/24 16:00:00,1,1,1,1,1,1,1,1
261,03/22/24 17:00:00,29,16,7,8,4,2,13,12
262,03/22/24 18:00:00,42,34,29,41,24,17,43,44
263,03/22/24 19:00:00,106,77,38,67,49,24,76,82
264,03/22/24 20:00:00,328,278,39,158,184,24,196,226
265,03/22/24 21:00:00,422,274,47,178,271,36,193,239
266,03/22/24 22:00:00,162,419,36,251,501,24,94,372
267,03/22/24 23:00:00,153,152,59,241,418,51,187,348
268,03/23/24 00:00:00,474,106,99,192,192,89,126,182
269,03/23/24 01:00:00,104,84,86,164,172,78,117,179
270,03/23/24 02:00:00,67,73,79,116,77,58,98,109
271,03/23/24 03:00:00,34,52,54,81,54,41,69,77
272,03/23/24 04:00:00,17,18,21,31,18,17,26,29
273,03/23/24 05:00:00,2,3,4,6,3,3,6,6
274,03/23/24 06:00:00,1,1,1,1,1,1,1,1
275,03/23/24 07:00:00,1,1,1,1,1,1,1,1
276,03/23/24 08:00:00,1,1,1,1,1,1,1,1
277,03/23/24 09:00:00,1,1,1,1,1,1,1,1
278,03/23/24 10:00:00,1,1,1,1,1,1,1,1
279,03/23/24 11:00:00,1,1,1,1,1,1,1,1
280,03/23/24 12:00:00,1,1,1,1,1,1,1,1
281,03/23/24 13:00:00,1,1,1,1,1,1,1,1
282,03/23/24 14:00:00,1,1,1,1,1,1,1,1
283,03/23/24 15:00:00,1,1,1,1,1,1,1,1
284,03/23/24 16:00:00,1,1,1,1,1,1,1,1
285,03/23/24 17:00:00,16,4,4,8,4,3,7,7
286,03/23/24 18:00:00,38,19,23,32,18,14,29,28
287,03/23/24 19:00:00,67,37,47,66,39,32,58,58
288,03/23/24 20:00:00,102,63,79,113,69,53,97,98
289,03/23/24 21:00:00,153,87,104,152,98,76,131,136
290,03/23/24 22:00:00,127,116,114,182,133,94,158,178
291,03/23/24 23:00:00,163,123,114,197,164,111,161,202
292,03/24/24 00:00:00,154,117,123,194,149,112,153,186
293,03/24/24 01:00:00,153,99,114,178,141,104,133,159
294,03/24/24 02:00:00,108,69,92,143,119,92,91,127
295,03/24/24 03:00:00,54,36,69,98,86,69,58,86
296,03/24/24 04:00:00,28,17,46,54,42,58,34,44
297,03/24/24 05:00:00,3,6,21,22,16,22,12,12
298,03/24/24 06:00:00,1,1,1,1,1,1,1,1
299,03/24/24 07:00:00,1,1,1,1,1,1,1,1
300,03/24/24 08:00:00,1,1,1,1,1,1,1,1
301,03/24/24 09:00:00,1,1,1,1,1,1,1,1
302,03/24/24 10:00:00,1,1,1,1,1,1,1,1
303,03/24/24 11:00:00,1,1,1,1,1,1,1,1
304,03/24/24 12:00:00,1,1,1,1,1,1,1,1
305,03/24/24 13:00:00,1,1,1,1,1,1,1,1
306,03/24/24 14:00:00,1,1,1,1,1,1,1,1
307,03/24/24 15:00:00,1,1,1,1,1,1,1,1
308,03/24/24 16:00:00,2,1,1,1,1,1,1,1
309,03/24/24 17:00:00,12,6,6,8,4,3,8,8
310,03/24/24 18:00:00,59,28,22,33,22,18,33,36
311,03/24/24 19:00:00,54,63,48,71,47,38,72,74
312,03/24/24 20:00:00,122,82,76,111,76,64,101,109
313,03/24/24 21:00:00,159,106,113,159,106,94,136,146
314,03/24/24 22:00:00,231,177,131,226,197,128,186,237
315,03/24/24 23:00:00,196,136,129,213,182,108,164,207
316,03/25/24 00:00:00,122,107,114,168,119,76,141,162
317,03/25/24 01:00:00,132,98,109,158,107,71,131,137
318,03/25/24 02:00:00,94,81,97,134,89,61,111,107
319,03/25/24 03:00:00,58,48,63,84,56,38,67,57
320,03/25/24 04:00:00,27,29,34,48,31,22,41,33
321,03/25/24 05:00:00,3,8,11,14,8,7,12,8
322,03/25/24 06:00:00,1,1,1,1,1,1,1,1
323,03/25/24 07:00:00,1,1,1,1,1,1,1,1
324,03/25/24 08:00:00,1,1,1,1,1,1,1,1
325,03/25/24 09:00:00,1,1,1,1,1,1,1,1
326,03/25/24 10:00:00,1,1,1,1,1,1,1,1
327,03/25/24 11:00:00,1,1,1,1,1,1,1,1
328,03/25/24 12:00:00,1,1,1,1,1,1,1,1
329,03/25/24 13:00:00,1,1,1,1,1,1,1,1
330,03/25/24 14:00:00,1,1,1,1,1,1,1,1
331,03/25/24 15:00:00,1,1,1,1,1,1,1,1
332,03/25/24 16:00:00,3,1,1,1,1,1,1,1
333,03/25/24 17:00:00,23,16,9,12,6,4,17,8
334,03/25/24 18:00:00,69,32,27,37,23,16,36,19
335,03/25/24 19:00:00,228,228,43,86,62,24,166,107
336,03/25/24 20:00:00,327,342,33,183,216,19,234,164
337,03/25/24 21:00:00,194,321,44,202,334,33,237,167
338,03/25/24 22:00:00,149,176,82,181,201,72,146,116
339,03/25/24 23:00:00,214,126,101,188,176,93,143,101
340,03/26/24 00:00:00,312,111,93,221,284,96,141,134
341,03/26/24 01:00:00,178,63,68,246,442,69,191,172
342,03/26/24 02:00:00,62,34,58,197,351,47,147,152
343,03/26/24 03:00:00,24,19,44,124,201,77,31,92
344,03/26/24 04:00:00,34,12,39,49,43,34,21,19
345,03/26/24 05:00:00,3,7,17,19,13,12,11,8
346,03/26/24 06:00:00,1,1,1,1,1,1,1,1
347,03/26/24 07:00:00,1,1,1,1,1,1,1,1
348,03/26/24 08:00:00,1,1,1,1,1,1,1,1
349,03/26/24 09:00:00,1,1,1,1,1,1,1,1
350,03/26/24 10:00:00,1,1,1,1,1,1,1,1
351,03/26/24 11:00:00,1,1,1,1,1,1,1,1
352,03/26/24 12:00:00,1,1,1,1,1,1,1,1
353,03/26/24 13:00:00,1,1,1,1,1,1,1,1
354,03/26/24 14:00:00,1,1,1,1,1,1,1,1
355,03/26/24 15:00:00,1,1,1,1,1,1,1,1
356,03/26/24 16:00:00,6,1,1,1,1,1,1,1
357,03/26/24 17:00:00,54,32,9,13,8,4,26,19
358,03/26/24 18:00:00,136,103,17,27,23,9,74,69
359,03/26/24 19:00:00,247,271,24,67,47,12,177,171
360,03/26/24 20:00:00,336,386,31,207,229,16,258,237
361,03/26/24 21:00:00,387,449,33,249,474,22,306,267
362,03/26/24 22:00:00,138,426,36,268,519,31,108,277
363,03/26/24 23:00:00,338,122,42,262,506,41,128,329
364,03/27/24 00:00:00,323,53,43,247,488,48,173,336
365,03/27/24 01:00:00,253,41,38,251,514,54,179,322
366,03/27/24 02:00:00,48,26,34,197,404,31,131,242
367,03/27/24 03:00:00,29,19,37,164,294,118,31,182
368,03/27/24 04:00:00,18,13,79,102,142,134,22,37
369,03/27/24 05:00:00,4,6,41,37,21,48,11,12
370,03/27/24 06:00:00,1,1,3,2,1,2,1,1
371,03/27/24 07:00:00,1,1,1,1,1,1,1,1
372,03/27/24 08:00:00,1,1,1,1,1,1,1,1
373,03/27/24 09:00:00,1,1,1,1,1,1,1,1
374,03/27/24 10:00:00,1,1,1,1,1,1,1,1
375,03/27/24 11:00:00,1,1,1,1,1,1,1,1
376,03/27/24 12:00:00,1,1,1,1,1,1,1,1
377,03/27/24 13:00:00,1,1,1,1,1,1,1,1
378,03/27/24 14:00:00,1,1,1,1,1,1,1,1
379,03/27/24 15:00:00,1,1,1,1,1,1,1,1
380,03/27/24 16:00:00,4,1,1,1,1,1,2,2
381,03/27/24 17:00:00,39,18,8,12,6,4,17,18
382,03/27/24 18:00:00,151,157,27,36,26,13,107,111
383,03/27/24 19:00:00,182,257,31,69,49,17,183,202
384,03/27/24 20:00:00,189,242,47,149,142,32,193,219
385,03/27/24 21:00:00,208,269,77,209,261,64,218,262
386,03/27/24 22:00:00,283,211,116,239,238,116,199,267
387,03/27/24 23:00:00,271,178,128,287,328,149,213,322
388,03/28/24 00:00:00,154,102,92,204,243,121,159,239
389,03/28/24 01:00:00,148,97,102,168,137,101,126,159
390,03/28/24 02:00:00,98,72,83,122,86,74,99,116
391,03/28/24 03:00:00,68,52,63,91,64,57,72,87
392,03/28/24 04:00:00,31,28,34,49,32,31,39,46
393,03/28/24 05:00:00,6,9,12,17,11,9,14,17
394,03/28/24 06:00:00,1,1,1,1,1,1,1,2
395,03/28/24 07:00:00,1,1,1,1,1,1,1,1
396,03/28/24 08:00:00,1,1,1,1,1,1,1,1
397,03/28/24 09:00:00,1,1,1,1,1,1,1,1
398,03/28/24 10:00:00,1,1,1,1,1,1,1,1
399,03/28/24 11:00:00,1,1,1,1,1,1,1,1
400,03/28/24 12:00:00,1,1,1,1,1,1,1,1
401,03/28/24 13:00:00,1,1,1,1,1,1,1,1
402,03/28/24 14:00:00,1,1,1,1,1,1,1,1
403,03/28/24 15:00:00,1,1,1,1,1,1,1,1
404,03/28/24 16:00:00,4,1,1,1,1,1,1,1
405,03/28/24 17:00:00,32,11,12,18,11,9,16,17
406,03/28/24 18:00:00,61,32,34,48,28,29,47,49
407,03/28/24 19:00:00,112,62,66,92,54,53,83,89
408,03/28/24 20:00:00,144,96,98,139,88,82,126,133
409,03/28/24 21:00:00,228,123,131,184,119,113,163,177
410,03/28/24 22:00:00,199,167,161,243,171,153,216,244
411,03/28/24 23:00:00,188,124,142,197,124,127,176,189
412,03/29/24 00:00:00,153,111,132,177,111,122,163,177
413,03/29/24 01:00:00,127,99,116,161,102,109,138,152
414,03/29/24 02:00:00,102,69,86,118,78,82,99,109
415,03/29/24 03:00:00,72,56,69,97,63,66,79,88
416,03/29/24 04:00:00,32,31,37,52,33,36,44,49
417,03/29/24 05:00:00,6,8,12,16,9,11,14,16
418,03/29/24 06:00:00,1,1,1,2,1,1,2,2
419,03/29/24 07:00:00,1,1,1,1,1,1,1,1
420,03/29/24 08:00:00,1,1,1,1,1,1,1,1
421,03/29/24 09:00:00,1,1,1,1,1,1,1,1
422,03/29/24 10:00:00,1,1,1,1,1,1,1,1
423,03/29/24 11:00:00,1,1,1,1,1,1,1,1
424,03/29/24 12:00:00,1,1,1,1,1,,,
425,03/29/24 13:00:00,1,1,1,1,1,,,
426,03/29/24 14:00:00,1,1,1,1,1,,,
427,03/29/24 15:00:00,1,1,1,1,1,,,
428,03/29/24 16:00:00,4,1,1,1,1,,,
429,03/29/24 17:00:00,27,8,12,14,8,11,16,16
430,03/29/24 18:00:00,61,29,37,47,27,32,42,44
431,03/29/24 19:00:00,111,61,73,97,58,64,86,91
432,03/29/24 20:00:00,128,82,96,131,79,92,117,124
433,03/29/24 21:00:00,144,91,107,146,88,102,131,138
434,03/29/24 22:00:00,161,106,123,168,102,121,154,164
435,03/29/24 23:00:00,288,143,164,227,143,151,189,203
436,03/30/24 00:00:00,177,147,171,236,149,159,191,206
437,03/30/24 01:00:00,123,86,107,144,89,106,127,136
438,03/30/24 02:00:00,51,66,77,106,66,86,104,113
439,03/30/24 03:00:00,57,41,47,64,39,53,66,71
440,03/30/24 04:00:00,43,22,28,38,23,33,37,41
441,03/30/24 05:00:00,13,12,21,26,17,22,19,22
442,03/30/24 06:00:00,1,1,2,3,2,2,2,2
443,03/30/24 07:00:00,1,1,1,1,1,1,1,1
444,03/30/24 08:00:00,1,1,1,1,1,1,1,1
445,03/30/24 09:00:00,1,1,1,1,1,1,1,1
446,03/30/24 10:00:00,1,1,1,1,1,1,1,1
447,03/30/24 11:00:00,1,1,1,1,1,1,1,1
448,03/30/24 12:00:00,1,1,1,1,1,1,1,1
449,03/30/24 13:00:00,1,1,1,1,1,1,1,1
450,03/30/24 14:00:00,1,1,1,1,1,1,1,1
451,03/30/24 15:00:00,1,1,1,1,1,1,1,1
452,03/30/24 16:00:00,13,2,3,4,2,2,3,4
453,03/30/24 17:00:00,82,31,36,46,28,27,43,43
454,03/30/24 18:00:00,126,76,81,111,68,72,102,107
455,03/30/24 19:00:00,149,93,113,154,96,103,132,138
456,03/30/24 20:00:00,138,78,99,137,82,94,116,124
457,03/30/24 21:00:00,167,93,119,168,102,119,143,154
458,03/30/24 22:00:00,221,112,149,206,129,149,169,193
459,03/30/24 23:00:00,192,109,152,212,136,157,173,201
460,03/31/24 00:00:00,184,108,147,214,147,156,171,199
461,03/31/24 01:00:00,158,83,114,166,113,128,141,164
462,03/31/24 02:00:00,136,79,114,156,98,114,132,146
463,03/31/24 03:00:00,67,49,72,97,61,69,82,88
464,03/31/24 04:00:00,36,28,43,59,37,46,49,54
465,03/31/24 05:00:00,7,8,14,19,11,14,16,18
466,03/31/24 06:00:00,1,1,1,2,1,1,2,2
467,03/31/24 07:00:00,1,1,1,1,1,1,1,1
468,03/31/24 08:00:00,1,1,1,1,1,1,1,1
469,03/31/24 09:00:00,1,1,1,1,1,1,1,1
470,03/31/24 10:00:00,1,1,1,1,1,1,1,1
471,03/31/24 11:00:00,1,1,1,1,1,1,1,1
472,03/31/24 12:00:00,1,1,1,1,1,1,1,1
473,03/31/24 13:00:00,1,1,1,1,1,1,1,1
474,03/31/24 14:00:00,1,1,1,1,1,1,1,1
475,03/31/24 15:00:00,1,1,1,1,1,1,1,1
476,03/31/24 16:00:00,8,1,2,2,1,1,3,2
477,03/31/24 17:00:00,27,9,18,16,6,13,22,18
478,03/31/24 18:00:00,63,19,34,29,12,23,39,29
479,03/31/24 19:00:00,79,39,66,56,23,46,77,57
480,03/31/24 20:00:00,128,56,86,76,31,63,106,78
481,03/31/24 21:00:00,128,89,131,118,47,97,153,113
482,03/31/24 22:00:00,218,121,146,136,53,121,177,141
483,03/31/24 23:00:00,181,126,142,142,52,126,174,154
484,04/01/24 00:00:00,176,122,138,148,51,126,168,167
485,04/01/24 01:00:00,128,106,122,134,43,114,148,156
486,04/01/24 02:00:00,99,79,91,103,33,87,111,117
487,04/01/24 03:00:00,82,58,67,79,26,64,79,87
488,04/01/24 04:00:00,42,38,54,71,22,53,56,64
489,04/01/24 05:00:00,9,16,21,26,8,16,22,23
490,04/01/24 06:00:00,1,1,2,2,1,1,2,2
491,04/01/24 07:00:00,1,1,1,1,1,1,1,1
492,04/01/24 08:00:00,1,1,1,1,1,1,1,1
493,04/01/24 09:00:00,1,1,1,1,1,1,1,1
494,04/01/24 10:00:00,1,1,1,1,1,1,1,1
495,04/01/24 11:00:00,1,1,1,1,1,1,1,1
496,04/01/24 12:00:00,1,1,1,1,1,1,1,1
497,04/01/24 13:00:00,1,1,1,1,1,1,1,1
498,04/01/24 14:00:00,1,1,1,1,1,1,1,1
499,04/01/24 15:00:00,1,1,1,1,1,1,1,1
500,04/01/24 16:00:00,22,6,3,4,2,1,7,6
501,04/01/24 17:00:00,42,77,14,19,16,7,66,47
502,04/01/24 18:00:00,94,187,21,33,34,12,143,117
503,04/01/24 19:00:00,158,176,44,84,78,29,159,152
504,04/01/24 20:00:00,197,171,66,129,127,51,176,186
505,04/01/24 21:00:00,152,151,96,161,144,74,207,207
506,04/01/24 22:00:00,184,132,112,189,158,107,209,201
507,04/01/24 23:00:00,181,144,122,228,209,152,221,253
508,04/02/24 00:00:00,187,127,121,227,197,188,214,269
509,04/02/24 01:00:00,127,103,111,202,133,146,172,194
510,04/02/24 02:00:00,97,82,98,159,102,116,132,147
511,04/02/24 03:00:00,62,58,73,116,74,88,97,107
512,04/02/24 04:00:00,23,29,47,69,46,53,57,62
513,04/02/24 05:00:00,7,8,22,28,17,22,23,24
514,04/02/24 06:00:00,1,1,4,7,3,4,6,6
515,04/02/24 07:00:00,1,1,1,1,1,1,1,1
516,04/02/24 08:00:00,1,1,1,1,1,1,1,1
517,04/02/24 09:00:00,1,1,1,1,1,1,1,1
518,04/02/24 10:00:00,1,1,1,1,1,1,1,1
519,04/02/24 11:00:00,1,1,1,1,1,1,1,1
520,04/02/24 12:00:00,1,1,1,1,1,1,1,1
521,04/02/24 13:00:00,1,1,1,1,1,1,1,1
522,04/02/24 14:00:00,1,1,1,1,1,1,1,1
523,04/02/24 15:00:00,1,1,1,1,1,1,1,1
524,04/02/24 16:00:00,8,2,6,8,4,4,8,7
525,04/02/24 17:00:00,27,22,37,49,29,31,52,39
526,04/02/24 18:00:00,96,71,72,99,63,61,129,101
527,04/02/24 19:00:00,144,159,61,153,74,51,224,186
528,04/02/24 20:00:00,147,179,61,219,216,53,264,267
529,04/02/24 21:00:00,173,203,128,319,393,128,319,364
530,04/02/24 22:00:00,104,207,126,342,468,133,189,422
531,04/02/24 23:00:00,162,108,168,347,406,191,226,384
532,04/03/24 00:00:00,106,77,143,318,416,238,241,367
533,04/03/24 01:00:00,124,82,164,261,234,199,198,253
534,04/03/24 02:00:00,78,54,114,202,213,134,141,203
535,04/03/24 03:00:00,39,36,99,178,192,144,93,159
536,04/03/24 04:00:00,16,18,112,132,137,163,52,59
537,04/03/24 05:00:00,7,9,57,57,31,64,38,28
538,04/03/24 06:00:00,1,2,12,11,4,11,7,8
539,04/03/24 07:00:00,1,1,1,1,1,1,1,1
540,04/03/24 08:00:00,1,1,1,1,1,1,1,1
541,04/03/24 09:00:00,1,1,1,1,1,1,1,1
542,04/03/24 10:00:00,1,1,1,1,1,1,1,1
543,04/03/24 11:00:00,1,1,1,1,1,1,1,1
544,04/03/24 12:00:00,1,1,1,1,1,1,1,1
545,04/03/24 13:00:00,1,1,1,1,1,1,1,1
546,04/03/24 14:00:00,1,1,1,1,1,1,1,1
547,04/03/24 15:00:00,1,1,1,1,1,1,1,1
548,04/03/24 16:00:00,48,32,8,8,4,4,17,16
549,04/03/24 17:00:00,34,69,22,28,21,16,63,58
550,04/03/24 18:00:00,92,86,48,72,51,42,111,121
551,04/03/24 19:00:00,112,98,71,123,88,67,141,157
552,04/03/24 20:00:00,113,148,97,201,158,98,208,236
553,04/03/24 21:00:00,184,167,128,254,256,142,236,283
554,04/03/24 22:00:00,103,182,118,267,318,134,189,308
555,04/03/24 23:00:00,159,112,106,248,302,144,171,284
556,04/04/24 00:00:00,192,102,108,286,397,243,193,336
557,04/04/24 01:00:00,124,96,114,257,324,232,172,278
558,04/04/24 02:00:00,86,96,119,204,204,143,142,201
559,04/04/24 03:00:00,38,53,86,187,226,178,79,179
560,04/04/24 04:00:00,18,24,112,132,133,139,47,57
561,04/04/24 05:00:00,9,12,32,36,21,32,22,22
562,04/04/24 06:00:00,1,3,7,8,4,7,6,6
563,04/04/24 07:00:00,1,1,1,1,1,1,1,1
564,04/04/24 08:00:00,1,1,1,1,1,1,1,1
565,04/04/24 09:00:00,1,1,1,1,1,1,1,1
566,04/04/24 10:00:00,1,1,1,1,1,1,1,1
567,04/04/24 11:00:00,1,1,1,1,1,1,1,1
568,04/04/24 12:00:00,1,1,1,1,1,1,1,1
569,04/04/24 13:00:00,1,1,1,1,1,1,1,1
570,04/04/24 14:00:00,1,1,1,1,1,1,1,1
571,04/04/24 15:00:00,4,1,1,1,1,1,1,1
572,04/04/24 16:00:00,26,17,12,12,4,7,17,13
573,04/04/24 17:00:00,102,58,33,38,19,21,57,51
574,04/04/24 18:00:00,202,183,43,52,31,24,146,142
575,04/04/24 19:00:00,187,307,57,133,56,38,239,248
576,04/04/24 20:00:00,336,359,118,278,194,107,289,324
577,04/04/24 21:00:00,287,371,106,292,296,103,304,361
578,04/04/24 22:00:00,191,362,127,336,393,149,209,388
579,04/04/24 23:00:00,189,163,112,291,386,147,193,353
580,04/05/24 00:00:00,293,142,132,336,448,292,222,376
581,04/05/24 01:00:00,252,108,131,301,389,263,217,329
582,04/05/24 02:00:00,154,111,134,223,209,163,172,221
583,04/05/24 03:00:00,64,58,96,148,118,136,91,138
584,04/05/24 04:00:00,49,36,67,89,59,76,53,67
585,04/05/24 05:00:00,19,18,28,36,18,27,28,31
586,04/05/24 06:00:00,1,4,8,9,4,7,8,8
587,04/05/24 07:00:00,1,1,1,1,1,1,1,1
588,04/05/24 08:00:00,1,1,1,1,1,1,1,1
589,04/05/24 09:00:00,1,1,1,1,1,1,1,1
590,04/05/24 10:00:00,1,1,1,1,1,1,1,1
591,04/05/24 11:00:00,1,1,1,1,1,1,1,1
592,04/05/24 12:00:00,1,1,1,1,1,1,1,1
593,04/05/24 13:00:00,1,1,1,1,1,1,1,1
594,04/05/24 14:00:00,1,1,1,1,1,1,1,1
595,04/05/24 15:00:00,2,1,1,1,1,1,1,1
596,04/05/24 16:00:00,18,4,6,9,1,2,8,9
597,04/05/24 17:00:00,66,27,31,41,9,12,36,37
598,04/05/24 18:00:00,119,76,76,106,29,32,96,99
599,04/05/24 19:00:00,196,126,124,174,49,56,161,168
600,04/05/24 20:00:00,303,253,113,223,102,56,236,266
601,04/05/24 21:00:00,179,193,127,221,91,64,209,242
602,04/05/24 22:00:00,241,172,154,241,91,78,203,238
603,04/05/24 23:00:00,268,162,147,251,111,83,198,249
604,04/06/24 00:00:00,197,156,159,277,134,103,217,282
605,04/06/24 01:00:00,202,132,134,224,92,83,179,213
606,04/06/24 02:00:00,131,111,92,212,98,84,162,201
607,04/06/24 03:00:00,84,73,54,121,44,44,103,112
608,04/06/24 04:00:00,47,42,31,68,24,24,58,62
609,04/06/24 05:00:00,19,21,13,34,12,12,31,32
610,04/06/24 06:00:00,2,4,2,8,2,2,7,8
611,04/06/24 07:00:00,1,1,1,1,1,1,1,1
612,04/06/24 08:00:00,1,1,1,1,1,1,1,1
613,04/06/24 09:00:00,1,1,1,1,1,1,1,1
614,04/06/24 10:00:00,1,1,1,1,1,1,1,1
615,04/06/24 11:00:00,1,1,1,1,1,1,1,1
616,04/06/24 12:00:00,1,1,1,1,1,1,1,1
617,04/06/24 13:00:00,1,1,1,1,1,1,1,1
618,04/06/24 14:00:00,1,1,1,1,1,1,1,1
619,04/06/24 15:00:00,1,1,1,1,1,1,1,1
620,04/06/24 16:00:00,19,6,4,8,2,2,8,8
621,04/06/24 17:00:00,46,26,16,28,12,7,31,27
622,04/06/24 18:00:00,114,86,44,79,41,22,107,97
623,04/06/24 19:00:00,109,119,61,117,61,33,181,148
624,04/06/24 20:00:00,114,88,64,134,64,38,156,113
625,04/06/24 21:00:00,282,206,69,216,179,43,254,214
626,04/06/24 22:00:00,216,231,64,254,242,51,207,298
627,04/06/24 23:00:00,436,186,77,343,312,69,239,359
628,04/07/24 00:00:00,198,161,83,294,252,77,244,327
629,04/07/24 01:00:00,164,146,87,253,197,66,189,237
630,04/07/24 02:00:00,162,119,77,209,146,53,159,183
631,04/07/24 03:00:00,102,79,59,156,114,46,116,139
632,04/07/24 04:00:00,48,34,28,72,49,22,56,67
633,04/07/24 05:00:00,19,18,13,34,21,9,28,29
634,04/07/24 06:00:00,2,4,2,8,4,2,7,8
635,04/07/24 07:00:00,1,1,1,1,1,1,1,1
636,04/07/24 08:00:00,1,1,1,1,1,1,1,1
637,04/07/24 09:00:00,1,1,1,1,1,1,1,1
638,04/07/24 10:00:00,1,1,1,1,1,1,1,1
639,04/07/24 11:00:00,1,1,1,1,1,1,1,1
640,04/07/24 12:00:00,1,1,1,1,1,1,1,1
641,04/07/24 13:00:00,1,1,1,1,1,1,1,1
642,04/07/24 14:00:00,1,1,1,1,1,1,1,1
643,04/07/24 15:00:00,9,1,2,2,1,1,3,3
644,04/07/24 16:00:00,41,22,22,24,12,4,34,27
645,04/07/24 17:00:00,89,68,47,56,32,13,93,78
646,04/07/24 18:00:00,168,119,67,91,59,22,157,147
647,04/07/24 19:00:00,233,173,86,166,101,32,226,237
648,04/07/24 20:00:00,264,201,108,244,204,44,268,302
649,04/07/24 21:00:00,288,231,122,294,352,56,299,357
650,04/07/24 22:00:00,234,223,121,303,381,63,193,367
651,04/07/24 23:00:00,358,122,116,332,464,68,188,401
652,04/08/24 00:00:00,301,106,147,308,364,121,231,342
653,04/08/24 01:00:00,258,91,136,271,307,111,212,291
654,04/08/24 02:00:00,122,62,99,243,329,67,143,248
655,04/08/24 03:00:00,126,49,112,188,187,97,97,168
656,04/08/24 04:00:00,39,43,119,147,119,98,89,99
657,04/08/24 05:00:00,22,13,79,71,33,72,47,29
658,04/08/24 06:00:00,4,6,41,27,12,33,16,12
659,04/08/24 07:00:00,1,1,2,2,1,1,1,1
660,04/08/24 08:00:00,1,1,1,1,1,1,1,1
661,04/08/24 09:00:00,1,1,1,1,1,1,1,1
662,04/08/24 10:00:00,1,1,1,1,1,1,1,1
663,04/08/24 11:00:00,1,1,1,1,1,1,1,1
664,04/08/24 12:00:00,1,1,1,1,1,1,1,1
665,04/08/24 13:00:00,1,1,1,1,1,1,1,1
666,04/08/24 14:00:00,1,1,1,1,1,1,1,1
667,04/08/24 15:00:00,6,1,2,1,1,1,2,2
668,04/08/24 16:00:00,68,57,18,13,8,3,38,22
669,04/08/24 17:00:00,173,174,28,28,18,7,139,119
670,04/08/24 18:00:00,259,259,32,39,34,12,214,212
671,04/08/24 19:00:00,354,338,34,162,59,14,282,301
672,04/08/24 20:00:00,429,428,39,296,282,18,351,396
673,04/08/24 21:00:00,479,488,42,338,576,22,391,459
674,04/08/24 22:00:00,131,497,43,366,656,27,106,509
675,04/08/24 23:00:00,491,107,44,376,698,39,108,517
676,04/09/24 00:00:00,452,52,44,366,702,233,232,496
677,04/09/24 01:00:00,439,42,44,347,662,218,273,426
678,04/09/24 02:00:00,58,33,47,307,572,39,162,363
679,04/09/24 03:00:00,48,26,53,253,379,209,38,259
680,04/09/24 04:00:00,24,18,174,192,201,226,53,42
681,04/09/24 05:00:00,14,12,129,101,34,133,61,19
682,04/09/24 06:00:00,3,4,37,28,7,36,16,8
683,04/09/24 07:00:00,1,1,2,2,1,1,1,1
684,04/09/24 08:00:00,1,1,1,1,1,1,1,1
685,04/09/24 09:00:00,1,1,1,1,1,1,1,1
686,04/09/24 10:00:00,1,1,1,1,1,1,1,1
687,04/09/24 11:00:00,1,1,1,1,1,1,1,1
688,04/09/24 12:00:00,1,1,1,1,1,1,1,1
689,04/09/24 13:00:00,1,1,1,1,1,1,1,1
690,04/09/24 14:00:00,1,1,1,1,1,1,1,1
691,04/09/24 15:00:00,6,2,2,2,1,1,2,2
692,04/09/24 16:00:00,62,68,18,11,6,3,36,18
693,04/09/24 17:00:00,171,207,28,23,16,7,137,109
694,04/09/24 18:00:00,273,339,33,37,32,12,231,228
695,04/09/24 19:00:00,358,419,36,163,51,14,291,303
696,04/09/24 20:00:00,438,508,43,302,261,19,359,403
697,04/09/24 21:00:00,487,571,43,347,532,23,402,469
698,04/09/24 22:00:00,123,566,46,376,661,28,112,517
699,04/09/24 23:00:00,491,113,47,382,698,64,99,522
700,04/10/24 00:00:00,451,53,47,369,694,247,232,497
701,04/10/24 01:00:00,428,42,44,349,653,239,278,426
702,04/10/24 02:00:00,52,33,44,308,562,42,162,364
703,04/10/24 03:00:00,32,26,52,254,363,227,37,262
704,04/10/24 04:00:00,24,18,181,193,194,241,53,41
705,04/10/24 05:00:00,14,13,157,121,37,173,66,19
706,04/10/24 06:00:00,4,7,72,47,11,84,24,9
707,04/10/24 07:00:00,1,1,4,3,1,2,2,1
708,04/10/24 08:00:00,1,1,1,1,1,1,1,1
709,04/10/24 09:00:00,1,1,1,1,1,1,1,1
710,04/10/24 10:00:00,1,1,1,1,1,1,1,1
711,04/10/24 11:00:00,1,1,1,1,1,1,1,1
712,04/10/24 12:00:00,1,1,1,1,1,1,1,1
713,04/10/24 13:00:00,1,1,1,1,1,1,1,1
714,04/10/24 14:00:00,1,1,1,1,1,1,1,1
715,04/10/24 15:00:00,13,9,6,2,1,1,6,3
716,04/10/24 16:00:00,86,92,26,13,8,4,61,28
717,04/10/24 17:00:00,184,206,27,24,17,9,159,154
718,04/10/24 18:00:00,273,313,31,36,33,13,234,246
719,04/10/24 19:00:00,364,424,36,168,56,17,303,326
720,04/10/24 20:00:00,436,518,38,307,283,22,366,409
721,04/10/24 21:00:00,481,571,42,349,579,26,402,469
722,04/10/24 22:00:00,124,559,43,376,656,32,121,516
723,04/10/24 23:00:00,493,112,44,383,694,96,87,523
724,04/11/24 00:00:00,457,53,44,373,698,269,232,501
725,04/11/24 01:00:00,447,41,43,357,662,282,284,433
726,04/11/24 02:00:00,52,32,44,313,569,51,162,371
727,04/11/24 03:00:00,33,24,53,257,361,262,37,262
728,04/11/24 04:00:00,24,18,204,201,197,278,57,41
729,04/11/24 05:00:00,16,11,96,81,31,119,61,19
730,04/11/24 06:00:00,4,7,24,21,9,21,14,12
731,04/11/24 07:00:00,1,1,2,2,1,1,2,1
732,04/11/24 08:00:00,1,1,1,1,1,1,1,1
733,04/11/24 09:00:00,1,1,1,1,1,1,1,1
734,04/11/24 10:00:00,1,1,1,1,1,1,1,1
735,04/11/24 11:00:00,1,1,1,1,1,1,1,1
736,04/11/24 12:00:00,1,1,1,1,1,1,1,1
737,04/11/24 13:00:00,1,1,1,1,1,1,1,1
738,04/11/24 14:00:00,1,1,1,1,1,1,1,1
739,04/11/24 15:00:00,4,1,1,1,1,1,1,2
740,04/11/24 16:00:00,31,9,11,14,8,4,13,14
741,04/11/24 17:00:00,67,36,39,54,33,22,48,51
742,04/11/24 18:00:00,139,68,67,93,57,37,88,92
743,04/11/24 19:00:00,122,242,78,162,87,46,212,226
744,04/11/24 20:00:00,382,224,106,212,184,68,221,248
745,04/11/24 21:00:00,258,252,107,237,244,74,223,259
746,04/11/24 22:00:00,219,139,144,209,139,92,182,199
747,04/11/24 23:00:00,487,209,209,346,284,166,277,353
748,04/12/24 00:00:00,248,133,128,374,512,332,236,421
749,04/12/24 01:00:00,194,146,161,282,262,231,204,287
750,04/12/24 02:00:00,169,113,132,183,114,134,158,172
751,04/12/24 03:00:00,171,94,109,158,106,118,131,148
752,04/12/24 04:00:00,92,78,103,141,92,107,109,124
753,04/12/24 05:00:00,78,58,82,107,67,82,83,89
754,04/12/24 06:00:00,14,26,43,49,29,41,41,41
755,04/12/24 07:00:00,1,2,6,6,2,4,3,4
756,04/12/24 08:00:00,1,1,1,1,1,1,1,1
757,04/12/24 09:00:00,1,1,1,1,1,1,1,1
758,04/12/24 10:00:00,1,1,1,1,1,1,1,1
759,04/12/24 11:00:00,1,1,1,1,1,1,1,1
760,04/12/24 12:00:00,1,1,1,1,1,1,1,1
761,04/12/24 13:00:00,1,1,1,1,1,1,1,1
762,04/12/24 14:00:00,1,1,1,1,1,1,1,1
763,04/12/24 15:00:00,8,1,2,3,1,2,3,3
764,04/12/24 16:00:00,41,16,18,23,12,14,22,22
765,04/12/24 17:00:00,79,61,52,66,38,38,73,71
766,04/12/24 18:00:00,128,116,96,132,82,82,136,139
767,04/12/24 19:00:00,331,189,109,182,107,97,191,202
768,04/12/24 20:00:00,246,271,112,236,184,104,259,291
769,04/12/24 21:00:00,386,334,119,296,327,128,288,369
770,04/12/24 22:00:00,218,374,128,361,427,179,237,408
771,04/12/24 23:00:00,511,164,87,382,597,293,174,528
772,04/13/24 00:00:00,463,58,49,387,709,454,234,514
773,04/13/24 01:00:00,486,44,49,367,669,428,296,439
774,04/13/24 02:00:00,186,63,92,296,444,164,194,309
775,04/13/24 03:00:00,111,89,124,176,127,141,122,151
776,04/13/24 04:00:00,41,36,164,171,137,187,71,71
777,04/13/24 05:00:00,23,18,139,117,46,127,57,32
778,04/13/24 06:00:00,7,8,47,38,12,33,21,13
779,04/13/24 07:00:00,1,1,6,4,2,4,3,2
780,04/13/24 08:00:00,1,1,1,1,1,1,1,1
781,04/13/24 09:00:00,1,1,1,1,1,1,1,1
782,04/13/24 10:00:00,1,1,1,1,1,1,1,1
783,04/13/24 11:00:00,1,1,1,1,1,1,1,1
784,04/13/24 12:00:00,1,1,1,1,1,1,1,1
785,04/13/24 13:00:00,1,1,1,1,1,1,1,1
786,04/13/24 14:00:00,1,1,1,1,1,1,1,1
787,04/13/24 15:00:00,13,2,3,4,2,2,4,4
788,04/13/24 16:00:00,53,23,24,32,18,21,31,31
789,04/13/24 17:00:00,91,66,59,77,47,48,79,79
790,04/13/24 18:00:00,173,163,77,108,71,63,152,156
791,04/13/24 19:00:00,301,281,74,167,94,63,226,242
792,04/13/24 20:00:00,354,468,63,293,277,51,342,382
793,04/13/24 21:00:00,452,449,114,347,443,113,356,422
794,04/13/24 22:00:00,331,408,138,373,459,184,252,448
795,04/13/24 23:00:00,524,98,61,362,607,328,124,537
796,04/14/24 00:00:00,483,63,57,401,726,474,239,532
797,04/14/24 01:00:00,442,44,49,379,691,443,311,457
798,04/14/24 02:00:00,328,36,54,339,596,129,163,392
799,04/14/24 03:00:00,42,29,63,283,379,312,44,283
800,04/14/24 04:00:00,34,22,193,213,199,254,63,49
801,04/14/24 05:00:00,46,19,156,131,46,134,72,31
802,04/14/24 06:00:00,11,13,28,32,17,27,22,22
803,04/14/24 07:00:00,1,2,4,4,2,3,3,3
804,04/14/24 08:00:00,1,1,1,1,1,1,1,1
805,04/14/24 09:00:00,1,1,1,1,1,1,1,1
806,04/14/24 10:00:00,1,1,1,1,1,1,1,1
807,04/14/24 11:00:00,1,1,1,1,1,1,1,1
808,04/14/24 12:00:00,1,1,1,1,1,1,1,1
809,04/14/24 13:00:00,1,1,1,1,1,1,1,1
810,04/14/24 14:00:00,2,1,1,1,1,1,1,1
811,04/14/24 15:00:00,29,16,12,8,3,3,14,9
812,04/14/24 16:00:00,46,33,31,32,16,17,39,33
813,04/14/24 17:00:00,94,99,53,63,33,33,99,93
814,04/14/24 18:00:00,204,153,88,122,76,67,156,156
815,04/14/24 19:00:00,397,447,56,208,72,41,333,354
816,04/14/24 20:00:00,472,563,43,336,299,29,398,444
817,04/14/24 21:00:00,518,613,47,379,611,36,433,507
818,04/14/24 22:00:00,163,571,51,394,661,54,152,536
819,04/14/24 23:00:00,469,131,69,413,697,359,117,546
820,04/15/24 00:00:00,394,96,82,358,574,374,237,448
821,04/15/24 01:00:00,407,123,144,391,522,368,289,413
822,04/15/24 02:00:00,191,113,146,286,306,217,201,282
823,04/15/24 03:00:00,139,91,129,203,172,171,128,186
824,04/15/24 04:00:00,96,64,119,153,113,131,98,114
825,04/15/24 05:00:00,49,39,67,81,49,64,61,64
826,04/15/24 06:00:00,14,16,28,33,18,26,26,27
827,04/15/24 07:00:00,1,2,4,4,2,3,3,4
828,04/15/24 08:00:00,1,1,1,1,1,1,1,1
829,04/15/24 09:00:00,1,1,1,1,1,1,1,1
830,04/15/24 10:00:00,1,1,1,1,1,1,1,1
831,04/15/24 11:00:00,1,1,1,1,1,1,1,1
832,04/15/24 12:00:00,1,1,1,1,1,1,1,1
833,04/15/24 13:00:00,1,1,1,1,1,1,1,1
834,04/15/24 14:00:00,1,1,1,1,1,1,1,1
835,04/15/24 15:00:00,11,2,1,4,2,2,3,4
836,04/15/24 16:00:00,36,16,6,26,14,12,23,24
837,04/15/24 17:00:00,104,46,17,69,39,29,62,64
838,04/15/24 18:00:00,93,76,29,112,68,52,101,106
839,04/15/24 19:00:00,162,106,47,153,97,78,134,143
840,04/15/24 20:00:00,216,184,79,221,152,118,209,226
841,04/15/24 21:00:00,287,187,114,268,178,179,244,269
842,04/15/24 22:00:00,244,179,133,277,177,197,239,259
843,04/15/24 23:00:00,261,176,154,274,173,198,237,257
844,04/16/24 00:00:00,442,192,206,338,268,253,259,323
845,04/16/24 01:00:00,269,99,109,347,501,354,296,402
846,04/16/24 02:00:00,353,108,133,286,322,204,187,286
847,04/16/24 03:00:00,129,77,102,178,171,146,107,173
848,04/16/24 04:00:00,97,72,86,118,73,84,99,107
849,04/16/24 05:00:00,52,43,58,76,46,56,62,67
850,04/16/24 06:00:00,14,18,22,31,18,22,26,28
851,04/16/24 07:00:00,1,2,3,4,2,3,4,4
852,04/16/24 08:00:00,1,1,1,1,1,1,1,1
853,04/16/24 09:00:00,1,1,1,1,1,1,1,1
854,04/16/24 10:00:00,1,1,1,1,1,1,1,1
855,04/16/24 11:00:00,1,1,1,1,1,1,1,1
856,04/16/24 12:00:00,1,1,1,1,1,1,1,1
857,04/16/24 13:00:00,1,1,1,1,1,1,1,1
858,04/16/24 14:00:00,1,1,1,1,1,1,1,1
859,04/16/24 15:00:00,19,4,1,7,2,2,7,6
860,04/16/24 16:00:00,92,52,16,54,31,,,
861,04/16/24 17:00:00,112,66,22,87,52,,,
862,04/16/24 18:00:00,202,119,41,154,93,,,
863,04/16/24 19:00:00,204,201,99,193,123,,,
864,04/16/24 20:00:00,261,227,144,247,174,126,238,259
865,04/16/24 21:00:00,353,362,118,313,361,118,302,354
866,04/16/24 22:00:00,361,361,103,329,416,146,199,391
867,04/16/24 23:00:00,322,223,187,331,272,232,262,342
868,04/17/24 00:00:00,546,169,164,363,382,296,223,374
869,04/17/24 01:00:00,306,146,164,278,227,214,217,269
870,04/17/24 02:00:00,147,119,142,209,138,157,173,202
871,04/17/24 03:00:00,129,84,108,146,88,107,124,137
872,04/17/24 04:00:00,87,62,77,104,62,74,88,96
873,04/17/24 05:00:00,57,54,73,97,59,71,79,88
874,04/17/24 06:00:00,26,26,33,44,26,32,38,41
875,04/17/24 07:00:00,3,6,9,12,6,8,11,12
876,04/17/24 08:00:00,1,1,1,1,1,1,1,1
877,04/17/24 09:00:00,1,1,1,1,1,1,1,1
878,04/17/24 10:00:00,1,1,1,1,1,1,1,1
879,04/17/24 11:00:00,1,1,1,1,1,1,1,1
880,04/17/24 12:00:00,1,1,1,1,1,1,1,1
881,04/17/24 13:00:00,1,1,1,1,1,1,1,1
882,04/17/24 14:00:00,3,1,1,1,1,1,1,1
883,04/17/24 15:00:00,19,8,11,11,4,7,11,9
884,04/17/24 16:00:00,74,49,28,28,14,14,48,43
885,04/17/24 17:00:00,184,177,39,46,31,22,139,138
886,04/17/24 18:00:00,203,244,52,78,59,37,198,207
887,04/17/24 19:00:00,349,331,73,191,103,63,269,293
888,04/17/24 20:00:00,314,342,107,273,216,98,296,329
889,04/17/24 21:00:00,386,383,106,318,378,118,314,381
890,04/17/24 22:00:00,226,459,103,391,547,194,204,486
891,04/17/24 23:00:00,417,167,94,383,564,366,162,486
892,04/18/24 00:00:00,389,146,122,353,468,312,243,414
893,04/18/24 01:00:00,339,128,142,344,422,289,232,356
894,04/18/24 02:00:00,222,96,113,284,356,197,158,278
895,04/18/24 03:00:00,139,79,126,231,227,201,117,211
896,04/18/24 04:00:00,101,68,112,144,99,116,101,118
897,04/18/24 05:00:00,51,46,67,84,51,63,67,73
898,04/18/24 06:00:00,18,18,28,33,19,24,28,29
899,04/18/24 07:00:00,2,4,8,8,4,6,7,8
900,04/18/24 08:00:00,1,1,1,1,1,1,1,1
901,04/18/24 09:00:00,1,1,1,1,1,1,1,1
902,04/18/24 10:00:00,1,1,1,1,1,1,1,1
903,04/18/24 11:00:00,1,1,1,1,1,1,1,1
904,04/18/24 12:00:00,1,1,1,1,1,1,1,1
905,04/18/24 13:00:00,1,1,1,1,1,1,1,1
906,04/18/24 14:00:00,4,1,1,1,1,1,1,1
907,04/18/24 15:00:00,17,9,13,16,4,7,14,14
908,04/18/24 16:00:00,54,24,28,38,12,18,34,36
909,04/18/24 17:00:00,86,46,53,73,24,37,63,68
910,04/18/24 18:00:00,118,77,87,118,39,59,104,111
911,04/18/24 19:00:00,176,102,114,157,51,76,138,148
912,04/18/24 20:00:00,247,137,157,213,69,108,191,203
913,04/18/24 21:00:00,226,152,172,237,81,124,209,223
914,04/18/24 22:00:00,256,149,174,238,82,134,213,226
915,04/18/24 23:00:00,238,163,193,262,93,157,234,248
916,04/19/24 00:00:00,212,157,184,251,93,161,224,238
917,04/19/24 01:00:00,149,144,172,236,92,162,204,222
918,04/19/24 02:00:00,158,118,139,193,81,139,163,179
919,04/19/24 03:00:00,112,84,98,134,56,97,117,126
920,04/19/24 04:00:00,66,62,73,98,42,71,86,92
921,04/19/24 05:00:00,47,41,49,66,27,47,58,62
922,04/19/24 06:00:00,22,22,27,36,14,26,31,36
923,04/19/24 07:00:00,2,6,7,9,3,7,8,9
924,04/19/24 08:00:00,1,1,1,1,1,1,1,1
925,04/19/24 09:00:00,1,1,1,1,1,1,1,1
926,04/19/24 10:00:00,1,1,1,1,1,1,1,1
927,04/19/24 11:00:00,1,1,1,1,1,1,1,1
928,04/19/24 12:00:00,1,1,1,1,1,1,1,1
929,04/19/24 13:00:00,1,1,1,1,1,1,1,1
930,04/19/24 14:00:00,3,1,1,1,1,1,1,1
931,04/19/24 15:00:00,14,4,6,8,3,6,8,8
932,04/19/24 16:00:00,39,21,19,27,12,17,26,27
933,04/19/24 17:00:00,103,49,43,62,33,39,62,64
934,04/19/24 18:00:00,142,112,87,129,72,63,137,147
935,04/19/24 19:00:00,232,151,94,161,101,58,162,174
936,04/19/24 20:00:00,217,158,108,183,126,69,179,202
937,04/19/24 21:00:00,332,197,163,268,194,111,231,264
938,04/19/24 22:00:00,271,249,149,298,263,122,241,306
939,04/19/24 23:00:00,319,187,184,286,194,147,241,272
940,04/20/24 00:00:00,369,202,177,343,314,247,263,359
941,04/20/24 01:00:00,243,113,122,314,377,279,203,344
942,04/20/24 02:00:00,161,133,141,207,133,142,177,197
943,04/20/24 03:00:00,146,96,103,148,92,99,129,141
944,04/20/24 04:00:00,88,89,106,149,97,106,123,139
945,04/20/24 05:00:00,44,41,44,64,41,46,57,63
946,04/20/24 06:00:00,17,18,24,32,18,22,26,28
947,04/20/24 07:00:00,8,8,31,21,8,13,12,12
948,04/20/24 08:00:00,1,1,4,4,1,2,3,2
949,04/20/24 09:00:00,1,1,1,1,1,1,1,1
950,04/20/24 10:00:00,1,1,1,1,1,1,1,1
951,04/20/24 11:00:00,1,1,1,1,1,1,1,1
952,04/20/24 12:00:00,1,1,1,1,1,1,1,1
953,04/20/24 13:00:00,1,1,1,1,1,1,1,1
954,04/20/24 14:00:00,4,1,1,1,1,1,2,2
955,04/20/24 15:00:00,19,6,8,11,6,7,9,9
956,04/20/24 16:00:00,51,22,27,36,21,24,32,34
957,04/20/24 17:00:00,103,56,61,82,47,56,76,78
958,04/20/24 18:00:00,149,94,98,134,81,91,124,131
959,04/20/24 19:00:00,208,127,134,186,113,128,171,182
960,04/20/24 20:00:00,244,153,168,231,142,163,212,228
961,04/20/24 21:00:00,266,182,194,274,172,193,246,266
962,04/20/24 22:00:00,278,193,213,297,188,209,262,284
963,04/20/24 23:00:00,286,197,216,308,202,222,268,298
964,04/21/24 00:00:00,328,196,193,357,332,263,242,339
965,04/21/24 01:00:00,298,106,112,407,583,386,318,441
966,04/21/24 02:00:00,356,39,59,366,611,282,147,423
967,04/21/24 03:00:00,43,31,73,313,437,348,49,306
968,04/21/24 04:00:00,31,22,262,254,199,283,92,47
969,04/21/24 05:00:00,22,17,234,186,43,197,93,26
970,04/21/24 06:00:00,13,12,161,77,19,111,57,16
971,04/21/24 07:00:00,4,7,69,41,8,32,19,8
972,04/21/24 08:00:00,1,1,4,4,1,2,2,1
973,04/21/24 09:00:00,1,1,1,1,1,1,1,1
974,04/21/24 10:00:00,1,1,1,1,1,1,1,1
975,04/21/24 11:00:00,1,1,1,1,1,1,1,1
976,04/21/24 12:00:00,1,1,1,1,1,1,1,1
977,04/21/24 13:00:00,1,1,1,1,1,1,1,1
978,04/21/24 14:00:00,9,4,7,4,1,1,6,2
979,04/21/24 15:00:00,59,61,47,14,8,9,44,21
980,04/21/24 16:00:00,142,172,68,24,16,13,139,111
981,04/21/24 17:00:00,292,293,37,36,26,17,219,222
982,04/21/24 18:00:00,347,409,37,46,41,22,306,317
983,04/21/24 19:00:00,436,516,41,209,66,27,381,409
984,04/21/24 20:00:00,511,604,43,376,316,31,437,496
985,04/21/24 21:00:00,569,651,48,418,649,41,468,549
986,04/21/24 22:00:00,151,629,52,449,731,378,179,591
987,04/21/24 23:00:00,581,116,54,452,768,491,123,601
988,04/22/24 00:00:00,533,68,58,443,767,487,233,563
989,04/22/24 01:00:00,457,52,59,413,703,451,356,493
990,04/22/24 02:00:00,377,47,76,379,611,306,163,403
991,04/22/24 03:00:00,176,81,146,264,268,214,124,226
992,04/22/24 04:00:00,92,68,116,153,106,128,111,134
993,04/22/24 05:00:00,57,42,76,93,57,77,71,79
994,04/22/24 06:00:00,19,22,43,47,26,38,36,37
995,04/22/24 07:00:00,6,6,18,18,7,16,14,12
996,04/22/24 08:00:00,1,1,4,3,1,2,2,2
997,04/22/24 09:00:00,1,1,1,1,1,1,1,1
998,04/22/24 10:00:00,1,1,1,1,1,1,1,1
999,04/22/24 11:00:00,1,1,1,1,1,1,1,1
1000,04/22/24 12:00:00,1,1,1,1,1,1,1,1
1001,04/22/24 13:00:00,1,1,1,1,1,1,1,1
1002,04/22/24 14:00:00,8,4,6,4,1,2,6,4
1003,04/22/24 15:00:00,38,18,21,21,9,11,21,18
1004,04/22/24 16:00:00,61,33,38,49,26,28,46,44
1005,04/22/24 17:00:00,102,56,66,87,51,53,83,82
1006,04/22/24 18:00:00,142,73,92,124,78,83,126,126
1007,04/22/24 19:00:00,171,87,118,163,107,116,166,168
1008,04/22/24 20:00:00,207,96,138,191,127,142,198,206
1009,04/22/24 21:00:00,242,107,168,229,158,172,234,248
1010,04/22/24 22:00:00,273,116,192,262,188,193,253,276
1011,04/22/24 23:00:00,477,122,213,336,277,246,286,346
1012,04/23/24 00:00:00,407,104,163,397,481,323,243,423
1013,04/23/24 01:00:00,411,83,143,376,477,332,278,392
1014,04/23/24 02:00:00,312,82,179,353,383,281,223,328
1015,04/23/24 03:00:00,171,76,148,217,166,167,148,191
1016,04/23/24 04:00:00,104,62,108,144,94,108,116,131
1017,04/23/24 05:00:00,63,46,73,96,59,69,79,86
1018,04/23/24 06:00:00,27,24,41,52,31,38,43,46
1019,04/23/24 07:00:00,6,7,13,16,8,11,13,13
1020,04/23/24 08:00:00,1,1,1,1,1,1,1,1
1021,04/23/24 09:00:00,1,1,1,1,1,1,1,1
1022,04/23/24 10:00:00,1,1,1,1,1,1,1,1
1023,04/23/24 11:00:00,1,1,1,1,1,1,1,1
1024,04/23/24 12:00:00,1,1,1,1,1,1,1,1
1025,04/23/24 13:00:00,1,1,1,1,1,1,1,1
1026,04/23/24 14:00:00,7,1,2,2,1,1,2,2
1027,04/23/24 15:00:00,32,11,16,18,4,7,16,16
1028,04/23/24 16:00:00,49,29,36,46,14,19,42,43
1029,04/23/24 17:00:00,111,69,71,91,31,36,89,89
1030,04/23/24 18:00:00,173,113,109,152,54,63,144,149
1031,04/23/24 19:00:00,226,149,144,207,79,87,189,202
1032,04/23/24 20:00:00,488,293,157,294,151,106,296,329
1033,04/23/24 21:00:00,401,456,144,389,282,116,396,462
1034,04/23/24 22:00:00,354,314,128,343,248,171,276,411
1035,04/23/24 23:00:00,411,263,187,403,319,227,297,441
1036,04/24/24 00:00:00,349,217,192,389,366,242,278,408
1037,04/24/24 01:00:00,292,183,199,338,296,219,248,332
1038,04/24/24 02:00:00,231,142,173,289,246,213,201,277
1039,04/24/24 03:00:00,176,101,161,231,182,189,152,208
1040,04/24/24 04:00:00,109,72,128,166,116,134,111,138
1041,04/24/24 05:00:00,61,48,81,101,62,78,74,83
1042,04/24/24 06:00:00,26,24,22,52,29,39,39,41
1043,04/24/24 07:00:00,7,7,2,16,8,12,13,13
1044,04/24/24 08:00:00,1,1,1,2,1,2,2,2
1045,04/24/24 09:00:00,1,1,1,1,1,1,1,1
1046,04/24/24 10:00:00,1,1,1,1,1,1,1,1
1047,04/24/24 11:00:00,1,1,,1,1,1,1,1
1048,04/24/24 12:00:00,1,1,1,1,1,1,1,1
1049,04/24/24 13:00:00,2,1,1,1,1,1,1,1
1050,04/24/24 14:00:00,17,4,,6,2,3,6,6
1051,04/24/24 15:00:00,37,28,,33,17,18,36,32
1052,04/24/24 16:00:00,89,68,,73,39,41,82,74
1053,04/24/24 17:00:00,104,86,,111,64,69,107,107
1054,04/24/24 18:00:00,188,126,,164,99,104,157,159
1055,04/24/24 19:00:00,216,167,,229,144,152,213,226
1056,04/24/24 20:00:00,327,189,,267,176,181,241,262
1057,04/24/24 21:00:00,317,217,,318,208,221,282,307
1058,04/24/24 22:00:00,317,218,,332,219,236,291,322
1059,04/24/24 23:00:00,317,211,,329,214,238,289,318
1060,04/25/24 00:00:00,334,211,,339,239,246,278,323
1061,04/25/24 01:00:00,281,192,,328,238,248,264,316
1062,04/25/24 02:00:00,182,152,,261,181,189,209,242
1063,04/25/24 03:00:00,174,119,,201,131,146,164,188
1064,04/25/24 04:00:00,122,86,,153,97,113,126,139
1065,04/25/24 05:00:00,49,52,,89,53,64,77,82
1066,04/25/24 06:00:00,19,23,,39,23,27,33,36
1067,04/25/24 07:00:00,8,7,,13,7,9,12,12
1068,04/25/24 08:00:00,1,1,,2,1,2,2,2
1069,04/25/24 09:00:00,1,1,,1,1,1,1,1
1070,04/25/24 10:00:00,1,1,,1,1,1,1,1
1071,04/25/24 11:00:00,1,1,,1,1,1,1,1
1072,04/25/24 12:00:00,1,1,,1,1,1,1,1
1073,04/25/24 13:00:00,1,1,,1,1,1,1,1
1074,04/25/24 14:00:00,9,2,,4,2,2,3,4
1075,04/25/24 15:00:00,37,9,,18,9,9,14,16
1076,04/25/24 16:00:00,77,38,,59,33,33,51,53
1077,04/25/24 17:00:00,171,83,,128,74,77,112,119
1078,04/25/24 18:00:00,173,127,,193,114,124,176,187
1079,04/25/24 19:00:00,274,154,,194,126,117,189,202
1080,04/25/24 20:00:00,451,267,,287,226,157,282,317
1081,04/25/24 21:00:00,564,626,,418,624,69,464,546
1082,04/25/24 22:00:00,136,626,,451,721,483,213,598
1083,04/25/24 23:00:00,569,101,,459,764,513,77,607
1084,04/26/24 00:00:00,521,56,,444,767,508,234,581
1085,04/26/24 01:00:00,441,44,,428,719,473,369,497
1086,04/26/24 02:00:00,354,38,,379,613,408,143,427
1087,04/26/24 03:00:00,68,34,,306,389,337,49,304
1088,04/26/24 04:00:00,51,29,,261,198,277,103,67
1089,04/26/24 05:00:00,38,26,,179,56,183,94,46
1090,04/26/24 06:00:00,38,19,,93,31,123,67,32
1091,04/26/24 07:00:00,16,14,,34,17,27,26,24
1092,04/26/24 08:00:00,2,4,,8,4,6,7,7
1093,04/26/24 09:00:00,1,1,,1,1,1,1,1
1094,04/26/24 10:00:00,1,1,,1,1,1,1,1
1095,04/26/24 11:00:00,1,1,,1,1,1,1,1
1096,04/26/24 12:00:00,1,1,,1,1,1,1,1
1097,04/26/24 13:00:00,3,1,,1,1,1,1,2
1098,04/26/24 14:00:00,16,4,,8,4,4,8,8
1099,04/26/24 15:00:00,37,17,,26,14,16,24,24
1100,04/26/24 16:00:00,72,38,,57,33,36,52,54
1101,04/26/24 17:00:00,117,71,,104,62,67,94,98
1102,04/26/24 18:00:00,176,112,,159,97,106,146,152
1103,04/26/24 19:00:00,236,153,,216,136,146,201,211
1104,04/26/24 20:00:00,306,209,,279,187,186,256,276
1105,04/26/24 21:00:00,329,238,,326,229,222,292,323
1106,04/26/24 22:00:00,342,267,,367,283,263,323,384
1107,04/26/24 23:00:00,422,252,,393,363,273,289,396
1108,04/27/24 00:00:00,539,113,,429,662,442,173,544
1109,04/27/24 01:00:00,476,44,,444,749,493,389,517
1110,04/27/24 02:00:00,389,34,,403,659,441,144,456
1111,04/27/24 03:00:00,42,28,,349,457,388,41,348
1112,04/27/24 04:00:00,32,22,,289,207,316,114,47
1113,04/27/24 05:00:00,23,18,,221,46,228,107,27
1114,04/27/24 06:00:00,16,14,,98,23,144,76,18
1115,04/27/24 07:00:00,7,9,,77,12,61,34,11
1116,04/27/24 08:00:00,1,2,,14,2,7,6,3
1117,04/27/24 09:00:00,1,1,,1,1,1,1,1
1118,04/27/24 10:00:00,1,1,,1,1,1,1,1
1119,04/27/24 11:00:00,1,1,,1,1,1,1,1
1120,04/27/24 12:00:00,1,1,,1,1,1,1,1
1121,04/27/24 13:00:00,3,1,,1,1,1,2,1
1122,04/27/24 14:00:00,16,26,,8,4,4,12,6
1123,04/27/24 15:00:00,99,99,,18,11,11,79,37
1124,04/27/24 16:00:00,183,219,,26,18,14,179,158
1125,04/27/24 17:00:00,292,326,,36,27,17,254,259
1126,04/27/24 18:00:00,378,442,,44,43,22,339,351
1127,04/27/24 19:00:00,468,549,,213,64,26,414,446
1128,04/27/24 20:00:00,538,639,,407,326,29,473,527
1129,04/27/24 21:00:00,582,687,,451,687,97,504,583
1130,04/27/24 22:00:00,131,663,,476,764,519,224,626
1131,04/27/24 23:00:00,643,99,,483,807,539,72,639
1132,04/28/24 00:00:00,557,57,,471,812,534,226,612
1133,04/28/24 01:00:00,438,49,,438,713,484,369,514
1134,04/28/24 02:00:00,409,46,,391,618,381,133,406
1135,04/28/24 03:00:00,49,38,,362,469,392,52,362
1136,04/28/24 04:00:00,68,31,,304,203,316,119,74
1137,04/28/24 05:00:00,87,41,,286,78,274,136,72
1138,04/28/24 06:00:00,49,43,,164,54,194,121,64
1139,04/28/24 07:00:00,16,22,,103,24,77,51,29
1140,04/28/24 08:00:00,2,4,,26,6,12,11,7
1141,04/28/24 09:00:00,1,1,,2,1,1,1,1
1142,04/28/24 10:00:00,1,1,,1,1,1,1,1
1143,04/28/24 11:00:00,1,1,,1,1,1,1,1
1144,04/28/24 12:00:00,1,1,,1,1,1,1,1
1145,04/28/24 13:00:00,3,1,,1,1,1,2,1
1146,04/28/24 14:00:00,12,9,,8,2,3,11,6
1147,04/28/24 15:00:00,107,72,,18,11,9,62,31
1148,04/28/24 16:00:00,189,189,,28,18,14,148,141
1149,04/28/24 17:00:00,306,334,,39,31,19,263,271
1150,04/28/24 18:00:00,391,428,,49,46,24,339,353
1151,04/28/24 19:00:00,479,544,,223,69,28,411,444
1152,04/28/24 20:00:00,526,641,,413,326,33,478,532
1153,04/28/24 21:00:00,572,682,,456,681,124,507,587
1154,04/28/24 22:00:00,161,641,,479,742,474,246,612
1155,04/28/24 23:00:00,691,142,,473,759,486,123,612
1156,04/29/24 00:00:00,444,144,,453,649,416,297,533
1157,04/29/24 01:00:00,426,163,,403,454,321,267,404
1158,04/29/24 02:00:00,239,116,,314,318,256,193,298
1159,04/29/24 03:00:00,201,113,,254,198,199,169,224
1160,04/29/24 04:00:00,117,79,,176,119,142,127,154
1161,04/29/24 05:00:00,74,58,,117,71,89,91,99
1162,04/29/24 06:00:00,33,28,,87,36,77,61,46
1163,04/29/24 07:00:00,12,16,,94,21,74,46,22
1164,04/29/24 08:00:00,2,4,,23,4,12,11,6
1165,04/29/24 09:00:00,1,1,,2,1,1,1,1
1166,04/29/24 10:00:00,1,1,,1,1,1,1,1
1167,04/29/24 11:00:00,1,1,,1,1,1,1,1
1168,04/29/24 12:00:00,1,1,,1,1,1,1,1
1169,04/29/24 13:00:00,3,1,,2,1,1,2,1
1170,04/29/24 14:00:00,17,19,,8,4,4,12,6
1171,04/29/24 15:00:00,93,83,,23,12,14,93,39
1172,04/29/24 16:00:00,192,127,,53,28,28,156,141
1173,04/29/24 17:00:00,263,201,,59,41,24,151,259
1174,04/29/24 18:00:00,378,301,,63,51,28,356,367
1175,04/29/24 19:00:00,469,494,,193,76,31,416,448
1176,04/29/24 20:00:00,547,621,,362,329,33,474,533
1177,04/29/24 21:00:00,591,691,,454,686,154,514,593
1178,04/29/24 22:00:00,127,674,,486,767,511,231,639
1179,04/29/24 23:00:00,669,103,,496,807,549,78,646
1180,04/30/24 00:00:00,598,68,,483,802,529,222,612
1181,04/30/24 01:00:00,503,53,,462,742,498,409,528
1182,04/30/24 02:00:00,398,73,,382,544,376,182,408
1183,04/30/24 03:00:00,279,32,,359,472,391,43,362
1184,04/30/24 04:00:00,36,28,,301,207,313,122,54
1185,04/30/24 05:00:00,24,19,,222,47,223,117,29
1186,04/30/24 06:00:00,18,17,,106,24,156,86,22
1187,04/30/24 07:00:00,13,12,,69,12,61,38,14
1188,04/30/24 08:00:00,3,3,,9,4,7,7,8
1189,04/30/24 09:00:00,1,1,,1,1,1,1,2
1190,04/30/24 10:00:00,1,1,,1,1,1,1,1
1191,04/30/24 11:00:00,1,1,,1,1,1,1,1
1192,04/30/24 12:00:00,1,1,,1,1,1,1,1
1193,04/30/24 13:00:00,3,1,,1,1,1,1,2
1194,04/30/24 14:00:00,18,6,,9,4,6,8,9
1195,04/30/24 15:00:00,42,19,,32,18,22,29,29
1196,04/30/24 16:00:00,81,46,,69,41,46,63,66
1197,04/30/24 17:00:00,128,78,,114,68,77,107,112
1198,04/30/24 18:00:00,201,133,,176,108,113,169,174
1199,04/30/24 19:00:00,229,221,,213,144,126,251,268
1200,04/30/24 20:00:00,568,619,,404,349,53,436,497
1201,04/30/24 21:00:00,632,552,,407,534,231,459,548
1202,04/30/24 22:00:00,152,622,,478,723,496,264,642
1203,04/30/24 23:00:00,598,106,,479,789,524,83,626
1204,05/01/24 00:00:00,559,53,,479,813,541,189,619
1205,05/01/24 01:00:00,493,42,,462,757,507,416,532
1206,05/01/24 02:00:00,404,34,,421,683,453,137,472
1207,05/01/24 03:00:00,314,32,,369,498,398,43,371
1208,05/01/24 04:00:00,88,36,,331,216,337,139,69
1209,05/01/24 05:00:00,97,42,,182,73,162,103,79
1210,05/01/24 06:00:00,19,27,,127,39,171,96,39
1211,05/01/24 07:00:00,9,12,,101,14,79,44,12
1212,05/01/24 08:00:00,3,6,,39,6,17,12,6
1213,05/01/24 09:00:00,1,1,,4,1,2,2,1
1214,05/01/24 10:00:00,1,1,,1,1,1,1,1
1215,05/01/24 11:00:00,1,1,,1,1,1,1,1
1216,05/01/24 12:00:00,1,1,,1,1,1,1,1
1217,05/01/24 13:00:00,4,2,,4,1,1,4,2
1218,05/01/24 14:00:00,21,8,,11,4,4,13,9
1219,05/01/24 15:00:00,51,26,,38,19,22,36,34
1220,05/01/24 16:00:00,96,51,,73,42,46,67,68
1221,05/01/24 17:00:00,153,102,,128,73,76,127,127
1222,05/01/24 18:00:00,302,243,,216,137,134,327,341
1223,05/01/24 19:00:00,284,213,,261,169,163,266,284
1224,05/01/24 20:00:00,386,259,,309,217,193,303,337
1225,05/01/24 21:00:00,732,478,,468,477,256,429,519
1226,05/01/24 22:00:00,454,457,,511,561,389,344,574
1227,05/01/24 23:00:00,432,292,,468,488,338,322,496
1228,05/02/24 00:00:00,393,241,,401,326,293,313,398
1229,05/02/24 01:00:00,277,196,,349,271,258,262,332
1230,05/02/24 02:00:00,429,63,,373,532,372,111,401
1231,05/02/24 03:00:00,214,83,,347,386,308,156,321
1232,05/02/24 04:00:00,139,88,,194,136,149,136,167
1233,05/02/24 05:00:00,83,62,,121,74,87,93,104
1234,05/02/24 06:00:00,44,37,,71,39,51,57,59
1235,05/02/24 07:00:00,16,17,,33,18,24,28,28
1236,05/02/24 08:00:00,4,4,,9,4,7,8,9
1237,05/02/24 09:00:00,1,1,,2,1,1,2,2
1238,05/02/24 10:00:00,1,1,,1,1,1,1,1
1239,05/02/24 11:00:00,1,1,,1,1,1,1,1
1240,05/02/24 12:00:00,2,1,,1,1,1,1,1
1241,05/02/24 13:00:00,6,1,,3,1,2,3,3
1242,05/02/24 14:00:00,21,8,,12,6,8,12,12
1243,05/02/24 15:00:00,74,32,,42,22,24,42,39
1244,05/02/24 16:00:00,131,78,,76,36,33,81,72
1245,05/02/24 17:00:00,313,279,,67,38,32,209,186
1246,05/02/24 18:00:00,406,426,,63,51,32,331,339
1247,05/02/24 19:00:00,547,557,,234,82,37,428,457
1248,05/02/24 20:00:00,352,398,,387,236,178,398,444
1249,05/02/24 21:00:00,361,267,,342,252,224,311,357
1250,05/02/24 22:00:00,176,499,,418,572,329,273,473
1251,05/02/24 23:00:00,557,108,,493,787,542,86,647
1252,05/03/24 00:00:00,597,62,,482,799,524,167,584
1253,05/03/24 01:00:00,539,58,,486,762,493,376,528
1254,05/03/24 02:00:00,263,52,,411,616,417,152,427
1255,05/03/24 03:00:00,334,66,,259,278,344,98,341
1256,05/03/24 04:00:00,136,58,,167,144,287,141,179
1257,05/03/24 05:00:00,93,59,,127,76,104,93,104
1258,05/03/24 06:00:00,37,34,,76,41,54,56,58
1259,05/03/24 07:00:00,14,16,,33,17,26,28,27
1260,05/03/24 08:00:00,6,7,,16,6,12,14,13
1261,05/03/24 09:00:00,1,1,,2,1,2,2,2
1262,05/03/24 10:00:00,1,1,,1,1,1,1,1
1263,05/03/24 11:00:00,1,1,,1,1,1,1,1
1264,05/03/24 12:00:00,2,1,,1,1,1,1,1
1265,05/03/24 13:00:00,7,2,,3,1,2,3,3
1266,05/03/24 14:00:00,24,9,,14,8,9,14,13
1267,05/03/24 15:00:00,41,22,,34,19,23,31,33
1268,05/03/24 16:00:00,63,36,,57,33,41,52,56
1269,05/03/24 17:00:00,134,66,,102,59,69,97,102
1270,05/03/24 18:00:00,186,126,,176,104,117,167,174
1271,05/03/24 19:00:00,277,171,,237,148,154,221,233
1272,05/03/24 20:00:00,327,254,,308,211,191,296,323
1273,05/03/24 21:00:00,371,276,,357,261,231,322,364
1274,05/03/24 22:00:00,414,308,,387,361,277,312,434
1275,05/03/24 23:00:00,507,249,,452,586,381,237,546
1276,05/04/24 00:00:00,554,173,,487,626,446,243,557
1277,05/04/24 01:00:00,257,207,,372,296,261,291,351
1278,05/04/24 02:00:00,206,162,,259,163,183,229,248
1279,05/04/24 03:00:00,167,124,,198,121,139,179,191
1280,05/04/24 04:00:00,111,94,,152,92,107,136,147
1281,05/04/24 05:00:00,69,62,,98,59,69,89,96
1282,05/04/24 06:00:00,39,37,,59,36,41,53,57
1283,05/04/24 07:00:00,17,18,,28,17,19,26,28
1284,05/04/24 08:00:00,6,6,,9,6,7,9,9
1285,05/04/24 09:00:00,1,1,,2,1,1,2,2
1286,05/04/24 10:00:00,1,1,,1,1,1,1,1
1287,05/04/24 11:00:00,1,1,,1,1,1,1,1
1288,05/04/24 12:00:00,2,1,,1,1,1,1,1
1289,05/04/24 13:00:00,7,1,,3,1,2,3,3
1290,05/04/24 14:00:00,22,8,,13,7,9,12,13
1291,05/04/24 15:00:00,41,21,,33,19,23,31,32
1292,05/04/24 16:00:00,71,38,,59,37,,,
1293,05/04/24 17:00:00,122,66,,103,62,,,
1294,05/04/24 18:00:00,253,137,,183,112,,,
1295,05/04/24 19:00:00,332,217,,263,171,,,
1296,05/04/24 20:00:00,574,587,,414,367,72,471,522
1297,05/04/24 21:00:00,579,701,,479,687,232,522,593
1298,05/04/24 22:00:00,316,631,,499,721,464,252,607
1299,05/04/24 23:00:00,657,153,,482,717,471,154,607
1300,05/05/24 00:00:00,586,67,,501,822,532,153,617
1301,05/05/24 01:00:00,588,48,,497,774,522,447,557
1302,05/05/24 02:00:00,434,68,,433,649,421,163,452
1303,05/05/24 03:00:00,341,31,,394,566,412,43,388
1304,05/05/24 04:00:00,76,53,,283,222,261,129,119
1305,05/05/24 05:00:00,79,46,,202,87,148,98,84
1306,05/05/24 06:00:00,51,36,,81,43,56,57,57
1307,05/05/24 07:00:00,22,17,27,46,19,34,33,28
1308,05/05/24 08:00:00,7,6,,13,6,8,11,11
1309,05/05/24 09:00:00,2,1,,3,1,2,3,3
1310,05/05/24 10:00:00,1,1,,1,1,1,1,1
1311,05/05/24 11:00:00,1,1,,1,1,1,1,1
1312,05/05/24 12:00:00,2,1,,1,1,1,1,1
1313,05/05/24 13:00:00,13,6,,9,2,4,8,7
1314,05/05/24 14:00:00,29,34,,26,12,12,43,18
1315,05/05/24 15:00:00,48,76,,38,19,23,97,49
1316,05/05/24 16:00:00,153,74,,91,52,62,113,109
1317,05/05/24 17:00:00,164,106,,141,81,83,136,134
1318,05/05/24 18:00:00,239,183,,191,114,103,199,201
1319,05/05/24 19:00:00,511,334,,231,133,87,289,312
1320,05/05/24 20:00:00,726,641,,429,322,57,473,526
1321,05/05/24 21:00:00,584,519,,466,491,304,526,594
1322,05/05/24 22:00:00,426,468,,478,543,366,351,539
1323,05/05/24 23:00:00,401,253,,497,518,419,301,548
1324,05/06/24 00:00:00,347,227,,362,243,253,318,352
1325,05/06/24 01:00:00,269,211,,349,246,248,286,327
1326,05/06/24 02:00:00,232,172,,268,171,189,239,258
1327,05/06/24 03:00:00,164,134,,211,133,144,186,199
1328,05/06/24 04:00:00,103,89,,142,87,97,127,134
1329,05/06/24 05:00:00,68,59,,94,57,66,86,92
1330,05/06/24 06:00:00,47,38,,61,37,43,57,61
1331,05/06/24 07:00:00,22,22,,52,23,41,36,33
1332,05/06/24 08:00:00,11,9,,16,9,12,16,17
1333,05/06/24 09:00:00,2,2,,4,2,3,4,4
1334,05/06/24 10:00:00,1,1,,1,1,1,1,1
1335,05/06/24 11:00:00,1,1,,1,1,1,1,1
1336,05/06/24 12:00:00,3,1,,1,1,1,1,1
1337,05/06/24 13:00:00,16,4,,8,2,4,7,7
1338,05/06/24 14:00:00,33,12,,19,8,12,17,18
1339,05/06/24 15:00:00,61,31,,47,21,31,43,43
1340,05/06/24 16:00:00,96,53,,82,37,54,74,77
1341,05/06/24 17:00:00,136,84,,127,59,84,113,119
1342,05/06/24 18:00:00,199,134,,197,94,129,172,186
1343,05/06/24 19:00:00,293,183,,249,127,162,232,244
1344,05/06/24 20:00:00,319,224,,294,157,189,273,293
1345,05/06/24 21:00:00,308,234,,338,168,227,307,334
1346,05/06/24 22:00:00,357,224,,349,148,236,306,329
1347,05/06/24 23:00:00,322,229,,356,147,247,314,342
1348,05/07/24 00:00:00,371,206,,321,137,217,278,299
1349,05/07/24 01:00:00,252,193,,303,139,211,268,287
1350,05/07/24 02:00:00,221,154,,244,119,166,214,229
1351,05/07/24 03:00:00,101,96,,152,78,103,134,142
1352,05/07/24 04:00:00,109,73,,117,66,79,103,109
1353,05/07/24 05:00:00,56,51,,79,44,58,76,79
1354,05/07/24 06:00:00,56,38,,59,36,41,54,58
1355,05/07/24 07:00:00,18,22,,34,21,24,31,33
1356,05/07/24 08:00:00,12,8,,13,7,9,12,13
1357,05/07/24 09:00:00,1,2,,4,2,2,3,4
1358,05/07/24 10:00:00,1,1,,1,1,1,1,1
1359,05/07/24 11:00:00,1,1,,1,1,1,1,1
1360,05/07/24 12:00:00,1,1,,1,1,1,1,1
1361,05/07/24 13:00:00,8,1,,3,1,1,3,2
1362,05/07/24 14:00:00,37,12,,12,4,7,17,9
1363,05/07/24 15:00:00,49,29,,32,12,17,42,26
1364,05/07/24 16:00:00,57,44,,48,18,26,59,37
1365,05/07/24 17:00:00,96,53,,59,23,33,81,49
1366,05/07/24 18:00:00,162,106,,114,47,64,149,92
1367,05/07/24 19:00:00,139,106,,117,48,68,157,97
1368,05/07/24 20:00:00,234,147,,168,69,93,213,133
1369,05/07/24 21:00:00,267,196,,288,97,128,282,182
1370,05/07/24 22:00:00,279,199,,308,171,143,281,194
1371,05/07/24 23:00:00,333,217,,334,204,174,301,239
1372,05/08/24 00:00:00,266,214,,319,192,182,296,283
1373,05/08/24 01:00:00,209,174,,269,151,171,264,272
1374,05/08/24 02:00:00,166,128,,206,112,128,197,207
1375,05/08/24 03:00:00,119,98,,154,88,97,144,153
1376,05/08/24 04:00:00,131,78,,127,71,78,116,121
1377,05/08/24 05:00:00,72,69,,112,62,77,108,114
1378,05/08/24 06:00:00,43,38,,63,34,38,53,57
1379,05/08/24 07:00:00,26,22,,36,19,24,33,34
1380,05/08/24 08:00:00,16,13,,22,12,16,21,22
1381,05/08/24 09:00:00,6,4,,8,4,6,7,8
1382,05/08/24 10:00:00,3,2,,4,2,2,3,3
1383,05/08/24 11:00:00,1,1,,2,1,1,2,1
1384,05/08/24 12:00:00,2,1,,2,1,1,2,2
1385,05/08/24 13:00:00,11,3,,7,2,3,6,6
1386,05/08/24 14:00:00,32,14,,22,11,13,19,19
1387,05/08/24 15:00:00,44,38,,59,33,37,52,54
1388,05/08/24 16:00:00,52,33,,53,28,38,52,54
1389,05/08/24 17:00:00,92,58,,93,51,64,88,92
1390,05/08/24 18:00:00,121,82,,132,73,91,123,128
1391,05/08/24 19:00:00,209,124,,198,108,143,192,203
1392,05/08/24 20:00:00,324,188,,292,166,201,268,283
1393,05/08/24 21:00:00,362,227,,353,203,257,344,364
1394,05/08/24 22:00:00,358,249,,383,238,269,346,374
1395,05/08/24 23:00:00,342,247,,384,244,276,343,381
1396,05/09/24 00:00:00,273,216,,342,209,229,292,312
1397,05/09/24 01:00:00,169,169,,274,158,182,236,248
1398,05/09/24 02:00:00,166,123,,198,117,132,173,183
1399,05/09/24 03:00:00,133,112,,179,102,128,168,177
1400,05/09/24 04:00:00,78,68,,108,61,79,104,111
1401,05/09/24 05:00:00,49,52,,84,48,58,77,82
1402,05/09/24 06:00:00,44,38,,61,34,48,64,68
1403,05/09/24 07:00:00,29,26,,41,23,28,38,41
1404,05/09/24 08:00:00,22,16,,27,14,17,22,23
1405,05/09/24 09:00:00,3,4,,9,4,4,7,8
1406,05/09/24 10:00:00,1,1,,1,1,1,1,1
1407,05/09/24 11:00:00,1,1,,1,1,1,1,1
1408,05/09/24 12:00:00,3,1,,1,1,1,1,1
1409,05/09/24 13:00:00,13,7,,13,6,7,11,7
1410,05/09/24 14:00:00,19,19,,36,16,16,28,17
1411,05/09/24 15:00:00,42,32,,58,19,23,41,27
1412,05/09/24 16:00:00,71,46,,77,32,38,62,46
1413,05/09/24 17:00:00,76,49,,79,39,44,71,54
1414,05/09/24 18:00:00,131,94,,172,98,82,126,103
1415,05/09/24 19:00:00,448,261,,274,154,73,192,294
1416,05/09/24 20:00:00,577,548,,422,341,66,449,504
1417,05/09/24 21:00:00,617,734,,498,668,219,533,622
1418,05/09/24 22:00:00,284,684,,523,737,522,237,663
1419,05/09/24 23:00:00,636,74,,527,774,551,68,669
1420,05/10/24 00:00:00,448,79,,493,723,497,103,616
1421,05/10/24 01:00:00,491,108,,479,613,393,377,499
1422,05/10/24 02:00:00,414,92,,486,617,407,129,458
1423,05/10/24 03:00:00,331,41,,394,502,383,53,392
1424,05/10/24 04:00:00,112,57,,294,171,269,168,109
1425,05/10/24 05:00:00,73,73,,176,88,118,121,119
1426,05/10/24 06:00:00,63,44,,71,41,47,66,68
1427,05/10/24 07:00:00,12,23,,44,22,31,38,38
1428,05/10/24 08:00:00,7,6,,17,6,11,12,9
1429,05/10/24 09:00:00,3,2,,8,2,4,7,4
1430,05/10/24 10:00:00,2,1,,4,1,2,3,2
1431,05/10/24 11:00:00,2,1,,3,1,1,2,2
1432,05/10/24 12:00:00,6,2,,6,1,2,6,3
1433,05/10/24 13:00:00,12,19,,19,4,4,19,8
1434,05/10/24 14:00:00,28,62,,22,11,12,51,17
1435,05/10/24 15:00:00,98,106,,42,17,19,98,46
1436,05/10/24 16:00:00,197,234,,56,26,24,182,128
1437,05/10/24 17:00:00,303,362,,109,36,33,279,276
1438,05/10/24 18:00:00,436,459,,77,49,36,369,349
1439,05/10/24 19:00:00,517,602,,227,59,24,468,497
1440,05/10/24 20:00:00,583,687,,454,301,27,519,566
1441,05/10/24 21:00:00,617,726,,496,658,227,546,626
1442,05/10/24 22:00:00,319,643,,513,698,498,273,658
1443,05/10/24 23:00:00,551,153,,511,698,466,152,621
1444,05/11/24 00:00:00,283,123,,451,598,419,171,543
1445,05/11/24 01:00:00,387,206,,362,252,246,282,333
1446,05/11/24 02:00:00,216,186,,323,229,221,252,302
1447,05/11/24 03:00:00,286,147,,274,187,188,207,244
1448,05/11/24 04:00:00,151,106,,206,137,158,157,188
1449,05/11/24 05:00:00,126,93,,161,98,114,131,147
1450,05/11/24 06:00:00,68,59,,93,56,63,81,88
1451,05/11/24 07:00:00,28,29,,56,31,36,44,47
1452,05/11/24 08:00:00,13,12,,23,12,14,19,19
1453,05/11/24 09:00:00,7,4,,8,4,4,7,8
1454,05/11/24 10:00:00,3,2,,6,2,3,4,4
1455,05/11/24 11:00:00,4,2,,4,1,2,3,3
1456,05/11/24 12:00:00,7,4,,8,2,3,7,4
1457,05/11/24 13:00:00,23,23,,29,8,9,33,14
1458,05/11/24 14:00:00,36,74,,39,21,22,108,27
1459,05/11/24 15:00:00,137,142,,33,21,21,148,46
1460,05/11/24 16:00:00,186,261,,34,24,19,227,211
1461,05/11/24 17:00:00,192,171,,118,57,48,162,168
1462,05/11/24 18:00:00,253,227,,211,119,107,237,236
1463,05/11/24 19:00:00,276,202,,268,162,163,251,262
1464,05/11/24 20:00:00,363,267,,318,216,187,296,324
1465,05/11/24 21:00:00,429,402,,433,369,256,381,443
1466,05/11/24 22:00:00,304,522,,488,592,389,316,571
1467,05/11/24 23:00:00,654,79,,546,812,563,77,687
1468,05/12/24 00:00:00,693,107,,524,719,479,131,598
1469,05/12/24 01:00:00,467,93,,526,698,523,427,572
1470,05/12/24 02:00:00,332,128,,428,467,267,221,342
1471,05/12/24 03:00:00,204,146,,273,177,186,208,236
1472,05/12/24 04:00:00,152,117,,188,108,126,167,176
1473,05/12/24 05:00:00,94,79,,128,74,82,111,117
1474,05/12/24 06:00:00,63,52,,81,47,53,72,76
1475,05/12/24 07:00:00,38,32,,52,29,33,44,47
1476,05/12/24 08:00:00,14,16,,27,14,17,23,23
1477,05/12/24 09:00:00,4,4,,8,3,4,7,7
1478,05/12/24 10:00:00,2,1,,3,1,1,2,2
1479,05/12/24 11:00:00,2,1,,2,1,1,2,2
1480,05/12/24 12:00:00,6,2,,3,1,1,3,3
1481,05/12/24 13:00:00,17,8,,13,7,6,12,12
1482,05/12/24 14:00:00,28,17,,23,13,12,22,21
1483,05/12/24 15:00:00,47,29,,42,23,22,36,36
1484,05/12/24 16:00:00,77,54,,79,43,41,66,62
1485,05/12/24 17:00:00,112,88,,128,63,61,107,94
1486,05/12/24 18:00:00,191,126,,193,84,81,147,123
1487,05/12/24 19:00:00,282,202,,274,133,106,224,224
1488,05/12/24 20:00:00,323,234,,328,199,146,289,304
1489,05/12/24 21:00:00,328,217,,331,197,184,296,304
1490,05/12/24 22:00:00,416,279,,422,271,261,359,388
1491,05/12/24 23:00:00,454,289,,452,312,282,361,413
1492,05/13/24 00:00:00,431,279,,458,358,302,343,431
1493,05/13/24 01:00:00,381,182,,413,431,329,289,434
1494,05/13/24 02:00:00,319,167,,386,329,289,243,363
1495,05/13/24 03:00:00,211,128,,304,229,238,193,278
1496,05/13/24 04:00:00,168,99,,231,147,168,157,186
1497,05/13/24 05:00:00,117,88,,179,97,126,134,141
1498,05/13/24 06:00:00,71,57,,107,58,72,87,89
1499,05/13/24 07:00:00,42,34,,67,34,43,53,53
1500,05/13/24 08:00:00,18,18,,39,18,26,32,27
1501,05/13/24 09:00:00,9,8,,18,7,11,16,12
1502,05/13/24 10:00:00,4,3,,8,3,4,7,6
1503,05/13/24 11:00:00,4,2,,4,2,2,3,4
1504,05/13/24 12:00:00,8,3,,6,2,3,6,6
1505,05/13/24 13:00:00,12,6,,9,6,7,11,11
1506,05/13/24 14:00:00,62,24,,39,23,24,34,36
1507,05/13/24 15:00:00,74,43,,69,39,47,64,66
1508,05/13/24 16:00:00,93,61,,94,56,62,86,89
1509,05/13/24 17:00:00,152,84,,132,78,87,119,124
1510,05/13/24 18:00:00,209,123,,194,114,126,173,181
1511,05/13/24 19:00:00,261,164,,254,149,164,229,239
1512,05/13/24 20:00:00,306,191,,298,173,194,271,283
1513,05/13/24 21:00:00,328,241,,369,221,236,327,347
1514,05/13/24 22:00:00,367,254,,391,237,253,344,368
1515,05/13/24 23:00:00,352,253,,396,237,258,349,372
1516,05/14/24 00:00:00,287,231,,362,212,237,326,343
1517,05/14/24 01:00:00,246,189,,301,174,194,268,281
1518,05/14/24 02:00:00,219,166,,263,153,173,237,248
1519,05/14/24 03:00:00,164,129,,204,121,134,186,196
1520,05/14/24 04:00:00,161,117,,189,113,122,162,171
1521,05/14/24 05:00:00,93,82,,127,74,89,124,132
1522,05/14/24 06:00:00,49,47,,73,43,51,69,73
1523,05/14/24 07:00:00,32,27,,43,24,29,39,41
1524,05/14/24 08:00:00,9,9,,18,9,12,16,17
1525,05/14/24 09:00:00,6,4,,8,3,4,7,7
1526,05/14/24 10:00:00,3,2,,3,1,2,3,4
1527,05/14/24 11:00:00,4,2,,3,1,2,3,3
1528,05/14/24 12:00:00,17,4,,8,4,4,7,8
1529,05/14/24 13:00:00,22,12,,19,8,11,17,16
1530,05/14/24 14:00:00,34,23,,33,17,21,37,32
1531,05/14/24 15:00:00,52,37,,54,29,34,52,51
1532,05/14/24 16:00:00,106,61,,96,56,64,86,91
1533,05/14/24 17:00:00,173,84,,131,77,86,116,121
1534,05/14/24 18:00:00,359,151,,216,128,136,189,198
1535,05/14/24 19:00:00,301,333,,282,174,139,296,306
1536,05/14/24 20:00:00,364,284,,338,221,199,319,344
1537,05/14/24 21:00:00,379,331,,408,296,247,368,408
1538,05/14/24 22:00:00,384,296,,413,296,272,362,416
1539,05/14/24 23:00:00,411,276,,423,304,343,346,501
1540,05/15/24 00:00:00,317,234,,383,257,243,311,351
1541,05/15/24 01:00:00,302,197,,318,188,209,281,302
1542,05/15/24 02:00:00,279,186,,303,181,229,264,309
1543,05/15/24 03:00:00,261,164,,301,191,174,232,248
1544,05/15/24 04:00:00,186,106,,207,127,144,153,173
1545,05/15/24 05:00:00,99,82,,201,98,147,146,134
1546,05/15/24 06:00:00,67,46,,123,54,103,89,73
1547,05/15/24 07:00:00,53,32,,71,33,51,53,49
1548,05/15/24 08:00:00,16,18,,34,17,22,29,28
1549,05/15/24 09:00:00,9,9,,17,8,11,14,14
1550,05/15/24 10:00:00,4,3,,6,2,4,6,6
1551,05/15/24 11:00:00,6,2,,6,2,3,6,6
1552,05/15/24 12:00:00,4,2,,6,2,2,6,4
1553,05/15/24 13:00:00,22,9,,18,9,11,16,16
1554,05/15/24 14:00:00,46,29,,43,19,23,42,37
1555,05/15/24 15:00:00,103,98,,61,34,32,116,67
1556,05/15/24 16:00:00,87,103,,128,69,78,134,132
1557,05/15/24 17:00:00,179,91,,141,82,89,122,128
1558,05/15/24 18:00:00,266,168,,243,142,152,221,229
1559,05/15/24 19:00:00,301,206,,301,178,188,267,281
1560,05/15/24 20:00:00,416,322,,332,206,163,313,334
1561,05/15/24 21:00:00,667,728,,524,643,273,552,612
1562,05/15/24 22:00:00,408,588,,528,604,452,321,611
1563,05/15/24 23:00:00,408,267,,419,344,272,322,412
1564,05/16/24 00:00:00,316,204,,416,356,297,271,406
1565,05/16/24 01:00:00,277,132,,268,202,199,198,259
1566,05/16/24 02:00:00,214,151,,278,177,189,212,248
1567,05/16/24 03:00:00,341,133,,296,213,207,194,258
1568,05/16/24 04:00:00,109,73,,357,183,296,216,151
1569,05/16/24 05:00:00,54,39,,251,69,212,124,71
1570,05/16/24 06:00:00,31,24,,157,43,178,117,41
1571,05/16/24 07:00:00,29,16,,56,27,44,32,29
1572,05/16/24 08:00:00,19,17,,36,17,24,29,26
1573,05/16/24 09:00:00,17,13,,37,12,23,28,18
1574,05/16/24 10:00:00,16,13,,46,9,14,31,13
1575,05/16/24 11:00:00,13,9,,23,4,7,14,9
1576,05/16/24 12:00:00,16,14,,29,6,7,24,12
1577,05/16/24 13:00:00,28,42,,67,12,14,57,23
1578,05/16/24 14:00:00,49,61,,32,12,14,93,27
1579,05/16/24 15:00:00,74,116,,51,22,22,138,67
1580,05/16/24 16:00:00,226,167,,61,18,17,161,143
1581,05/16/24 17:00:00,414,388,,164,37,28,327,343
1582,05/16/24 18:00:00,443,519,,52,39,24,424,441
1583,05/16/24 19:00:00,591,619,,231,54,22,489,521
1584,05/16/24 20:00:00,597,699,,479,273,24,541,597
1585,05/16/24 21:00:00,644,746,,521,677,252,572,652
1586,05/16/24 22:00:00,286,703,,541,733,544,268,683
1587,05/16/24 23:00:00,647,79,,551,776,561,117,688
1588,05/17/24 00:00:00,612,51,,536,744,561,53,676
1589,05/17/24 01:00:00,546,39,,524,763,528,493,591
1590,05/17/24 02:00:00,464,34,,484,683,478,117,518
1591,05/17/24 03:00:00,381,28,,432,546,419,42,427
1592,05/17/24 04:00:00,34,24,,373,162,349,189,46
1593,05/17/24 05:00:00,29,21,,292,41,272,143,31
1594,05/17/24 06:00:00,26,19,,164,29,202,127,27
1595,05/17/24 07:00:00,18,14,,104,19,97,59,22
1596,05/17/24 08:00:00,21,18,,64,17,43,37,26
1597,05/17/24 09:00:00,11,9,,24,8,14,19,13
1598,05/17/24 10:00:00,6,4,,8,3,4,7,7
1599,05/17/24 11:00:00,4,2,,9,2,3,6,4
1600,05/17/24 12:00:00,7,4,,9,2,4,8,6
1601,05/17/24 13:00:00,11,8,,16,4,4,19,9
1602,05/17/24 14:00:00,27,46,,21,9,11,68,16
1603,05/17/24 15:00:00,171,149,,28,16,16,148,52
1604,05/17/24 16:00:00,228,288,,59,21,19,248,232
1605,05/17/24 17:00:00,377,408,,181,32,24,341,357
1606,05/17/24 18:00:00,451,492,,61,41,28,396,412
1607,05/17/24 19:00:00,609,626,,237,53,27,499,533
1608,05/17/24 20:00:00,748,714,,503,273,38,558,622
1609,05/17/24 21:00:00,608,707,,541,646,233,574,648
1610,05/17/24 22:00:00,123,688,,536,693,403,281,572
1611,05/17/24 23:00:00,656,74,,554,761,571,121,698
1612,05/18/24 00:00:00,614,49,,538,754,551,54,666
1613,05/18/24 01:00:00,553,39,,529,762,529,494,596
1614,05/18/24 02:00:00,501,34,,474,646,453,113,501
1615,05/18/24 03:00:00,386,28,,444,556,423,46,431
1616,05/18/24 04:00:00,43,22,,321,154,316,159,46
1617,05/18/24 05:00:00,54,19,,117,42,107,58,39
1618,05/18/24 06:00:00,23,19,,196,33,158,124,31
1619,05/18/24 07:00:00,17,16,,183,19,148,83,18
1620,05/18/24 08:00:00,12,14,,124,14,83,46,13
1621,05/18/24 09:00:00,8,18,,66,11,29,27,9
1622,05/18/24 10:00:00,6,8,,43,6,7,24,6
1623,05/18/24 11:00:00,11,12,,41,4,7,17,7
1624,05/18/24 12:00:00,12,16,,41,6,9,24,11
1625,05/18/24 13:00:00,21,11,,18,8,11,17,16
1626,05/18/24 14:00:00,46,26,,38,19,24,36,37
1627,05/18/24 15:00:00,76,37,,59,32,38,53,56
1628,05/18/24 16:00:00,86,56,,93,49,58,81,83
1629,05/18/24 17:00:00,93,58,,94,51,61,84,89
1630,05/18/24 18:00:00,146,82,,132,74,84,118,124
1631,05/18/24 19:00:00,146,102,,166,92,106,146,154
1632,05/18/24 20:00:00,202,104,,168,94,108,151,159
1633,05/18/24 21:00:00,158,134,,218,121,139,196,204
1634,05/18/24 22:00:00,287,156,,251,144,159,218,234
1635,05/18/24 23:00:00,299,201,,329,187,212,286,311
1636,05/19/24 00:00:00,314,179,,298,171,204,266,298
1637,05/19/24 01:00:00,194,139,,233,131,163,211,237
1638,05/19/24 02:00:00,217,109,,182,101,127,171,187
1639,05/19/24 03:00:00,166,116,,266,186,199,182,244
1640,05/19/24 04:00:00,157,84,,244,151,189,149,188
1641,05/19/24 05:00:00,139,57,,132,72,96,94,108
1642,05/19/24 06:00:00,58,52,,111,56,74,83,88
1643,05/19/24 07:00:00,39,29,,59,28,38,47,49
1644,05/19/24 08:00:00,18,16,,29,14,19,26,27
1645,05/19/24 09:00:00,7,7,,13,6,9,12,13
1646,05/19/24 10:00:00,6,3,,6,2,4,6,7
1647,05/19/24 11:00:00,6,2,,4,2,2,4,6
1648,05/19/24 12:00:00,11,4,,8,3,4,7,8
1649,05/19/24 13:00:00,18,8,,16,7,11,16,16
1650,05/19/24 14:00:00,48,22,,36,17,24,34,36
1651,05/19/24 15:00:00,62,39,,59,33,36,53,54
1652,05/19/24 16:00:00,104,58,,89,48,56,81,83
1653,05/19/24 17:00:00,152,92,,137,74,89,128,134
1654,05/19/24 18:00:00,218,119,,181,99,118,168,178
1655,05/19/24 19:00:00,222,153,,229,128,147,214,228
1656,05/19/24 20:00:00,229,152,,239,133,158,219,236
1657,05/19/24 21:00:00,261,162,,257,142,174,242,259
1658,05/19/24 22:00:00,444,218,,333,204,218,299,329
1659,05/19/24 23:00:00,332,223,,348,219,247,314,367
1660,05/20/24 00:00:00,282,207,,336,204,233,299,341
1661,05/20/24 01:00:00,257,177,,288,167,201,263,291
1662,05/20/24 02:00:00,242,161,,263,154,182,236,259
1663,05/20/24 03:00:00,182,133,,224,129,152,194,214
1664,05/20/24 04:00:00,138,103,,176,99,121,154,167
1665,05/20/24 05:00:00,102,79,,142,79,97,118,128
1666,05/20/24 06:00:00,64,52,,87,47,58,77,82
1667,05/20/24 07:00:00,43,33,,56,31,36,48,52
1668,05/20/24 08:00:00,17,18,,32,17,19,27,29
1669,05/20/24 09:00:00,11,8,,14,7,8,12,13
1670,05/20/24 10:00:00,6,4,,8,4,4,7,8
1671,05/20/24 11:00:00,4,2,,4,2,2,4,4
1672,05/20/24 12:00:00,6,2,,6,2,3,6,6
1673,05/20/24 13:00:00,14,6,,9,4,6,8,9
1674,05/20/24 14:00:00,39,16,,26,13,14,22,23
1675,05/20/24 15:00:00,94,43,,66,34,41,61,62
1676,05/20/24 16:00:00,167,92,,136,69,94,142,142
1677,05/20/24 17:00:00,166,118,,181,98,118,169,176
1678,05/20/24 18:00:00,199,117,,179,98,119,169,177
1679,05/20/24 19:00:00,244,146,,226,123,149,212,223
1680,05/20/24 20:00:00,282,191,,283,164,179,254,273
1681,05/20/24 21:00:00,223,217,,316,189,203,294,322
1682,05/20/24 22:00:00,402,193,,301,171,202,282,308
1683,05/20/24 23:00:00,269,214,,336,193,226,309,341
1684,05/21/24 00:00:00,267,199,,318,184,214,288,316
1685,05/21/24 01:00:00,239,173,,281,158,191,257,279
1686,05/21/24 02:00:00,234,154,,254,142,169,224,242
1687,05/21/24 03:00:00,171,133,,223,124,151,196,212
1688,05/21/24 04:00:00,128,106,,183,103,124,157,173
1689,05/21/24 05:00:00,78,64,,106,57,72,97,106
1690,05/21/24 06:00:00,64,44,,74,38,53,71,76
1691,05/21/24 07:00:00,32,29,,51,26,36,47,49
1692,05/21/24 08:00:00,14,13,,24,12,16,21,22
1693,05/21/24 09:00:00,9,7,,14,6,9,12,13
1694,05/21/24 10:00:00,6,3,,8,2,4,7,7
1695,05/21/24 11:00:00,6,3,,7,2,4,6,7
1696,05/21/24 12:00:00,13,6,,12,4,6,12,9
1697,05/21/24 13:00:00,21,14,,22,7,9,24,16
1698,05/21/24 14:00:00,53,29,,42,14,19,44,36
1699,05/21/24 15:00:00,74,49,,63,26,33,68,57
1700,05/21/24 16:00:00,93,53,,86,46,56,81,86
1701,05/21/24 17:00:00,147,77,,123,67,81,113,122
1702,05/21/24 18:00:00,159,101,,161,88,107,149,159
1703,05/21/24 19:00:00,254,136,,212,117,141,198,212
1704,05/21/24 20:00:00,287,193,,287,164,184,264,284
1705,05/21/24 21:00:00,387,221,,328,194,209,298,323
1706,05/21/24 22:00:00,353,292,,411,284,263,346,408
1707,05/21/24 23:00:00,416,267,,429,334,299,334,451
1708,05/22/24 00:00:00,378,233,,398,303,287,307,413
1709,05/22/24 01:00:00,294,203,,381,282,272,286,374
1710,05/22/24 02:00:00,499,103,,456,508,383,173,457
1711,05/22/24 03:00:00,443,86,,368,342,308,144,337
1712,05/22/24 04:00:00,163,68,,312,188,264,151,163
1713,05/22/24 05:00:00,58,53,,209,82,193,154,104
1714,05/22/24 06:00:00,46,29,,161,43,157,112,51
1715,05/22/24 07:00:00,31,27,,118,29,94,76,41
1716,05/22/24 08:00:00,17,18,,93,18,67,43,23
1717,05/22/24 09:00:00,8,7,,22,6,12,16,11
1718,05/22/24 10:00:00,8,6,,17,4,7,14,8
1719,05/22/24 11:00:00,8,6,,16,4,6,13,8
1720,05/22/24 12:00:00,16,8,,14,6,8,14,12
1721,05/22/24 13:00:00,24,13,,22,9,13,21,19
1722,05/22/24 14:00:00,42,22,,36,17,23,34,34
1723,05/22/24 15:00:00,74,41,,63,31,39,59,61
1724,05/22/24 16:00:00,106,62,,96,48,62,89,93
1725,05/22/24 17:00:00,159,104,,149,77,92,146,147
1726,05/22/24 18:00:00,294,159,,206,113,124,208,216
1727,05/22/24 19:00:00,349,274,,282,164,146,323,341
1728,05/22/24 20:00:00,581,546,,408,238,106,466,501
1729,05/22/24 21:00:00,439,397,,357,334,,,
1730,05/22/24 22:00:00,329,326,,413,323,,,
1731,05/22/24 23:00:00,387,271,,418,293,,,
1732,05/23/24 00:00:00,312,221,,359,227,,,
1733,05/23/24 01:00:00,311,198,,341,216,,,
1734,05/23/24 02:00:00,241,162,,284,172,206,239,283
1735,05/23/24 03:00:00,204,137,,243,142,167,204,231
1736,05/23/24 04:00:00,179,96,,247,146,181,162,197
1737,05/23/24 05:00:00,111,76,,166,89,119,124,138
1738,05/23/24 06:00:00,69,52,,117,57,83,88,92
1739,05/23/24 07:00:00,42,34,,67,33,44,56,57
1740,05/23/24 08:00:00,26,19,,38,17,26,33,33
1741,05/23/24 09:00:00,14,11,,22,9,13,19,18
1742,05/23/24 10:00:00,11,6,,13,4,8,12,12
1743,05/23/24 11:00:00,12,6,,9,4,6,9,9
1744,05/23/24 12:00:00,14,7,,12,4,7,11,12
1745,05/23/24 13:00:00,22,11,,19,8,12,17,19
1746,05/23/24 14:00:00,37,21,,33,14,22,31,33
1747,05/23/24 15:00:00,71,38,,59,26,38,56,58
1748,05/23/24 16:00:00,123,68,,104,43,64,97,99
1749,05/23/24 17:00:00,147,103,,148,62,91,143,147
1750,05/23/24 18:00:00,231,129,,192,86,121,182,191
1751,05/23/24 19:00:00,279,432,,322,101,126,411,421
1752,05/23/24 20:00:00,518,484,,421,283,144,457,476
1753,05/23/24 21:00:00,236,196,,281,158,178,257,277
1754,05/23/24 22:00:00,271,177,,276,147,183,262,281
1755,05/23/24 23:00:00,318,186,,292,157,197,277,294
1756,05/24/24 00:00:00,314,209,,332,184,227,304,332
1757,05/24/24 01:00:00,223,191,,309,171,206,277,301
1758,05/24/24 02:00:00,222,161,,258,139,176,239,257
1759,05/24/24 03:00:00,181,137,,222,119,148,201,217
1760,05/24/24 04:00:00,109,102,,164,88,108,149,159
1761,05/24/24 05:00:00,87,68,,108,58,73,103,109
1762,05/24/24 06:00:00,53,44,,71,38,47,67,71
1763,05/24/24 07:00:00,32,28,,46,24,31,43,47
1764,05/24/24 08:00:00,14,14,,22,11,14,21,23
1765,05/24/24 09:00:00,8,7,,12,6,7,12,12
1766,05/24/24 10:00:00,7,4,,8,3,4,7,8
1767,05/24/24 11:00:00,8,4,,7,3,4,7,8
1768,05/24/24 12:00:00,14,6,,11,4,7,11,12
1769,05/24/24 13:00:00,38,12,,21,11,13,19,21
1770,05/24/24 14:00:00,38,23,,37,18,23,33,36
1771,05/24/24 15:00:00,59,28,,44,23,29,42,44
1772,05/24/24 16:00:00,82,43,,67,37,44,63,68
1773,05/24/24 17:00:00,114,72,,111,62,73,104,112
1774,05/24/24 18:00:00,153,83,,128,71,86,124,132
1775,05/24/24 19:00:00,203,121,,186,102,123,177,187
1776,05/24/24 20:00:00,242,159,,244,134,159,228,244
1777,05/24/24 21:00:00,302,176,,274,148,178,256,269
1778,05/24/24 22:00:00,308,216,,326,183,213,304,328
1779,05/24/24 23:00:00,284,199,,308,168,202,289,309
1780,05/25/24 00:00:00,253,203,,321,178,208,288,311
1781,05/25/24 01:00:00,234,173,,274,149,181,253,271
1782,05/25/24 02:00:00,199,148,,239,127,156,218,232
1783,05/25/24 03:00:00,151,119,,191,101,127,179,191
1784,05/25/24 04:00:00,114,96,,152,79,102,143,153
1785,05/25/24 05:00:00,78,71,,113,59,76,104,112
1786,05/25/24 06:00:00,49,44,,71,37,47,67,71
1787,05/25/24 07:00:00,31,26,,42,21,29,42,46
1788,05/25/24 08:00:00,22,14,,23,12,16,23,26
1789,05/25/24 09:00:00,4,6,,9,4,7,11,12
1790,05/25/24 10:00:00,4,1,,2,1,2,3,3
1791,05/25/24 11:00:00,3,2,,6,2,2,4,6
1792,05/25/24 12:00:00,7,2,,6,2,3,6,6
1793,05/25/24 13:00:00,12,4,,9,4,6,8,9
1794,05/25/24 14:00:00,26,14,,24,12,16,22,24
1795,05/25/24 15:00:00,54,19,,34,17,22,32,34
1796,05/25/24 16:00:00,101,52,,82,42,51,71,76
1797,05/25/24 17:00:00,199,69,,116,62,68,96,98
1798,05/25/24 18:00:00,201,109,,219,114,134,196,201
1799,05/25/24 19:00:00,314,89,,237,121,116,217,222
1800,05/25/24 20:00:00,422,336,,393,256,122,404,437
1801,05/25/24 21:00:00,514,464,,452,417,209,434,518
1802,05/25/24 22:00:00,382,549,,548,593,414,326,653
1803,05/25/24 23:00:00,742,253,,563,637,437,233,623
1804,05/26/24 00:00:00,482,157,,523,614,422,214,589
1805,05/26/24 01:00:00,618,158,,492,546,352,333,461
1806,05/26/24 02:00:00,204,113,,497,562,393,157,443
1807,05/26/24 03:00:00,421,79,,394,363,348,128,372
1808,05/26/24 04:00:00,48,28,,319,101,368,228,53
1809,05/26/24 05:00:00,164,83,,352,88,266,177,124
1810,05/26/24 06:00:00,37,73,,152,76,116,112,113
1811,05/26/24 07:00:00,78,44,,81,37,52,71,68
1812,05/26/24 08:00:00,18,22,,43,17,27,34,31
1813,05/26/24 09:00:00,46,12,,23,6,14,21,14
1814,05/26/24 10:00:00,11,21,,32,12,19,28,23
1815,05/26/24 11:00:00,8,6,,9,2,7,11,8
1816,05/26/24 12:00:00,14,7,,12,3,7,12,9
1817,05/26/24 13:00:00,31,12,,19,4,12,18,13
1818,05/26/24 14:00:00,46,26,,42,11,26,36,26
1819,05/26/24 15:00:00,86,44,,69,18,43,64,41
1820,05/26/24 16:00:00,143,92,,119,33,76,127,76
1821,05/26/24 17:00:00,152,126,,156,41,93,166,103
1822,05/26/24 18:00:00,281,163,,223,72,132,212,168
1823,05/26/24 19:00:00,472,348,,309,183,132,362,372
1824,05/26/24 20:00:00,373,337,,332,221,163,356,374
1825,05/26/24 21:00:00,279,214,,326,187,201,292,311
1826,05/26/24 22:00:00,229,197,,309,167,204,292,308
1827,05/26/24 23:00:00,353,206,,327,181,216,299,322
1828,05/27/24 00:00:00,214,173,,277,151,177,248,264
1829,05/27/24 01:00:00,171,124,,197,107,124,181,193
1830,05/27/24 02:00:00,109,109,,177,97,113,159,171
1831,05/27/24 03:00:00,161,104,,176,88,129,173,187
1832,05/27/24 04:00:00,147,99,,168,93,108,143,156
1833,05/27/24 05:00:00,104,69,,113,59,74,104,111
1834,05/27/24 06:00:00,52,52,,83,44,54,76,82
1835,05/27/24 07:00:00,48,29,,49,24,32,46,48
1836,05/27/24 08:00:00,29,22,,42,18,27,36,36
1837,05/27/24 09:00:00,13,13,,24,11,14,21,22
1838,05/27/24 10:00:00,7,4,,9,3,4,8,8
1839,05/27/24 11:00:00,11,6,,11,4,6,9,9
1840,05/27/24 12:00:00,18,8,,14,4,8,12,13
1841,05/27/24 13:00:00,34,16,,24,9,14,22,23
1842,05/27/24 14:00:00,42,26,,42,17,27,39,41
1843,05/27/24 15:00:00,124,49,,73,29,49,73,76
1844,05/27/24 16:00:00,126,83,,126,54,81,119,123
1845,05/27/24 17:00:00,157,111,,166,82,101,151,156
1846,05/27/24 18:00:00,192,117,,183,92,118,168,176
1847,05/27/24 19:00:00,187,129,,203,107,133,189,199
1848,05/27/24 20:00:00,236,142,,222,119,144,207,218
1849,05/27/24 21:00:00,354,253,,356,213,219,323,351
1850,05/27/24 22:00:00,363,244,,367,211,238,331,367
1851,05/27/24 23:00:00,272,227,,357,201,231,318,352
1852,05/28/24 00:00:00,378,168,,274,142,171,239,257
1853,05/28/24 01:00:00,176,153,,254,127,154,219,234
1854,05/28/24 02:00:00,118,98,,162,78,103,146,154
1855,05/28/24 03:00:00,204,96,,169,91,132,149,173
1856,05/28/24 04:00:00,106,88,,152,78,98,127,141
1857,05/28/24 05:00:00,99,66,,121,63,78,94,107
1858,05/28/24 06:00:00,64,46,,78,41,48,63,72
1859,05/28/24 07:00:00,38,32,,57,28,36,46,52
1860,05/28/24 08:00:00,22,19,,36,17,22,28,32
1861,05/28/24 09:00:00,14,9,,18,8,12,16,18
1862,05/28/24 10:00:00,12,8,,14,6,9,12,13
1863,05/28/24 11:00:00,14,7,,13,6,7,11,12
1864,05/28/24 12:00:00,21,11,,19,8,12,17,18
1865,05/28/24 13:00:00,29,18,,29,12,18,26,27
1866,05/28/24 14:00:00,56,28,,43,21,26,38,39
1867,05/28/24 15:00:00,88,49,,74,34,42,66,67
1868,05/28/24 16:00:00,127,82,,113,57,66,99,104
1869,05/28/24 17:00:00,184,119,,164,82,94,156,162
1870,05/28/24 18:00:00,259,171,,226,116,126,209,218
1871,05/28/24 19:00:00,307,236,,282,156,158,281,297
1872,05/28/24 20:00:00,371,293,,349,214,198,336,368
1873,05/28/24 21:00:00,419,314,,401,263,242,358,408
1874,05/28/24 22:00:00,278,274,,381,257,249,356,421
1875,05/28/24 23:00:00,439,196,,338,197,182,272,306
1876,05/29/24 00:00:00,254,173,,314,182,153,206,208
1877,05/29/24 01:00:00,172,148,,257,142,144,193,203
1878,05/29/24 02:00:00,196,127,,197,108,116,169,182
1879,05/29/24 03:00:00,281,119,,267,173,182,181,236
1880,05/29/24 04:00:00,94,58,,206,103,174,141,126
1881,05/29/24 05:00:00,29,29,,276,46,278,158,53
1882,05/29/24 06:00:00,22,19,,199,23,238,153,24
1883,05/29/24 07:00:00,18,16,,216,18,191,94,18
1884,05/29/24 08:00:00,13,16,,158,14,122,36,14
1885,05/29/24 09:00:00,11,34,,93,16,52,44,12
1886,05/29/24 10:00:00,12,14,,81,11,14,56,11
1887,05/29/24 11:00:00,12,21,,84,8,12,54,11
1888,05/29/24 12:00:00,17,29,,93,12,12,68,12
1889,05/29/24 13:00:00,22,52,,113,13,14,104,14
1890,05/29/24 14:00:00,33,92,,28,16,18,159,21
1891,05/29/24 15:00:00,98,203,,33,18,22,222,58
1892,05/29/24 16:00:00,291,341,,62,18,22,304,279
1893,05/29/24 17:00:00,383,446,,218,22,23,381,404
1894,05/29/24 18:00:00,479,551,,48,28,24,456,472
1895,05/29/24 19:00:00,563,639,,221,41,24,516,544
1896,05/29/24 20:00:00,633,732,,517,246,28,576,626
1897,05/29/24 21:00:00,683,778,,561,627,252,607,681
1898,05/29/24 22:00:00,121,744,,581,733,581,259,719
1899,05/29/24 23:00:00,669,112,,582,714,583,212,722
1900,05/30/24 00:00:00,601,56,,554,768,561,66,694
1901,05/30/24 01:00:00,578,52,,547,732,528,467,594
1902,05/30/24 02:00:00,519,51,,533,694,506,72,562
1903,05/30/24 03:00:00,444,43,,489,568,461,63,503
1904,05/30/24 04:00:00,66,36,,432,162,387,234,73
1905,05/30/24 05:00:00,52,34,,342,56,322,168,56
1906,05/30/24 06:00:00,36,28,,211,39,244,158,41
1907,05/30/24 07:00:00,26,23,,221,28,193,99,29
1908,05/30/24 08:00:00,19,19,,167,21,129,43,22
1909,05/30/24 09:00:00,13,34,,92,17,51,48,16
1910,05/30/24 10:00:00,11,14,,78,11,14,56,11
1911,05/30/24 11:00:00,12,18,,77,8,12,52,9
1912,05/30/24 12:00:00,14,18,,51,7,9,42,12
1913,05/30/24 13:00:00,24,48,,101,12,14,103,16
1914,05/30/24 14:00:00,37,93,,33,16,19,163,24
1915,05/30/24 15:00:00,88,184,,39,18,23,213,53
1916,05/30/24 16:00:00,293,323,,64,21,24,289,252
1917,05/30/24 17:00:00,387,446,,221,23,24,381,393
1918,05/30/24 18:00:00,479,553,,53,31,27,461,469
1919,05/30/24 19:00:00,572,653,,223,41,27,528,549
1920,05/30/24 20:00:00,642,739,,523,242,27,583,624
1921,05/30/24 21:00:00,691,788,,568,621,258,616,681
1922,05/30/24 22:00:00,113,766,,598,763,574,264,723
1923,05/30/24 23:00:00,694,112,,602,732,602,219,734
1924,05/31/24 00:00:00,653,46,,574,809,589,48,719
