{"chunk_definitions":[{"row":23,"row_count":1,"visible":true,"expansion_state":0,"options":{"engine":"r","label":"unnamed-chunk-10"},"document_id":"596D23D8","chunk_id":"cc8h2f7muz64u","chunk_label":"unnamed-chunk-1"},{"row":49,"row_count":1,"visible":true,"expansion_state":0,"options":{"engine":"r","label":"unnamed-chunk-48"},"document_id":"596D23D8","chunk_id":"c712z59rjmbbj","chunk_label":"unnamed-chunk-4"},{"row":74,"row_count":1,"visible":true,"expansion_state":0,"options":{"engine":"r","label":"unnamed-chunk-44"},"document_id":"596D23D8","chunk_id":"cb5h3j2qj7pd2","chunk_label":"unnamed-chunk-5"},{"row":92,"row_count":1,"visible":true,"expansion_state":0,"options":{"engine":"r","label":"unnamed-chunk-49"},"document_id":"596D23D8","chunk_id":"c9c8gay6jwya7","chunk_label":"unnamed-chunk-7"},{"row":149,"row_count":1,"visible":true,"expansion_state":0,"options":{"engine":"r","label":"unnamed-chunk-27"},"document_id":"596D23D8","chunk_id":"cynbgyhq5r9yr","chunk_label":"unnamed-chunk-8"}],"doc_write_time":1678556368,"chunk_rendered_width":700}